solid OpenSCAD_Model
  facet normal -0.70709 -0 -0.707124
    outer loop
      vertex -76 18.5041 1.05065
      vertex -74.9493 16.2216 0
      vertex -76 15.8593 1.05065
    endloop
  endfacet
  facet normal -0.70709 0 -0.707124
    outer loop
      vertex -74.9493 16.2216 0
      vertex -76 18.5041 1.05065
      vertex -74.9493 18.9393 0
    endloop
  endfacet
  facet normal -0.70709 -7.34629e-18 -0.707124
    outer loop
      vertex -76 3.03999 1.05065
      vertex -74.9493 9.47845 0
      vertex -74.9493 1.98934 0
    endloop
  endfacet
  facet normal -0.70709 -8.08987e-18 -0.707124
    outer loop
      vertex -74.9493 9.47845 0
      vertex -76 3.03999 1.05065
      vertex -76 9.84074 1.05065
    endloop
  endfacet
  facet normal -0.70709 -2.02433e-17 -0.707124
    outer loop
      vertex -76 -18.5041 1.05065
      vertex -74.9493 -16.2215 0
      vertex -74.9493 -18.9393 0
    endloop
  endfacet
  facet normal -0.70709 -2.0802e-17 -0.707124
    outer loop
      vertex -74.9493 -16.2215 0
      vertex -76 -18.5041 1.05065
      vertex -76 -15.8593 1.05065
    endloop
  endfacet
  facet normal -0.70709 -0 -0.707124
    outer loop
      vertex -76 -3.04 1.05065
      vertex -74.9493 -9.47843 0
      vertex -76 -9.84073 1.05065
    endloop
  endfacet
  facet normal -0.70709 0 -0.707124
    outer loop
      vertex -74.9493 -9.47843 0
      vertex -76 -3.04 1.05065
      vertex -74.9493 -1.98935 0
    endloop
  endfacet
  facet normal -0.707102 -0.499991 -0.500015
    outer loop
      vertex -74.9493 -20 1.06065
      vertex -76 -18.9393 1.48586
      vertex -74.9493 -18.9393 0
    endloop
  endfacet
  facet normal -0.707106 -0.500001 -0.500001
    outer loop
      vertex -76 -18.9393 1.48586
      vertex -74.9493 -20 1.06065
      vertex -76 -18.9493 1.49586
    endloop
  endfacet
  facet normal -7.28113e-19 0.707107 0.707107
    outer loop
      vertex -8.28427 20 10.9393
      vertex -74.9493 18.9393 12
      vertex -7.84493 18.9393 12
    endloop
  endfacet
  facet normal -7.32911e-19 0.707107 0.707107
    outer loop
      vertex -74.9493 18.9393 12
      vertex -8.28427 20 10.9393
      vertex -74.9493 20 10.9393
    endloop
  endfacet
  facet normal -0 0.707107 0.707107
    outer loop
      vertex 48.2843 20 10.9393
      vertex 74.9393 18.9393 12
      vertex 74.9393 20 10.9393
    endloop
  endfacet
  facet normal 0 0.707107 0.707107
    outer loop
      vertex 74.9393 18.9393 12
      vertex 48.2843 20 10.9393
      vertex 45.7236 18.9393 12
    endloop
  endfacet
  facet normal -0.707103 0.500002 0.500002
    outer loop
      vertex -76 18.5141 10.9393
      vertex -74.9493 18.9393 12
      vertex -74.9493 20 10.9393
    endloop
  endfacet
  facet normal -0.707103 0.500002 0.500002
    outer loop
      vertex -74.9493 18.9393 12
      vertex -76 18.5141 10.9393
      vertex -76 18.5041 10.9493
    endloop
  endfacet
  facet normal -0.707103 -0.500002 0.500002
    outer loop
      vertex -76 -18.9493 10.5041
      vertex -74.9493 -18.9393 12
      vertex -76 -18.5041 10.9493
    endloop
  endfacet
  facet normal -0.707103 -0.500002 0.500002
    outer loop
      vertex -74.9493 -18.9393 12
      vertex -76 -18.9493 10.5041
      vertex -74.9493 -20 10.9393
    endloop
  endfacet
  facet normal 0 0 -1
    outer loop
      vertex 41.5268 64.4676 0
      vertex 39.598 66.3822 0
      vertex 39.6051 66.3893 0
    endloop
  endfacet
  facet normal 0 0 1
    outer loop
      vertex 41.5268 64.4676 0
      vertex 39.598 66.3823 0
      vertex 39.598 66.3822 0
    endloop
  endfacet
  facet normal 0 0 -1
    outer loop
      vertex -7.84493 18.9393 0
      vertex 41.5268 64.4676 0
      vertex -6.71919 16.2216 0
    endloop
  endfacet
  facet normal -0 0 -1
    outer loop
      vertex 41.5268 64.4676 0
      vertex -7.84493 18.9393 0
      vertex 39.598 66.3823 0
    endloop
  endfacet
  facet normal 0 0 -1
    outer loop
      vertex -74.9493 16.2216 0
      vertex -7.84493 18.9393 0
      vertex -6.71919 16.2216 0
    endloop
  endfacet
  facet normal -0 0 -1
    outer loop
      vertex -7.84493 18.9393 0
      vertex -74.9493 16.2216 0
      vertex -74.9493 18.9393 0
    endloop
  endfacet
  facet normal 0 0 -1
    outer loop
      vertex -64.4676 -41.5268 0
      vertex -45.7236 -18.9393 0
      vertex -39.1623 -16.2215 0
    endloop
  endfacet
  facet normal 0 0 -1
    outer loop
      vertex -45.7236 -18.9393 0
      vertex -64.4676 -41.5268 0
      vertex -66.3893 -39.605 0
    endloop
  endfacet
  facet normal 0 0 -1
    outer loop
      vertex -74.9493 -16.2215 0
      vertex -45.7236 -18.9393 0
      vertex -74.9493 -18.9393 0
    endloop
  endfacet
  facet normal 0 0 -1
    outer loop
      vertex -45.7236 -18.9393 0
      vertex -74.9493 -16.2215 0
      vertex -39.1623 -16.2215 0
    endloop
  endfacet
  facet normal 0 0 -1
    outer loop
      vertex 74.9493 16.2216 0
      vertex 74.9393 18.9393 0
      vertex 74.9493 18.9393 0
    endloop
  endfacet
  facet normal 0 0 -1
    outer loop
      vertex 74.9493 16.2216 0
      vertex 45.7236 18.9393 0
      vertex 74.9393 18.9393 0
    endloop
  endfacet
  facet normal 0 -0 -1
    outer loop
      vertex 45.7236 18.9393 0
      vertex 74.9493 16.2216 0
      vertex 39.1623 16.2216 0
    endloop
  endfacet
  facet normal 0 0 -1
    outer loop
      vertex 45.7236 18.9393 0
      vertex 64.4676 41.5268 0
      vertex 66.3893 39.6051 0
    endloop
  endfacet
  facet normal 0 0 -1
    outer loop
      vertex 64.4676 41.5268 0
      vertex 45.7236 18.9393 0
      vertex 39.1623 16.2216 0
    endloop
  endfacet
  facet normal 0 0 -1
    outer loop
      vertex 7.84493 -18.9393 0
      vertex 74.9493 -16.2215 0
      vertex 74.9493 -18.9393 0
    endloop
  endfacet
  facet normal 0 0 -1
    outer loop
      vertex 7.84493 -18.9393 0
      vertex 6.71919 -16.2215 0
      vertex 74.9493 -16.2215 0
    endloop
  endfacet
  facet normal 0 0 -1
    outer loop
      vertex -41.5268 -64.4676 0
      vertex 7.84493 -18.9393 0
      vertex -39.6051 -66.3893 0
    endloop
  endfacet
  facet normal -0 0 -1
    outer loop
      vertex 7.84493 -18.9393 0
      vertex -41.5268 -64.4676 0
      vertex 6.71919 -16.2215 0
    endloop
  endfacet
  facet normal 0 0 -1
    outer loop
      vertex -74.9493 -1.98935 0
      vertex -82.8795 1.98934 0
      vertex -74.9493 1.98934 0
    endloop
  endfacet
  facet normal 0 0 -1
    outer loop
      vertex -82.8795 -1.98935 0
      vertex -82.8795 1.98934 0
      vertex -74.9493 -1.98935 0
    endloop
  endfacet
  facet normal 0 0 -1
    outer loop
      vertex -83.2369 -2.75 0
      vertex -82.8795 -1.98935 0
      vertex -82.9187 -2.10476 0
    endloop
  endfacet
  facet normal -0 0 -1
    outer loop
      vertex -82.8795 -1.98935 0
      vertex -83.2369 -2.75 0
      vertex -82.8795 1.98934 0
    endloop
  endfacet
  facet normal 0 0 -1
    outer loop
      vertex -83.2369 2.75 0
      vertex -82.8795 1.98934 0
      vertex -83.2369 -2.75 0
    endloop
  endfacet
  facet normal 0 0 -1
    outer loop
      vertex -82.8795 1.98934 0
      vertex -83.2369 2.75 0
      vertex -82.9187 2.10476 0
    endloop
  endfacet
  facet normal 0 0 -1
    outer loop
      vertex -83.6366 -3.34819 0
      vertex -83.2369 2.75 0
      vertex -83.2369 -2.75 0
    endloop
  endfacet
  facet normal 0 0 -1
    outer loop
      vertex -83.6366 -3.34819 0
      vertex -83.6366 3.34819 0
      vertex -83.2369 2.75 0
    endloop
  endfacet
  facet normal 0 0 -1
    outer loop
      vertex -84.1109 -3.88909 0
      vertex -83.6366 3.34819 0
      vertex -83.6366 -3.34819 0
    endloop
  endfacet
  facet normal 0 0 -1
    outer loop
      vertex -84.1109 -3.88909 0
      vertex -84.1109 3.88909 0
      vertex -83.6366 3.34819 0
    endloop
  endfacet
  facet normal 0 0 -1
    outer loop
      vertex -84.6518 -4.36344 0
      vertex -84.1109 3.88909 0
      vertex -84.1109 -3.88909 0
    endloop
  endfacet
  facet normal 0 0 -1
    outer loop
      vertex -84.6518 -4.36344 0
      vertex -84.6518 4.36344 0
      vertex -84.1109 3.88909 0
    endloop
  endfacet
  facet normal 0 0 -1
    outer loop
      vertex -85.25 -4.76314 0
      vertex -84.6518 4.36344 0
      vertex -84.6518 -4.36344 0
    endloop
  endfacet
  facet normal 0 0 -1
    outer loop
      vertex -85.25 -4.76314 0
      vertex -85.25 4.76314 0
      vertex -84.6518 4.36344 0
    endloop
  endfacet
  facet normal 0 0 -1
    outer loop
      vertex -85.8952 -5.08134 0
      vertex -85.25 4.76314 0
      vertex -85.25 -4.76314 0
    endloop
  endfacet
  facet normal 0 0 -1
    outer loop
      vertex -85.8952 -5.08134 0
      vertex -85.8952 5.08134 0
      vertex -85.25 4.76314 0
    endloop
  endfacet
  facet normal 0 0 -1
    outer loop
      vertex -86.5765 -5.31259 0
      vertex -85.8952 5.08134 0
      vertex -85.8952 -5.08134 0
    endloop
  endfacet
  facet normal 0 0 -1
    outer loop
      vertex -86.5765 -5.31259 0
      vertex -86.5765 5.31259 0
      vertex -85.8952 5.08134 0
    endloop
  endfacet
  facet normal 0 0 -1
    outer loop
      vertex -87.2821 -5.45295 0
      vertex -86.5765 5.31259 0
      vertex -86.5765 -5.31259 0
    endloop
  endfacet
  facet normal 0 0 -1
    outer loop
      vertex -87.2821 -5.45295 0
      vertex -87.2821 5.45295 0
      vertex -86.5765 5.31259 0
    endloop
  endfacet
  facet normal 0 0 -1
    outer loop
      vertex -88 -5.5 0
      vertex -87.2821 5.45295 0
      vertex -87.2821 -5.45295 0
    endloop
  endfacet
  facet normal 0 0 -1
    outer loop
      vertex -88 -5.5 0
      vertex -88 5.5 0
      vertex -87.2821 5.45295 0
    endloop
  endfacet
  facet normal 0 0 -1
    outer loop
      vertex -88.7179 -5.45295 0
      vertex -88 5.5 0
      vertex -88 -5.5 0
    endloop
  endfacet
  facet normal 0 0 -1
    outer loop
      vertex -88.7179 -5.45295 0
      vertex -88.7179 5.45295 0
      vertex -88 5.5 0
    endloop
  endfacet
  facet normal 0 0 -1
    outer loop
      vertex -89.4235 -5.31259 0
      vertex -88.7179 5.45295 0
      vertex -88.7179 -5.45295 0
    endloop
  endfacet
  facet normal 0 0 -1
    outer loop
      vertex -89.4235 -5.31259 0
      vertex -89.4235 5.31259 0
      vertex -88.7179 5.45295 0
    endloop
  endfacet
  facet normal 0 0 -1
    outer loop
      vertex -90.1048 -5.08134 0
      vertex -89.4235 5.31259 0
      vertex -89.4235 -5.31259 0
    endloop
  endfacet
  facet normal 0 0 -1
    outer loop
      vertex -90.1048 -5.08134 0
      vertex -90.1048 5.08134 0
      vertex -89.4235 5.31259 0
    endloop
  endfacet
  facet normal 0 0 -1
    outer loop
      vertex -90.75 -4.76314 0
      vertex -90.1048 5.08134 0
      vertex -90.1048 -5.08134 0
    endloop
  endfacet
  facet normal 0 0 -1
    outer loop
      vertex -90.75 -4.76314 0
      vertex -90.75 4.76314 0
      vertex -90.1048 5.08134 0
    endloop
  endfacet
  facet normal 0 0 -1
    outer loop
      vertex -91.3482 -4.36344 0
      vertex -90.75 4.76314 0
      vertex -90.75 -4.76314 0
    endloop
  endfacet
  facet normal 0 0 -1
    outer loop
      vertex -91.3482 -4.36344 0
      vertex -91.3482 4.36344 0
      vertex -90.75 4.76314 0
    endloop
  endfacet
  facet normal 0 0 -1
    outer loop
      vertex -91.8891 -3.88909 0
      vertex -91.3482 4.36344 0
      vertex -91.3482 -4.36344 0
    endloop
  endfacet
  facet normal 0 0 -1
    outer loop
      vertex -91.8891 -3.88909 0
      vertex -91.8891 3.88909 0
      vertex -91.3482 4.36344 0
    endloop
  endfacet
  facet normal 0 0 -1
    outer loop
      vertex -92.3634 -3.34819 0
      vertex -91.8891 3.88909 0
      vertex -91.8891 -3.88909 0
    endloop
  endfacet
  facet normal 0 0 -1
    outer loop
      vertex -92.3634 -3.34819 0
      vertex -92.3634 3.34819 0
      vertex -91.8891 3.88909 0
    endloop
  endfacet
  facet normal 0 0 -1
    outer loop
      vertex -92.7631 -2.75 0
      vertex -92.3634 3.34819 0
      vertex -92.3634 -3.34819 0
    endloop
  endfacet
  facet normal 0 0 -1
    outer loop
      vertex -92.7631 -2.75 0
      vertex -92.7631 2.75 0
      vertex -92.3634 3.34819 0
    endloop
  endfacet
  facet normal 0 0 -1
    outer loop
      vertex -93.0813 -2.10476 0
      vertex -92.7631 2.75 0
      vertex -92.7631 -2.75 0
    endloop
  endfacet
  facet normal 0 0 -1
    outer loop
      vertex -93.0813 -2.10476 0
      vertex -93.0813 2.10476 0
      vertex -92.7631 2.75 0
    endloop
  endfacet
  facet normal 0 0 -1
    outer loop
      vertex -93.3126 -1.4235 0
      vertex -93.0813 2.10476 0
      vertex -93.0813 -2.10476 0
    endloop
  endfacet
  facet normal 0 0 -1
    outer loop
      vertex -93.3126 -1.4235 0
      vertex -93.3126 1.4235 0
      vertex -93.0813 2.10476 0
    endloop
  endfacet
  facet normal 0 0 -1
    outer loop
      vertex -93.4529 -0.717894 0
      vertex -93.3126 1.4235 0
      vertex -93.3126 -1.4235 0
    endloop
  endfacet
  facet normal 0 0 -1
    outer loop
      vertex -93.4529 -0.717894 0
      vertex -93.4529 0.717894 0
      vertex -93.3126 1.4235 0
    endloop
  endfacet
  facet normal 0 -0 -1
    outer loop
      vertex -93.4529 0.717894 0
      vertex -93.4529 -0.717894 0
      vertex -93.5 0 0
    endloop
  endfacet
  facet normal 0 0 -1
    outer loop
      vertex -74.9493 -1.98935 0
      vertex -32.4192 -9.47843 0
      vertex -74.9493 -9.47843 0
    endloop
  endfacet
  facet normal 0 0 -1
    outer loop
      vertex -74.9493 1.98934 0
      vertex -32.4192 -9.47843 0
      vertex -74.9493 -1.98935 0
    endloop
  endfacet
  facet normal 0 0 -1
    outer loop
      vertex -74.9493 9.47845 0
      vertex -32.4192 -9.47843 0
      vertex -74.9493 1.98934 0
    endloop
  endfacet
  facet normal 0 0 -1
    outer loop
      vertex -32.4192 -9.47843 0
      vertex -74.9493 9.47845 0
      vertex -13.4623 9.47845 0
    endloop
  endfacet
  facet normal 0 0 -1
    outer loop
      vertex 69.6574 -4.35491 0
      vertex 74.9493 -4.20075 0
      vertex 74.9493 -9.47843 0
    endloop
  endfacet
  facet normal -0 0 -1
    outer loop
      vertex 74.9493 -4.20075 0
      vertex 69.6646 -4.34664 0
      vertex 69.7621 -4.20075 0
    endloop
  endfacet
  facet normal 0 0 -1
    outer loop
      vertex 74.9493 -4.20075 0
      vertex 69.6574 -4.35491 0
      vertex 69.6646 -4.34664 0
    endloop
  endfacet
  facet normal 0 0 -1
    outer loop
      vertex 74.9493 -9.47843 0
      vertex 69.0488 -5.04883 0
      vertex 69.6574 -4.35491 0
    endloop
  endfacet
  facet normal 0 0 -1
    outer loop
      vertex 74.9493 -9.47843 0
      vertex 69.0406 -5.05609 0
      vertex 69.0488 -5.04883 0
    endloop
  endfacet
  facet normal 0 0 -1
    outer loop
      vertex 74.9493 -9.47843 0
      vertex 68.3466 -5.66465 0
      vertex 69.0406 -5.05609 0
    endloop
  endfacet
  facet normal 0 0 -1
    outer loop
      vertex 74.9493 -9.47843 0
      vertex 68.3375 -5.67076 0
      vertex 68.3466 -5.66465 0
    endloop
  endfacet
  facet normal 0 0 -1
    outer loop
      vertex 74.9493 -9.47843 0
      vertex 67.5701 -6.18353 0
      vertex 68.3375 -5.67076 0
    endloop
  endfacet
  facet normal 0 0 -1
    outer loop
      vertex 74.9493 -9.47843 0
      vertex 67.5602 -6.1884 0
      vertex 67.5701 -6.18353 0
    endloop
  endfacet
  facet normal 0 0 -1
    outer loop
      vertex 74.9493 -9.47843 0
      vertex 66.7324 -6.59662 0
      vertex 67.5602 -6.1884 0
    endloop
  endfacet
  facet normal 0 0 -1
    outer loop
      vertex 74.9493 -9.47843 0
      vertex 66.722 -6.60016 0
      vertex 66.7324 -6.59662 0
    endloop
  endfacet
  facet normal 0 0 -1
    outer loop
      vertex 74.9493 -9.47843 0
      vertex 65.848 -6.89684 0
      vertex 66.722 -6.60016 0
    endloop
  endfacet
  facet normal 0 0 -1
    outer loop
      vertex 74.9493 -9.47843 0
      vertex 65.8372 -6.89898 0
      vertex 65.848 -6.89684 0
    endloop
  endfacet
  facet normal 0 0 -1
    outer loop
      vertex 74.9493 -9.47843 0
      vertex 64.932 -7.07905 0
      vertex 65.8372 -6.89898 0
    endloop
  endfacet
  facet normal 0 0 -1
    outer loop
      vertex 74.9493 -9.47843 0
      vertex 64.921 -7.07977 0
      vertex 64.932 -7.07905 0
    endloop
  endfacet
  facet normal 0 0 -1
    outer loop
      vertex 74.9493 -9.47843 0
      vertex 64 -7.14013 0
      vertex 64.921 -7.07977 0
    endloop
  endfacet
  facet normal 0 0 -1
    outer loop
      vertex 74.9493 -9.47843 0
      vertex 63.989 -7.13941 0
      vertex 64 -7.14013 0
    endloop
  endfacet
  facet normal 0 0 -1
    outer loop
      vertex 74.9493 -9.47843 0
      vertex 63.068 -7.07905 0
      vertex 63.989 -7.13941 0
    endloop
  endfacet
  facet normal 0 0 -1
    outer loop
      vertex 13.4623 -9.47843 0
      vertex 63.068 -7.07905 0
      vertex 74.9493 -9.47843 0
    endloop
  endfacet
  facet normal -0 0 -1
    outer loop
      vertex 63.068 -7.07905 0
      vertex 13.4623 -9.47843 0
      vertex 63.0572 -7.0769 0
    endloop
  endfacet
  facet normal 0 0 -1
    outer loop
      vertex 62.152 -6.89684 0
      vertex 61.2676 -6.59662 0
      vertex 62.1416 -6.8933 0
    endloop
  endfacet
  facet normal 0 0 1
    outer loop
      vertex 61.2676 -6.59662 0
      vertex 60.4299 -6.18353 0
      vertex 61.2577 -6.59175 0
    endloop
  endfacet
  facet normal 0 0 -1
    outer loop
      vertex 13.4623 -9.47843 0
      vertex 59.6451 -5.65739 0
      vertex 59.6534 -5.66465 0
    endloop
  endfacet
  facet normal 0 0 -1
    outer loop
      vertex 13.4623 -9.47843 0
      vertex 58.3292 -4.33748 0
      vertex 58.3354 -4.34664 0
    endloop
  endfacet
  facet normal 0 0 -1
    outer loop
      vertex 32.4192 9.47845 0
      vertex 57.3998 -2.72198 0
      vertex 57.4034 -2.73241 0
    endloop
  endfacet
  facet normal 0 0 -1
    outer loop
      vertex 32.4192 9.47845 0
      vertex 57.101 -1.8372 0
      vertex 57.1032 -1.848 0
    endloop
  endfacet
  facet normal 0 0 -1
    outer loop
      vertex 56.9202 -0.920988 0
      vertex 32.4192 9.47845 0
      vertex 56.8599 0 0
    endloop
  endfacet
  facet normal 0 0 -1
    outer loop
      vertex 56.921 -0.931974 0
      vertex 32.4192 9.47845 0
      vertex 56.9202 -0.920988 0
    endloop
  endfacet
  facet normal 0 0 -1
    outer loop
      vertex 57.101 -1.8372 0
      vertex 32.4192 9.47845 0
      vertex 56.921 -0.931974 0
    endloop
  endfacet
  facet normal 0 0 -1
    outer loop
      vertex 57.3998 -2.72198 0
      vertex 32.4192 9.47845 0
      vertex 57.1032 -1.848 0
    endloop
  endfacet
  facet normal 0 0 -1
    outer loop
      vertex 57.8116 -3.56019 0
      vertex 32.4192 9.47845 0
      vertex 57.4034 -2.73241 0
    endloop
  endfacet
  facet normal 0 0 -1
    outer loop
      vertex 13.4623 -9.47843 0
      vertex 57.8116 -3.56019 0
      vertex 57.8165 -3.57007 0
    endloop
  endfacet
  facet normal -0 0 -1
    outer loop
      vertex 58.3292 -4.33748 0
      vertex 13.4623 -9.47843 0
      vertex 57.8165 -3.57007 0
    endloop
  endfacet
  facet normal 0 0 -1
    outer loop
      vertex 13.4623 -9.47843 0
      vertex 58.3354 -4.34664 0
      vertex 58.9439 -5.04056 0
    endloop
  endfacet
  facet normal 0 0 -1
    outer loop
      vertex 13.4623 -9.47843 0
      vertex 58.9439 -5.04056 0
      vertex 58.9512 -5.04883 0
    endloop
  endfacet
  facet normal -0 0 -1
    outer loop
      vertex 59.6451 -5.65739 0
      vertex 13.4623 -9.47843 0
      vertex 58.9512 -5.04883 0
    endloop
  endfacet
  facet normal 0 0 -1
    outer loop
      vertex 13.4623 -9.47843 0
      vertex 59.6534 -5.66465 0
      vertex 60.4208 -6.17742 0
    endloop
  endfacet
  facet normal 0 0 -1
    outer loop
      vertex 13.4623 -9.47843 0
      vertex 60.4208 -6.17742 0
      vertex 60.4299 -6.18353 0
    endloop
  endfacet
  facet normal -0 0 -1
    outer loop
      vertex 57.8116 -3.56019 0
      vertex 13.4623 -9.47843 0
      vertex 32.4192 9.47845 0
    endloop
  endfacet
  facet normal -0 0 -1
    outer loop
      vertex 61.2676 -6.59662 0
      vertex 13.4623 -9.47843 0
      vertex 60.4299 -6.18353 0
    endloop
  endfacet
  facet normal -0 0 -1
    outer loop
      vertex 62.152 -6.89684 0
      vertex 13.4623 -9.47843 0
      vertex 61.2676 -6.59662 0
    endloop
  endfacet
  facet normal -0 0 -1
    outer loop
      vertex 63.0572 -7.0769 0
      vertex 13.4623 -9.47843 0
      vertex 62.152 -6.89684 0
    endloop
  endfacet
  facet normal 0 0 -1
    outer loop
      vertex 69.6708 4.33748 0
      vertex 74.9493 4.20075 0
      vertex 69.7621 4.20075 0
    endloop
  endfacet
  facet normal 0 0 -1
    outer loop
      vertex 69.6646 4.34664 0
      vertex 74.9493 4.20075 0
      vertex 69.6708 4.33748 0
    endloop
  endfacet
  facet normal 0 0 -1
    outer loop
      vertex 74.9493 4.20075 0
      vertex 69.6646 4.34664 0
      vertex 74.9493 9.47845 0
    endloop
  endfacet
  facet normal 0 0 -1
    outer loop
      vertex 69.0561 5.04056 0
      vertex 74.9493 9.47845 0
      vertex 69.6646 4.34664 0
    endloop
  endfacet
  facet normal 0 0 -1
    outer loop
      vertex 69.0488 5.04883 0
      vertex 74.9493 9.47845 0
      vertex 69.0561 5.04056 0
    endloop
  endfacet
  facet normal 0 0 -1
    outer loop
      vertex 68.3549 5.65739 0
      vertex 74.9493 9.47845 0
      vertex 69.0488 5.04883 0
    endloop
  endfacet
  facet normal 0 0 -1
    outer loop
      vertex 68.3466 5.66465 0
      vertex 74.9493 9.47845 0
      vertex 68.3549 5.65739 0
    endloop
  endfacet
  facet normal 0 0 -1
    outer loop
      vertex 67.5792 6.17742 0
      vertex 74.9493 9.47845 0
      vertex 68.3466 5.66465 0
    endloop
  endfacet
  facet normal 0 0 -1
    outer loop
      vertex 67.5701 6.18353 0
      vertex 74.9493 9.47845 0
      vertex 67.5792 6.17742 0
    endloop
  endfacet
  facet normal 0 0 -1
    outer loop
      vertex 66.7423 6.59175 0
      vertex 74.9493 9.47845 0
      vertex 67.5701 6.18353 0
    endloop
  endfacet
  facet normal 0 0 -1
    outer loop
      vertex 66.7324 6.59662 0
      vertex 74.9493 9.47845 0
      vertex 66.7423 6.59175 0
    endloop
  endfacet
  facet normal 0 0 -1
    outer loop
      vertex 65.8584 6.8933 0
      vertex 74.9493 9.47845 0
      vertex 66.7324 6.59662 0
    endloop
  endfacet
  facet normal 0 0 -1
    outer loop
      vertex 65.848 6.89684 0
      vertex 74.9493 9.47845 0
      vertex 65.8584 6.8933 0
    endloop
  endfacet
  facet normal 0 0 -1
    outer loop
      vertex 64.9428 7.0769 0
      vertex 74.9493 9.47845 0
      vertex 65.848 6.89684 0
    endloop
  endfacet
  facet normal 0 0 -1
    outer loop
      vertex 64.932 7.07905 0
      vertex 74.9493 9.47845 0
      vertex 64.9428 7.0769 0
    endloop
  endfacet
  facet normal 0 0 -1
    outer loop
      vertex 64.011 7.13941 0
      vertex 74.9493 9.47845 0
      vertex 64.932 7.07905 0
    endloop
  endfacet
  facet normal 0 0 -1
    outer loop
      vertex 64 7.14013 0
      vertex 74.9493 9.47845 0
      vertex 64.011 7.13941 0
    endloop
  endfacet
  facet normal 0 0 -1
    outer loop
      vertex 63.079 7.07977 0
      vertex 74.9493 9.47845 0
      vertex 64 7.14013 0
    endloop
  endfacet
  facet normal 0 0 -1
    outer loop
      vertex 63.068 7.07905 0
      vertex 74.9493 9.47845 0
      vertex 63.079 7.07977 0
    endloop
  endfacet
  facet normal 0 0 -1
    outer loop
      vertex 32.4192 9.47845 0
      vertex 63.068 7.07905 0
      vertex 62.1628 6.89898 0
    endloop
  endfacet
  facet normal 0 0 -1
    outer loop
      vertex 32.4192 9.47845 0
      vertex 62.1628 6.89898 0
      vertex 62.152 6.89684 0
    endloop
  endfacet
  facet normal 0 0 -1
    outer loop
      vertex 32.4192 9.47845 0
      vertex 59.6625 5.67076 0
      vertex 59.6534 5.66465 0
    endloop
  endfacet
  facet normal 0 0 -1
    outer loop
      vertex 32.4192 9.47845 0
      vertex 58.9594 5.05609 0
      vertex 58.9512 5.04883 0
    endloop
  endfacet
  facet normal 0 0 -1
    outer loop
      vertex 32.4192 9.47845 0
      vertex 58.3426 4.35491 0
      vertex 58.3354 4.34664 0
    endloop
  endfacet
  facet normal 0 0 -1
    outer loop
      vertex 32.4192 9.47845 0
      vertex 57.4082 2.74228 0
      vertex 57.4034 2.73241 0
    endloop
  endfacet
  facet normal 0 0 -1
    outer loop
      vertex 63.068 7.07905 0
      vertex 32.4192 9.47845 0
      vertex 74.9493 9.47845 0
    endloop
  endfacet
  facet normal 0 0 -1
    outer loop
      vertex 61.278 6.60016 0
      vertex 32.4192 9.47845 0
      vertex 62.152 6.89684 0
    endloop
  endfacet
  facet normal 0 0 -1
    outer loop
      vertex 61.2676 6.59662 0
      vertex 32.4192 9.47845 0
      vertex 61.278 6.60016 0
    endloop
  endfacet
  facet normal 0 0 -1
    outer loop
      vertex 60.4398 6.1884 0
      vertex 32.4192 9.47845 0
      vertex 61.2676 6.59662 0
    endloop
  endfacet
  facet normal 0 0 -1
    outer loop
      vertex 60.4299 6.18353 0
      vertex 32.4192 9.47845 0
      vertex 60.4398 6.1884 0
    endloop
  endfacet
  facet normal 0 0 -1
    outer loop
      vertex 59.6625 5.67076 0
      vertex 32.4192 9.47845 0
      vertex 60.4299 6.18353 0
    endloop
  endfacet
  facet normal 0 0 -1
    outer loop
      vertex 58.9594 5.05609 0
      vertex 32.4192 9.47845 0
      vertex 59.6534 5.66465 0
    endloop
  endfacet
  facet normal 0 0 -1
    outer loop
      vertex 58.3426 4.35491 0
      vertex 32.4192 9.47845 0
      vertex 58.9512 5.04883 0
    endloop
  endfacet
  facet normal 0 0 -1
    outer loop
      vertex 57.8226 3.57922 0
      vertex 32.4192 9.47845 0
      vertex 58.3354 4.34664 0
    endloop
  endfacet
  facet normal 0 0 -1
    outer loop
      vertex 57.8165 3.57007 0
      vertex 32.4192 9.47845 0
      vertex 57.8226 3.57922 0
    endloop
  endfacet
  facet normal 0 0 -1
    outer loop
      vertex 57.4082 2.74228 0
      vertex 32.4192 9.47845 0
      vertex 57.8165 3.57007 0
    endloop
  endfacet
  facet normal 0 0 -1
    outer loop
      vertex 57.1067 1.85843 0
      vertex 32.4192 9.47845 0
      vertex 57.4034 2.73241 0
    endloop
  endfacet
  facet normal 0 0 -1
    outer loop
      vertex 57.1032 1.848 0
      vertex 32.4192 9.47845 0
      vertex 57.1067 1.85843 0
    endloop
  endfacet
  facet normal 0 0 -1
    outer loop
      vertex 56.9231 0.942771 0
      vertex 32.4192 9.47845 0
      vertex 57.1032 1.848 0
    endloop
  endfacet
  facet normal 0 0 -1
    outer loop
      vertex 56.921 0.931974 0
      vertex 32.4192 9.47845 0
      vertex 56.9231 0.942771 0
    endloop
  endfacet
  facet normal 0 0 -1
    outer loop
      vertex 56.8606 0.0109857 0
      vertex 32.4192 9.47845 0
      vertex 56.921 0.931974 0
    endloop
  endfacet
  facet normal 0 0 -1
    outer loop
      vertex 32.4192 9.47845 0
      vertex 56.8606 0.0109857 0
      vertex 56.8599 0 0
    endloop
  endfacet
  facet normal 0 0 -1
    outer loop
      vertex 29.6261 16.2216 0
      vertex 54.4039 51.5905 0
      vertex 59.6995 46.2949 0
    endloop
  endfacet
  facet normal -0 0 -1
    outer loop
      vertex 54.4039 51.5905 0
      vertex 29.6261 16.2216 0
      vertex 51.5905 54.4039 0
    endloop
  endfacet
  facet normal -0 0 -1
    outer loop
      vertex 51.5905 54.4039 0
      vertex 29.6261 16.2216 0
      vertex 46.2949 59.6995 0
    endloop
  endfacet
  facet normal 0 0 -1
    outer loop
      vertex 46.2949 59.6995 0
      vertex 29.6261 16.2216 0
      vertex 2.81702 16.2216 0
    endloop
  endfacet
  facet normal 0 0 -1
    outer loop
      vertex 67.6783 61.5075 0
      vertex 67.6783 62.9433 0
      vertex 67.7254 62.2254 0
    endloop
  endfacet
  facet normal 0 0 -1
    outer loop
      vertex 67.538 60.8019 0
      vertex 67.6783 62.9433 0
      vertex 67.6783 61.5075 0
    endloop
  endfacet
  facet normal 0 0 -1
    outer loop
      vertex 67.538 60.8019 0
      vertex 67.538 63.6489 0
      vertex 67.6783 62.9433 0
    endloop
  endfacet
  facet normal 0 0 -1
    outer loop
      vertex 67.3067 60.1206 0
      vertex 67.538 63.6489 0
      vertex 67.538 60.8019 0
    endloop
  endfacet
  facet normal 0 0 -1
    outer loop
      vertex 67.3067 60.1206 0
      vertex 67.3067 64.3302 0
      vertex 67.538 63.6489 0
    endloop
  endfacet
  facet normal 0 0 -1
    outer loop
      vertex 66.9885 59.4754 0
      vertex 67.3067 64.3302 0
      vertex 67.3067 60.1206 0
    endloop
  endfacet
  facet normal 0 0 -1
    outer loop
      vertex 66.9885 59.4754 0
      vertex 66.9885 64.9754 0
      vertex 67.3067 64.3302 0
    endloop
  endfacet
  facet normal 0 0 -1
    outer loop
      vertex 66.5888 58.8772 0
      vertex 66.9885 64.9754 0
      vertex 66.9885 59.4754 0
    endloop
  endfacet
  facet normal 0 0 -1
    outer loop
      vertex 66.5888 58.8772 0
      vertex 66.5888 65.5736 0
      vertex 66.9885 64.9754 0
    endloop
  endfacet
  facet normal 0 0 -1
    outer loop
      vertex 66.1145 58.3363 0
      vertex 66.5888 65.5736 0
      vertex 66.5888 58.8772 0
    endloop
  endfacet
  facet normal 0 0 -1
    outer loop
      vertex 66.1145 58.3363 0
      vertex 66.1145 66.1145 0
      vertex 66.5888 65.5736 0
    endloop
  endfacet
  facet normal 0 0 -1
    outer loop
      vertex 65.5736 57.862 0
      vertex 66.1145 66.1145 0
      vertex 66.1145 58.3363 0
    endloop
  endfacet
  facet normal 0 0 -1
    outer loop
      vertex 65.5736 57.862 0
      vertex 65.5736 66.5888 0
      vertex 66.1145 66.1145 0
    endloop
  endfacet
  facet normal 0 0 -1
    outer loop
      vertex 64.9754 57.4623 0
      vertex 65.5736 66.5888 0
      vertex 65.5736 57.862 0
    endloop
  endfacet
  facet normal 0 0 -1
    outer loop
      vertex 64.9754 57.4623 0
      vertex 64.9754 66.9885 0
      vertex 65.5736 66.5888 0
    endloop
  endfacet
  facet normal 0 0 -1
    outer loop
      vertex 64.3302 57.1441 0
      vertex 64.9754 66.9885 0
      vertex 64.9754 57.4623 0
    endloop
  endfacet
  facet normal 0 0 -1
    outer loop
      vertex 64.3302 57.1441 0
      vertex 64.3302 67.3067 0
      vertex 64.9754 66.9885 0
    endloop
  endfacet
  facet normal 0 0 -1
    outer loop
      vertex 63.6489 56.9128 0
      vertex 64.3302 67.3067 0
      vertex 64.3302 57.1441 0
    endloop
  endfacet
  facet normal 0 0 -1
    outer loop
      vertex 63.6489 56.9128 0
      vertex 63.6489 67.538 0
      vertex 64.3302 67.3067 0
    endloop
  endfacet
  facet normal 0 0 -1
    outer loop
      vertex 62.9433 56.7724 0
      vertex 63.6489 67.538 0
      vertex 63.6489 56.9128 0
    endloop
  endfacet
  facet normal 0 0 -1
    outer loop
      vertex 62.9433 56.7724 0
      vertex 62.9433 67.6783 0
      vertex 63.6489 67.538 0
    endloop
  endfacet
  facet normal 0 0 -1
    outer loop
      vertex 62.2254 56.7254 0
      vertex 62.9433 67.6783 0
      vertex 62.9433 56.7724 0
    endloop
  endfacet
  facet normal 0 0 -1
    outer loop
      vertex 62.2254 56.7254 0
      vertex 62.2254 67.7254 0
      vertex 62.9433 67.6783 0
    endloop
  endfacet
  facet normal 0 0 -1
    outer loop
      vertex 61.5075 56.7724 0
      vertex 62.2254 67.7254 0
      vertex 62.2254 56.7254 0
    endloop
  endfacet
  facet normal 0 0 -1
    outer loop
      vertex 61.5075 56.7724 0
      vertex 61.5075 67.6783 0
      vertex 62.2254 67.7254 0
    endloop
  endfacet
  facet normal 0 0 -1
    outer loop
      vertex 60.8019 56.9128 0
      vertex 61.5075 67.6783 0
      vertex 61.5075 56.7724 0
    endloop
  endfacet
  facet normal 0 0 -1
    outer loop
      vertex 60.8019 56.9128 0
      vertex 60.8019 67.538 0
      vertex 61.5075 67.6783 0
    endloop
  endfacet
  facet normal 0 0 -1
    outer loop
      vertex 60.0113 57.198 0
      vertex 60.8019 56.9128 0
      vertex 60.1206 57.1441 0
    endloop
  endfacet
  facet normal 0 0 -1
    outer loop
      vertex 60.8019 56.9128 0
      vertex 60.0113 57.198 0
      vertex 60.8019 67.538 0
    endloop
  endfacet
  facet normal 0 0 -1
    outer loop
      vertex 60.8019 67.538 0
      vertex 60.0113 57.198 0
      vertex 60.1206 67.3067 0
    endloop
  endfacet
  facet normal 0 0 -1
    outer loop
      vertex 60.0113 57.198 0
      vertex 59.4754 66.9885 0
      vertex 60.1206 67.3067 0
    endloop
  endfacet
  facet normal 0 0 -1
    outer loop
      vertex 60.0113 57.198 0
      vertex 58.8772 66.5888 0
      vertex 59.4754 66.9885 0
    endloop
  endfacet
  facet normal 0 0 -1
    outer loop
      vertex 60.0113 57.198 0
      vertex 58.3363 66.1145 0
      vertex 58.8772 66.5888 0
    endloop
  endfacet
  facet normal 0 0 -1
    outer loop
      vertex 60.0113 57.198 0
      vertex 57.862 65.5736 0
      vertex 58.3363 66.1145 0
    endloop
  endfacet
  facet normal 0 0 -1
    outer loop
      vertex 60.0113 57.198 0
      vertex 57.4623 64.9754 0
      vertex 57.862 65.5736 0
    endloop
  endfacet
  facet normal 0 0 -1
    outer loop
      vertex 60.0113 57.198 0
      vertex 57.198 60.0113 0
      vertex 57.4623 64.9754 0
    endloop
  endfacet
  facet normal 0 0 -1
    outer loop
      vertex 54.4039 51.5905 0
      vertex 57.198 60.0113 0
      vertex 60.0113 57.198 0
    endloop
  endfacet
  facet normal 0 0 -1
    outer loop
      vertex 57.198 60.0113 0
      vertex 54.4039 51.5905 0
      vertex 51.5905 54.4039 0
    endloop
  endfacet
  facet normal 0 0 -1
    outer loop
      vertex 56.9128 60.8019 0
      vertex 57.198 60.0113 0
      vertex 57.1441 60.1206 0
    endloop
  endfacet
  facet normal 0 0 -1
    outer loop
      vertex 57.198 60.0113 0
      vertex 57.1441 64.3302 0
      vertex 57.4623 64.9754 0
    endloop
  endfacet
  facet normal 0 0 -1
    outer loop
      vertex 57.198 60.0113 0
      vertex 56.9128 60.8019 0
      vertex 57.1441 64.3302 0
    endloop
  endfacet
  facet normal 0 0 -1
    outer loop
      vertex 56.9128 60.8019 0
      vertex 56.9128 63.6489 0
      vertex 57.1441 64.3302 0
    endloop
  endfacet
  facet normal 0 0 -1
    outer loop
      vertex 56.7724 61.5075 0
      vertex 56.9128 63.6489 0
      vertex 56.9128 60.8019 0
    endloop
  endfacet
  facet normal 0 0 -1
    outer loop
      vertex 56.7724 61.5075 0
      vertex 56.7724 62.9433 0
      vertex 56.9128 63.6489 0
    endloop
  endfacet
  facet normal 0 -0 -1
    outer loop
      vertex 56.7724 62.9433 0
      vertex 56.7724 61.5075 0
      vertex 56.7254 62.2254 0
    endloop
  endfacet
  facet normal 0 0 -1
    outer loop
      vertex -55.9676 -50.0268 0
      vertex -52.3346 -46.1758 0
      vertex -52.3339 -46.1868 0
    endloop
  endfacet
  facet normal 0 0 -1
    outer loop
      vertex -52.3346 -46.1758 0
      vertex -55.9676 -50.0268 0
      vertex -59.6995 -46.2949 0
    endloop
  endfacet
  facet normal 0 0 -1
    outer loop
      vertex -55.9676 -50.0268 0
      vertex -52.3339 -46.1868 0
      vertex -52.2996 -46.3589 0
    endloop
  endfacet
  facet normal 0 0 -1
    outer loop
      vertex -38.1751 -44.3338 0
      vertex -2.81702 -16.2215 0
      vertex -38.1147 -45.2548 0
    endloop
  endfacet
  facet normal 0 0 -1
    outer loop
      vertex -2.81702 -16.2215 0
      vertex -38.1154 -45.2658 0
      vertex -38.1147 -45.2548 0
    endloop
  endfacet
  facet normal 0 0 -1
    outer loop
      vertex -2.81702 -16.2215 0
      vertex -38.1758 -46.1868 0
      vertex -38.1154 -45.2658 0
    endloop
  endfacet
  facet normal 0 0 -1
    outer loop
      vertex -2.81702 -16.2215 0
      vertex -38.1779 -46.1976 0
      vertex -38.1758 -46.1868 0
    endloop
  endfacet
  facet normal 0 0 -1
    outer loop
      vertex -2.81702 -16.2215 0
      vertex -38.358 -47.1028 0
      vertex -38.1779 -46.1976 0
    endloop
  endfacet
  facet normal 0 0 -1
    outer loop
      vertex -2.81702 -16.2215 0
      vertex -38.3615 -47.1133 0
      vertex -38.358 -47.1028 0
    endloop
  endfacet
  facet normal 0 0 -1
    outer loop
      vertex -2.81702 -16.2215 0
      vertex -38.6582 -47.9872 0
      vertex -38.3615 -47.1133 0
    endloop
  endfacet
  facet normal 0 0 -1
    outer loop
      vertex -2.81702 -16.2215 0
      vertex -38.6631 -47.9971 0
      vertex -38.6582 -47.9872 0
    endloop
  endfacet
  facet normal 0 0 -1
    outer loop
      vertex -2.81702 -16.2215 0
      vertex -39.0713 -48.8249 0
      vertex -38.6631 -47.9971 0
    endloop
  endfacet
  facet normal 0 0 -1
    outer loop
      vertex -2.81702 -16.2215 0
      vertex -39.0774 -48.8341 0
      vertex -39.0713 -48.8249 0
    endloop
  endfacet
  facet normal 0 0 -1
    outer loop
      vertex -2.81702 -16.2215 0
      vertex -39.5902 -49.6015 0
      vertex -39.0774 -48.8341 0
    endloop
  endfacet
  facet normal 0 0 -1
    outer loop
      vertex -46.2949 -59.6995 0
      vertex -39.5902 -49.6015 0
      vertex -2.81702 -16.2215 0
    endloop
  endfacet
  facet normal 0 0 -1
    outer loop
      vertex -39.5902 -49.6015 0
      vertex -46.2949 -59.6995 0
      vertex -39.5974 -49.6097 0
    endloop
  endfacet
  facet normal 0 0 -1
    outer loop
      vertex -46.2949 -59.6995 0
      vertex -40.2143 -50.3109 0
      vertex -40.206 -50.3037 0
    endloop
  endfacet
  facet normal 0 0 -1
    outer loop
      vertex -46.2949 -59.6995 0
      vertex -41.6946 -51.4432 0
      vertex -41.6848 -51.4384 0
    endloop
  endfacet
  facet normal 0 0 -1
    outer loop
      vertex -46.2949 -59.6995 0
      vertex -44.3338 -52.3346 0
      vertex -44.3229 -52.3339 0
    endloop
  endfacet
  facet normal 0 0 -1
    outer loop
      vertex -46.2949 -59.6995 0
      vertex -45.2658 -52.3942 0
      vertex -45.2548 -52.395 0
    endloop
  endfacet
  facet normal 0 0 -1
    outer loop
      vertex -39.5974 -49.6097 0
      vertex -46.2949 -59.6995 0
      vertex -40.206 -50.3037 0
    endloop
  endfacet
  facet normal 0 0 -1
    outer loop
      vertex -40.2143 -50.3109 0
      vertex -46.2949 -59.6995 0
      vertex -40.9082 -50.9195 0
    endloop
  endfacet
  facet normal 0 0 -1
    outer loop
      vertex -46.2949 -59.6995 0
      vertex -40.9174 -50.9256 0
      vertex -40.9082 -50.9195 0
    endloop
  endfacet
  facet normal 0 0 -1
    outer loop
      vertex -46.2949 -59.6995 0
      vertex -41.6848 -51.4384 0
      vertex -40.9174 -50.9256 0
    endloop
  endfacet
  facet normal 0 0 -1
    outer loop
      vertex -41.6946 -51.4432 0
      vertex -46.2949 -59.6995 0
      vertex -42.5224 -51.8515 0
    endloop
  endfacet
  facet normal 0 0 -1
    outer loop
      vertex -46.2949 -59.6995 0
      vertex -42.5328 -51.855 0
      vertex -42.5224 -51.8515 0
    endloop
  endfacet
  facet normal 0 0 -1
    outer loop
      vertex -46.2949 -59.6995 0
      vertex -43.4068 -52.1517 0
      vertex -42.5328 -51.855 0
    endloop
  endfacet
  facet normal 0 0 -1
    outer loop
      vertex -46.2949 -59.6995 0
      vertex -43.4176 -52.1538 0
      vertex -43.4068 -52.1517 0
    endloop
  endfacet
  facet normal 0 0 -1
    outer loop
      vertex -46.2949 -59.6995 0
      vertex -44.3229 -52.3339 0
      vertex -43.4176 -52.1538 0
    endloop
  endfacet
  facet normal 0 0 -1
    outer loop
      vertex -44.3338 -52.3346 0
      vertex -46.2949 -59.6995 0
      vertex -45.2548 -52.395 0
    endloop
  endfacet
  facet normal -0 0 -1
    outer loop
      vertex -45.2658 -52.3942 0
      vertex -46.2949 -59.6995 0
      vertex -46.1868 -52.3339 0
    endloop
  endfacet
  facet normal 0 0 -1
    outer loop
      vertex -50.0268 -55.9676 0
      vertex -46.1868 -52.3339 0
      vertex -46.2949 -59.6995 0
    endloop
  endfacet
  facet normal -0 0 -1
    outer loop
      vertex -46.1868 -52.3339 0
      vertex -50.0268 -55.9676 0
      vertex -46.1976 -52.3317 0
    endloop
  endfacet
  facet normal -0 0 -1
    outer loop
      vertex -46.1976 -52.3317 0
      vertex -50.0268 -55.9676 0
      vertex -46.3589 -52.2996 0
    endloop
  endfacet
  facet normal 0 0 -1
    outer loop
      vertex -38.1758 -44.3229 0
      vertex -2.81702 -16.2215 0
      vertex -38.1751 -44.3338 0
    endloop
  endfacet
  facet normal 0 0 -1
    outer loop
      vertex -38.3559 -43.4176 0
      vertex -2.81702 -16.2215 0
      vertex -38.1758 -44.3229 0
    endloop
  endfacet
  facet normal 0 0 -1
    outer loop
      vertex -38.358 -43.4068 0
      vertex -2.81702 -16.2215 0
      vertex -38.3559 -43.4176 0
    endloop
  endfacet
  facet normal -0 0 -1
    outer loop
      vertex -2.81702 -16.2215 0
      vertex -38.358 -43.4068 0
      vertex -29.6261 -16.2215 0
    endloop
  endfacet
  facet normal 0 0 -1
    outer loop
      vertex -38.6547 -42.5328 0
      vertex -29.6261 -16.2215 0
      vertex -38.358 -43.4068 0
    endloop
  endfacet
  facet normal 0 0 -1
    outer loop
      vertex -38.6582 -42.5224 0
      vertex -29.6261 -16.2215 0
      vertex -38.6547 -42.5328 0
    endloop
  endfacet
  facet normal 0 0 -1
    outer loop
      vertex -39.0664 -41.6946 0
      vertex -29.6261 -16.2215 0
      vertex -38.6582 -42.5224 0
    endloop
  endfacet
  facet normal 0 0 -1
    outer loop
      vertex -39.0713 -41.6848 0
      vertex -29.6261 -16.2215 0
      vertex -39.0664 -41.6946 0
    endloop
  endfacet
  facet normal 0 0 -1
    outer loop
      vertex -39.5841 -40.9174 0
      vertex -29.6261 -16.2215 0
      vertex -39.0713 -41.6848 0
    endloop
  endfacet
  facet normal 0 0 -1
    outer loop
      vertex -39.5902 -40.9082 0
      vertex -29.6261 -16.2215 0
      vertex -39.5841 -40.9174 0
    endloop
  endfacet
  facet normal 0 0 -1
    outer loop
      vertex -40.1987 -40.2143 0
      vertex -29.6261 -16.2215 0
      vertex -39.5902 -40.9082 0
    endloop
  endfacet
  facet normal 0 0 -1
    outer loop
      vertex -40.206 -40.206 0
      vertex -29.6261 -16.2215 0
      vertex -40.1987 -40.2143 0
    endloop
  endfacet
  facet normal 0 0 -1
    outer loop
      vertex -40.8999 -39.5974 0
      vertex -29.6261 -16.2215 0
      vertex -40.206 -40.206 0
    endloop
  endfacet
  facet normal 0 0 -1
    outer loop
      vertex -40.9082 -39.5902 0
      vertex -29.6261 -16.2215 0
      vertex -40.8999 -39.5974 0
    endloop
  endfacet
  facet normal 0 0 -1
    outer loop
      vertex -41.6756 -39.0774 0
      vertex -29.6261 -16.2215 0
      vertex -40.9082 -39.5902 0
    endloop
  endfacet
  facet normal 0 0 -1
    outer loop
      vertex -41.6848 -39.0713 0
      vertex -29.6261 -16.2215 0
      vertex -41.6756 -39.0774 0
    endloop
  endfacet
  facet normal 0 0 -1
    outer loop
      vertex -42.5126 -38.6631 0
      vertex -29.6261 -16.2215 0
      vertex -41.6848 -39.0713 0
    endloop
  endfacet
  facet normal 0 0 -1
    outer loop
      vertex -42.5224 -38.6582 0
      vertex -29.6261 -16.2215 0
      vertex -42.5126 -38.6631 0
    endloop
  endfacet
  facet normal 0 0 -1
    outer loop
      vertex -43.3964 -38.3615 0
      vertex -29.6261 -16.2215 0
      vertex -42.5224 -38.6582 0
    endloop
  endfacet
  facet normal 0 0 -1
    outer loop
      vertex -43.4068 -38.358 0
      vertex -29.6261 -16.2215 0
      vertex -43.3964 -38.3615 0
    endloop
  endfacet
  facet normal 0 0 -1
    outer loop
      vertex -44.3121 -38.1779 0
      vertex -29.6261 -16.2215 0
      vertex -43.4068 -38.358 0
    endloop
  endfacet
  facet normal 0 0 -1
    outer loop
      vertex -44.3229 -38.1758 0
      vertex -29.6261 -16.2215 0
      vertex -44.3121 -38.1779 0
    endloop
  endfacet
  facet normal 0 0 -1
    outer loop
      vertex -45.2438 -38.1154 0
      vertex -29.6261 -16.2215 0
      vertex -44.3229 -38.1758 0
    endloop
  endfacet
  facet normal 0 0 -1
    outer loop
      vertex -45.2548 -38.1147 0
      vertex -29.6261 -16.2215 0
      vertex -45.2438 -38.1154 0
    endloop
  endfacet
  facet normal 0 0 -1
    outer loop
      vertex -46.1758 -38.1751 0
      vertex -29.6261 -16.2215 0
      vertex -45.2548 -38.1147 0
    endloop
  endfacet
  facet normal 0 0 -1
    outer loop
      vertex -46.1868 -38.1758 0
      vertex -29.6261 -16.2215 0
      vertex -46.1758 -38.1751 0
    endloop
  endfacet
  facet normal 0 0 -1
    outer loop
      vertex -47.092 -38.3559 0
      vertex -29.6261 -16.2215 0
      vertex -46.1868 -38.1758 0
    endloop
  endfacet
  facet normal 0 0 -1
    outer loop
      vertex -47.1028 -38.358 0
      vertex -29.6261 -16.2215 0
      vertex -47.092 -38.3559 0
    endloop
  endfacet
  facet normal 0 0 -1
    outer loop
      vertex -47.9768 -38.6547 0
      vertex -29.6261 -16.2215 0
      vertex -47.1028 -38.358 0
    endloop
  endfacet
  facet normal 0 0 -1
    outer loop
      vertex -47.9872 -38.6582 0
      vertex -29.6261 -16.2215 0
      vertex -47.9768 -38.6547 0
    endloop
  endfacet
  facet normal 0 0 -1
    outer loop
      vertex -48.815 -39.0664 0
      vertex -29.6261 -16.2215 0
      vertex -47.9872 -38.6582 0
    endloop
  endfacet
  facet normal 0 0 -1
    outer loop
      vertex -48.8249 -39.0713 0
      vertex -29.6261 -16.2215 0
      vertex -48.815 -39.0664 0
    endloop
  endfacet
  facet normal 0 0 -1
    outer loop
      vertex -49.5923 -39.5841 0
      vertex -29.6261 -16.2215 0
      vertex -48.8249 -39.0713 0
    endloop
  endfacet
  facet normal 0 0 -1
    outer loop
      vertex -49.6015 -39.5902 0
      vertex -29.6261 -16.2215 0
      vertex -49.5923 -39.5841 0
    endloop
  endfacet
  facet normal 0 0 -1
    outer loop
      vertex -59.6995 -46.2949 0
      vertex -49.6015 -39.5902 0
      vertex -50.2954 -40.1987 0
    endloop
  endfacet
  facet normal 0 0 -1
    outer loop
      vertex -59.6995 -46.2949 0
      vertex -50.2954 -40.1987 0
      vertex -50.3037 -40.206 0
    endloop
  endfacet
  facet normal 0 0 -1
    outer loop
      vertex -59.6995 -46.2949 0
      vertex -50.3037 -40.206 0
      vertex -50.9122 -40.8999 0
    endloop
  endfacet
  facet normal 0 0 -1
    outer loop
      vertex -59.6995 -46.2949 0
      vertex -50.9122 -40.8999 0
      vertex -50.9195 -40.9082 0
    endloop
  endfacet
  facet normal 0 0 -1
    outer loop
      vertex -59.6995 -46.2949 0
      vertex -51.4323 -41.6756 0
      vertex -51.4384 -41.6848 0
    endloop
  endfacet
  facet normal 0 0 -1
    outer loop
      vertex -59.6995 -46.2949 0
      vertex -51.8466 -42.5126 0
      vertex -51.8515 -42.5224 0
    endloop
  endfacet
  facet normal 0 0 -1
    outer loop
      vertex -59.6995 -46.2949 0
      vertex -52.3942 -45.2439 0
      vertex -52.395 -45.2548 0
    endloop
  endfacet
  facet normal -0 0 -1
    outer loop
      vertex -52.3346 -46.1758 0
      vertex -59.6995 -46.2949 0
      vertex -52.395 -45.2548 0
    endloop
  endfacet
  facet normal -0 0 -1
    outer loop
      vertex -52.3942 -45.2439 0
      vertex -59.6995 -46.2949 0
      vertex -52.3339 -44.3229 0
    endloop
  endfacet
  facet normal -0 0 -1
    outer loop
      vertex -52.3339 -44.3229 0
      vertex -59.6995 -46.2949 0
      vertex -52.3317 -44.3121 0
    endloop
  endfacet
  facet normal -0 0 -1
    outer loop
      vertex -52.3317 -44.3121 0
      vertex -59.6995 -46.2949 0
      vertex -52.1517 -43.4068 0
    endloop
  endfacet
  facet normal -0 0 -1
    outer loop
      vertex -52.1517 -43.4068 0
      vertex -59.6995 -46.2949 0
      vertex -52.1481 -43.3964 0
    endloop
  endfacet
  facet normal -0 0 -1
    outer loop
      vertex -52.1481 -43.3964 0
      vertex -59.6995 -46.2949 0
      vertex -51.8515 -42.5224 0
    endloop
  endfacet
  facet normal -0 0 -1
    outer loop
      vertex -49.6015 -39.5902 0
      vertex -59.6995 -46.2949 0
      vertex -29.6261 -16.2215 0
    endloop
  endfacet
  facet normal -0 0 -1
    outer loop
      vertex -51.4323 -41.6756 0
      vertex -59.6995 -46.2949 0
      vertex -50.9195 -40.9082 0
    endloop
  endfacet
  facet normal -0 0 -1
    outer loop
      vertex -51.8466 -42.5126 0
      vertex -59.6995 -46.2949 0
      vertex -51.4384 -41.6848 0
    endloop
  endfacet
  facet normal 0 0 -1
    outer loop
      vertex 3.92609 -9.47843 0
      vertex -3.9261 9.47845 0
      vertex 22.883 9.47845 0
    endloop
  endfacet
  facet normal 0 -0 -1
    outer loop
      vertex -3.9261 9.47845 0
      vertex 3.92609 -9.47843 0
      vertex -22.883 -9.47843 0
    endloop
  endfacet
  facet normal 0 0.70709 -0.707123
    outer loop
      vertex -74.9493 18.9393 0
      vertex -8.28427 20 1.06065
      vertex -7.84493 18.9393 0
    endloop
  endfacet
  facet normal 0 0.70709 -0.707123
    outer loop
      vertex -8.28427 20 1.06065
      vertex -74.9493 18.9393 0
      vertex -74.9493 20 1.06065
    endloop
  endfacet
  facet normal -2.50014e-18 0.70709 -0.707123
    outer loop
      vertex 74.9393 18.9393 0
      vertex 48.2843 20 1.06065
      vertex 74.9393 20 1.06065
    endloop
  endfacet
  facet normal -2.28101e-18 0.70709 -0.707123
    outer loop
      vertex 48.2843 20 1.06065
      vertex 74.9393 18.9393 0
      vertex 45.7236 18.9393 0
    endloop
  endfacet
  facet normal -0.707102 0.499991 -0.500015
    outer loop
      vertex -74.9493 18.9393 0
      vertex -76 18.9493 1.49586
      vertex -74.9493 20 1.06065
    endloop
  endfacet
  facet normal -0.70709 0.500018 -0.500006
    outer loop
      vertex -76 18.9493 1.49586
      vertex -74.9493 18.9393 0
      vertex -76 18.5041 1.05065
    endloop
  endfacet
  facet normal 2.49921e-18 -0.70709 -0.707123
    outer loop
      vertex -74.9493 -18.9393 0
      vertex -48.2843 -20 1.06065
      vertex -74.9493 -20 1.06065
    endloop
  endfacet
  facet normal 2.28023e-18 -0.70709 -0.707123
    outer loop
      vertex -48.2843 -20 1.06065
      vertex -74.9493 -18.9393 0
      vertex -45.7236 -18.9393 0
    endloop
  endfacet
  facet normal 1 0 0
    outer loop
      vertex 74.9493 -20 1.06065
      vertex 74.9493 -18.9393 0
      vertex 74.9493 -18.9393 1.07894e-05
    endloop
  endfacet
  facet normal 0 -0.70709 -0.707123
    outer loop
      vertex 8.28427 -20 1.06065
      vertex 74.9493 -18.9393 0
      vertex 74.9493 -20 1.06065
    endloop
  endfacet
  facet normal -0 -0.70709 -0.707123
    outer loop
      vertex 74.9493 -18.9393 0
      vertex 8.28427 -20 1.06065
      vertex 7.84493 -18.9393 0
    endloop
  endfacet
  facet normal 0 -0.707107 0.707107
    outer loop
      vertex -48.2843 -20 10.9393
      vertex -74.9493 -18.9393 12
      vertex -74.9493 -20 10.9393
    endloop
  endfacet
  facet normal 0 -0.707107 0.707107
    outer loop
      vertex -74.9493 -18.9393 12
      vertex -48.2843 -20 10.9393
      vertex -45.7236 -18.9393 12
    endloop
  endfacet
  facet normal 7.28113e-19 -0.707107 0.707107
    outer loop
      vertex 8.28427 -20 10.9393
      vertex 74.9493 -18.9393 12
      vertex 7.84493 -18.9393 12
    endloop
  endfacet
  facet normal 0 -0.707107 0.707107
    outer loop
      vertex 74.9493 -20 10.9393
      vertex 74.9493 -18.9393 12
      vertex 8.28427 -20 10.9393
    endloop
  endfacet
  facet normal -0.707107 0 0.707107
    outer loop
      vertex -76 -18.5041 10.9493
      vertex -74.9493 -16.2215 12
      vertex -76 -15.8593 10.9493
    endloop
  endfacet
  facet normal -0.707107 0 0.707107
    outer loop
      vertex -74.9493 -16.2215 12
      vertex -76 -18.5041 10.9493
      vertex -74.9493 -18.9393 12
    endloop
  endfacet
  facet normal -0.707107 -3.86793e-18 0.707107
    outer loop
      vertex -76 -3.03998 10.9493
      vertex -74.9493 -9.47843 12
      vertex -74.9493 -1.98935 12
    endloop
  endfacet
  facet normal -0.707107 -4.25942e-18 0.707107
    outer loop
      vertex -74.9493 -9.47843 12
      vertex -76 -3.03998 10.9493
      vertex -76 -9.84073 10.9493
    endloop
  endfacet
  facet normal -0.707107 -1.06587e-17 0.707107
    outer loop
      vertex -76 18.5041 10.9493
      vertex -74.9493 16.2216 12
      vertex -74.9493 18.9393 12
    endloop
  endfacet
  facet normal -0.707107 -1.09525e-17 0.707107
    outer loop
      vertex -74.9493 16.2216 12
      vertex -76 18.5041 10.9493
      vertex -76 15.8593 10.9493
    endloop
  endfacet
  facet normal -0.707107 0 0.707107
    outer loop
      vertex -76 3.03998 10.9493
      vertex -74.9493 9.47845 12
      vertex -76 9.84074 10.9493
    endloop
  endfacet
  facet normal -0.707107 0 0.707107
    outer loop
      vertex -74.9493 9.47845 12
      vertex -76 3.03998 10.9493
      vertex -74.9493 1.98934 12
    endloop
  endfacet
  facet normal -0 0 1
    outer loop
      vertex -74.9493 -16.2215 12
      vertex -45.7236 -18.9393 12
      vertex -39.1623 -16.2215 12
    endloop
  endfacet
  facet normal 0 0 1
    outer loop
      vertex -45.7236 -18.9393 12
      vertex -74.9493 -16.2215 12
      vertex -74.9493 -18.9393 12
    endloop
  endfacet
  facet normal -0 0 1
    outer loop
      vertex -45.7236 -18.9393 12
      vertex -64.4676 -41.5268 12
      vertex -39.1623 -16.2215 12
    endloop
  endfacet
  facet normal 0 -0 1
    outer loop
      vertex -64.4676 -41.5268 12
      vertex -45.7236 -18.9393 12
      vertex -66.3893 -39.605 12
    endloop
  endfacet
  facet normal -0 0 1
    outer loop
      vertex 39.598 66.3822 12
      vertex 41.5268 64.4676 12
      vertex 39.6051 66.3893 12
    endloop
  endfacet
  facet normal 0 0 -1
    outer loop
      vertex 39.598 66.3823 12
      vertex 41.5268 64.4676 12
      vertex 39.598 66.3822 12
    endloop
  endfacet
  facet normal 0 0 1
    outer loop
      vertex -7.84493 18.9393 12
      vertex 41.5268 64.4676 12
      vertex 39.598 66.3823 12
    endloop
  endfacet
  facet normal 0 0 1
    outer loop
      vertex 41.5268 64.4676 12
      vertex -7.84493 18.9393 12
      vertex -6.71919 16.2216 12
    endloop
  endfacet
  facet normal 0 0 1
    outer loop
      vertex -74.9493 16.2216 12
      vertex -7.84493 18.9393 12
      vertex -74.9493 18.9393 12
    endloop
  endfacet
  facet normal 0 0 1
    outer loop
      vertex -7.84493 18.9393 12
      vertex -74.9493 16.2216 12
      vertex -6.71919 16.2216 12
    endloop
  endfacet
  facet normal 0 0 1
    outer loop
      vertex 64.4676 41.5268 12
      vertex 45.7236 18.9393 12
      vertex 66.3893 39.6051 12
    endloop
  endfacet
  facet normal 0 -0 1
    outer loop
      vertex 45.7236 18.9393 12
      vertex 64.4676 41.5268 12
      vertex 39.1623 16.2216 12
    endloop
  endfacet
  facet normal -0 0 1
    outer loop
      vertex 74.9393 18.9393 12
      vertex 74.9493 16.2216 12
      vertex 74.9493 18.9393 12
    endloop
  endfacet
  facet normal -0 0 1
    outer loop
      vertex 45.7236 18.9393 12
      vertex 74.9493 16.2216 12
      vertex 74.9393 18.9393 12
    endloop
  endfacet
  facet normal 0 0 1
    outer loop
      vertex 74.9493 16.2216 12
      vertex 45.7236 18.9393 12
      vertex 39.1623 16.2216 12
    endloop
  endfacet
  facet normal 0 0 1
    outer loop
      vertex 74.9493 -16.2215 12
      vertex 7.84493 -18.9393 12
      vertex 74.9493 -18.9393 12
    endloop
  endfacet
  facet normal -0 0 1
    outer loop
      vertex 6.71919 -16.2215 12
      vertex 7.84493 -18.9393 12
      vertex 74.9493 -16.2215 12
    endloop
  endfacet
  facet normal 0 0 1
    outer loop
      vertex -41.5268 -64.4676 12
      vertex 7.84493 -18.9393 12
      vertex 6.71919 -16.2215 12
    endloop
  endfacet
  facet normal 0 0 1
    outer loop
      vertex 7.84493 -18.9393 12
      vertex -41.5268 -64.4676 12
      vertex -39.6051 -66.3893 12
    endloop
  endfacet
  facet normal -0 0 1
    outer loop
      vertex -82.8795 1.98934 12
      vertex -74.9493 -1.98935 12
      vertex -74.9493 1.98934 12
    endloop
  endfacet
  facet normal 0 0 1
    outer loop
      vertex -82.8795 1.98934 12
      vertex -82.8795 -1.98935 12
      vertex -74.9493 -1.98935 12
    endloop
  endfacet
  facet normal 0 0 1
    outer loop
      vertex -83.2369 2.75 12
      vertex -82.8795 1.98934 12
      vertex -82.9187 2.10476 12
    endloop
  endfacet
  facet normal 0 0 1
    outer loop
      vertex -82.8795 1.98934 12
      vertex -83.2369 2.75 12
      vertex -82.8795 -1.98935 12
    endloop
  endfacet
  facet normal 0 0 1
    outer loop
      vertex -83.2369 -2.75 12
      vertex -82.8795 -1.98935 12
      vertex -83.2369 2.75 12
    endloop
  endfacet
  facet normal 0 0 1
    outer loop
      vertex -82.8795 -1.98935 12
      vertex -83.2369 -2.75 12
      vertex -82.9187 -2.10476 12
    endloop
  endfacet
  facet normal 0 0 1
    outer loop
      vertex -83.6366 3.34819 12
      vertex -83.2369 -2.75 12
      vertex -83.2369 2.75 12
    endloop
  endfacet
  facet normal 0 0 1
    outer loop
      vertex -83.6366 3.34819 12
      vertex -83.6366 -3.34819 12
      vertex -83.2369 -2.75 12
    endloop
  endfacet
  facet normal 0 0 1
    outer loop
      vertex -84.1109 3.88909 12
      vertex -83.6366 -3.34819 12
      vertex -83.6366 3.34819 12
    endloop
  endfacet
  facet normal 0 0 1
    outer loop
      vertex -84.1109 3.88909 12
      vertex -84.1109 -3.88909 12
      vertex -83.6366 -3.34819 12
    endloop
  endfacet
  facet normal 0 0 1
    outer loop
      vertex -84.6518 4.36344 12
      vertex -84.1109 -3.88909 12
      vertex -84.1109 3.88909 12
    endloop
  endfacet
  facet normal 0 0 1
    outer loop
      vertex -84.6518 4.36344 12
      vertex -84.6518 -4.36344 12
      vertex -84.1109 -3.88909 12
    endloop
  endfacet
  facet normal 0 0 1
    outer loop
      vertex -85.25 4.76314 12
      vertex -84.6518 -4.36344 12
      vertex -84.6518 4.36344 12
    endloop
  endfacet
  facet normal 0 0 1
    outer loop
      vertex -85.25 4.76314 12
      vertex -85.25 -4.76314 12
      vertex -84.6518 -4.36344 12
    endloop
  endfacet
  facet normal 0 0 1
    outer loop
      vertex -85.8952 5.08134 12
      vertex -85.25 -4.76314 12
      vertex -85.25 4.76314 12
    endloop
  endfacet
  facet normal 0 0 1
    outer loop
      vertex -85.8952 5.08134 12
      vertex -85.8952 -5.08134 12
      vertex -85.25 -4.76314 12
    endloop
  endfacet
  facet normal 0 0 1
    outer loop
      vertex -86.5765 5.31259 12
      vertex -85.8952 -5.08134 12
      vertex -85.8952 5.08134 12
    endloop
  endfacet
  facet normal 0 0 1
    outer loop
      vertex -86.5765 5.31259 12
      vertex -86.5765 -5.31259 12
      vertex -85.8952 -5.08134 12
    endloop
  endfacet
  facet normal 0 0 1
    outer loop
      vertex -87.2821 5.45295 12
      vertex -86.5765 -5.31259 12
      vertex -86.5765 5.31259 12
    endloop
  endfacet
  facet normal 0 0 1
    outer loop
      vertex -87.2821 5.45295 12
      vertex -87.2821 -5.45295 12
      vertex -86.5765 -5.31259 12
    endloop
  endfacet
  facet normal 0 0 1
    outer loop
      vertex -88 5.5 12
      vertex -87.2821 -5.45295 12
      vertex -87.2821 5.45295 12
    endloop
  endfacet
  facet normal 0 0 1
    outer loop
      vertex -88 5.5 12
      vertex -88 -5.5 12
      vertex -87.2821 -5.45295 12
    endloop
  endfacet
  facet normal -0 0 1
    outer loop
      vertex -88.7179 5.45295 12
      vertex -88 -5.5 12
      vertex -88 5.5 12
    endloop
  endfacet
  facet normal 0 0 1
    outer loop
      vertex -88.7179 5.45295 12
      vertex -88.7179 -5.45295 12
      vertex -88 -5.5 12
    endloop
  endfacet
  facet normal -0 0 1
    outer loop
      vertex -89.4235 5.31259 12
      vertex -88.7179 -5.45295 12
      vertex -88.7179 5.45295 12
    endloop
  endfacet
  facet normal 0 0 1
    outer loop
      vertex -89.4235 5.31259 12
      vertex -89.4235 -5.31259 12
      vertex -88.7179 -5.45295 12
    endloop
  endfacet
  facet normal -0 0 1
    outer loop
      vertex -90.1048 5.08134 12
      vertex -89.4235 -5.31259 12
      vertex -89.4235 5.31259 12
    endloop
  endfacet
  facet normal 0 0 1
    outer loop
      vertex -90.1048 5.08134 12
      vertex -90.1048 -5.08134 12
      vertex -89.4235 -5.31259 12
    endloop
  endfacet
  facet normal -0 0 1
    outer loop
      vertex -90.75 4.76314 12
      vertex -90.1048 -5.08134 12
      vertex -90.1048 5.08134 12
    endloop
  endfacet
  facet normal 0 0 1
    outer loop
      vertex -90.75 4.76314 12
      vertex -90.75 -4.76314 12
      vertex -90.1048 -5.08134 12
    endloop
  endfacet
  facet normal -0 0 1
    outer loop
      vertex -91.3482 4.36344 12
      vertex -90.75 -4.76314 12
      vertex -90.75 4.76314 12
    endloop
  endfacet
  facet normal 0 0 1
    outer loop
      vertex -91.3482 4.36344 12
      vertex -91.3482 -4.36344 12
      vertex -90.75 -4.76314 12
    endloop
  endfacet
  facet normal -0 0 1
    outer loop
      vertex -91.8891 3.88909 12
      vertex -91.3482 -4.36344 12
      vertex -91.3482 4.36344 12
    endloop
  endfacet
  facet normal 0 0 1
    outer loop
      vertex -91.8891 3.88909 12
      vertex -91.8891 -3.88909 12
      vertex -91.3482 -4.36344 12
    endloop
  endfacet
  facet normal -0 0 1
    outer loop
      vertex -92.3634 3.34819 12
      vertex -91.8891 -3.88909 12
      vertex -91.8891 3.88909 12
    endloop
  endfacet
  facet normal 0 0 1
    outer loop
      vertex -92.3634 3.34819 12
      vertex -92.3634 -3.34819 12
      vertex -91.8891 -3.88909 12
    endloop
  endfacet
  facet normal -0 0 1
    outer loop
      vertex -92.7631 2.75 12
      vertex -92.3634 -3.34819 12
      vertex -92.3634 3.34819 12
    endloop
  endfacet
  facet normal 0 0 1
    outer loop
      vertex -92.7631 2.75 12
      vertex -92.7631 -2.75 12
      vertex -92.3634 -3.34819 12
    endloop
  endfacet
  facet normal -0 0 1
    outer loop
      vertex -93.0813 2.10476 12
      vertex -92.7631 -2.75 12
      vertex -92.7631 2.75 12
    endloop
  endfacet
  facet normal 0 0 1
    outer loop
      vertex -93.0813 2.10476 12
      vertex -93.0813 -2.10476 12
      vertex -92.7631 -2.75 12
    endloop
  endfacet
  facet normal -0 0 1
    outer loop
      vertex -93.3126 1.4235 12
      vertex -93.0813 -2.10476 12
      vertex -93.0813 2.10476 12
    endloop
  endfacet
  facet normal 0 0 1
    outer loop
      vertex -93.3126 1.4235 12
      vertex -93.3126 -1.4235 12
      vertex -93.0813 -2.10476 12
    endloop
  endfacet
  facet normal -0 0 1
    outer loop
      vertex -93.4529 0.717894 12
      vertex -93.3126 -1.4235 12
      vertex -93.3126 1.4235 12
    endloop
  endfacet
  facet normal 0 0 1
    outer loop
      vertex -93.4529 0.717894 12
      vertex -93.4529 -0.717894 12
      vertex -93.3126 -1.4235 12
    endloop
  endfacet
  facet normal 0 -0 1
    outer loop
      vertex -93.4529 -0.717894 12
      vertex -93.4529 0.717894 12
      vertex -93.5 0 12
    endloop
  endfacet
  facet normal -0 0 1
    outer loop
      vertex -74.9493 9.47845 12
      vertex -32.4192 -9.47843 12
      vertex -13.4623 9.47845 12
    endloop
  endfacet
  facet normal -0 0 1
    outer loop
      vertex -74.9493 1.98934 12
      vertex -32.4192 -9.47843 12
      vertex -74.9493 9.47845 12
    endloop
  endfacet
  facet normal -0 0 1
    outer loop
      vertex -74.9493 -1.98935 12
      vertex -32.4192 -9.47843 12
      vertex -74.9493 1.98934 12
    endloop
  endfacet
  facet normal 0 0 1
    outer loop
      vertex -32.4192 -9.47843 12
      vertex -74.9493 -1.98935 12
      vertex -74.9493 -9.47843 12
    endloop
  endfacet
  facet normal -0 0 1
    outer loop
      vertex 69.6574 4.35491 12
      vertex 74.9493 4.20075 12
      vertex 74.9493 9.47845 12
    endloop
  endfacet
  facet normal 0 0 1
    outer loop
      vertex 74.9493 4.20075 12
      vertex 69.6646 4.34664 12
      vertex 69.7621 4.20075 12
    endloop
  endfacet
  facet normal 0 0 1
    outer loop
      vertex 74.9493 4.20075 12
      vertex 69.6574 4.35491 12
      vertex 69.6646 4.34664 12
    endloop
  endfacet
  facet normal 0 0 1
    outer loop
      vertex 74.9493 9.47845 12
      vertex 69.0488 5.04883 12
      vertex 69.6574 4.35491 12
    endloop
  endfacet
  facet normal 0 0 1
    outer loop
      vertex 74.9493 9.47845 12
      vertex 69.0406 5.05609 12
      vertex 69.0488 5.04883 12
    endloop
  endfacet
  facet normal 0 0 1
    outer loop
      vertex 74.9493 9.47845 12
      vertex 68.3466 5.66465 12
      vertex 69.0406 5.05609 12
    endloop
  endfacet
  facet normal 0 0 1
    outer loop
      vertex 74.9493 9.47845 12
      vertex 68.3375 5.67076 12
      vertex 68.3466 5.66465 12
    endloop
  endfacet
  facet normal 0 0 1
    outer loop
      vertex 74.9493 9.47845 12
      vertex 67.5701 6.18353 12
      vertex 68.3375 5.67076 12
    endloop
  endfacet
  facet normal 0 0 1
    outer loop
      vertex 74.9493 9.47845 12
      vertex 67.5602 6.1884 12
      vertex 67.5701 6.18353 12
    endloop
  endfacet
  facet normal 0 0 1
    outer loop
      vertex 74.9493 9.47845 12
      vertex 66.7324 6.59662 12
      vertex 67.5602 6.1884 12
    endloop
  endfacet
  facet normal 0 0 1
    outer loop
      vertex 74.9493 9.47845 12
      vertex 66.722 6.60016 12
      vertex 66.7324 6.59662 12
    endloop
  endfacet
  facet normal 0 0 1
    outer loop
      vertex 74.9493 9.47845 12
      vertex 65.848 6.89684 12
      vertex 66.722 6.60016 12
    endloop
  endfacet
  facet normal 0 0 1
    outer loop
      vertex 74.9493 9.47845 12
      vertex 65.8372 6.89898 12
      vertex 65.848 6.89684 12
    endloop
  endfacet
  facet normal 0 0 1
    outer loop
      vertex 74.9493 9.47845 12
      vertex 64.932 7.07905 12
      vertex 65.8372 6.89898 12
    endloop
  endfacet
  facet normal 0 0 1
    outer loop
      vertex 74.9493 9.47845 12
      vertex 64.921 7.07977 12
      vertex 64.932 7.07905 12
    endloop
  endfacet
  facet normal 0 0 1
    outer loop
      vertex 74.9493 9.47845 12
      vertex 64 7.14013 12
      vertex 64.921 7.07977 12
    endloop
  endfacet
  facet normal 0 0 1
    outer loop
      vertex 74.9493 9.47845 12
      vertex 63.989 7.13941 12
      vertex 64 7.14013 12
    endloop
  endfacet
  facet normal 0 0 1
    outer loop
      vertex 74.9493 9.47845 12
      vertex 63.068 7.07905 12
      vertex 63.989 7.13941 12
    endloop
  endfacet
  facet normal -0 0 1
    outer loop
      vertex 32.4192 9.47845 12
      vertex 63.068 7.07905 12
      vertex 74.9493 9.47845 12
    endloop
  endfacet
  facet normal 0 0 1
    outer loop
      vertex 63.068 7.07905 12
      vertex 32.4192 9.47845 12
      vertex 63.0572 7.0769 12
    endloop
  endfacet
  facet normal 0 0 1
    outer loop
      vertex 32.4192 9.47845 12
      vertex 62.1416 6.8933 12
      vertex 62.152 6.89684 12
    endloop
  endfacet
  facet normal 0 0 1
    outer loop
      vertex 32.4192 9.47845 12
      vertex 61.2577 6.59175 12
      vertex 61.2676 6.59662 12
    endloop
  endfacet
  facet normal 0 0 1
    outer loop
      vertex 32.4192 9.47845 12
      vertex 59.6451 5.65739 12
      vertex 59.6534 5.66465 12
    endloop
  endfacet
  facet normal 0 0 1
    outer loop
      vertex 32.4192 9.47845 12
      vertex 58.3292 4.33748 12
      vertex 58.3354 4.34664 12
    endloop
  endfacet
  facet normal 0 0 1
    outer loop
      vertex 32.4192 9.47845 12
      vertex 57.3998 2.72198 12
      vertex 57.4034 2.73241 12
    endloop
  endfacet
  facet normal 0 0 1
    outer loop
      vertex 32.4192 9.47845 12
      vertex 57.101 1.8372 12
      vertex 57.1032 1.848 12
    endloop
  endfacet
  facet normal 0 0 1
    outer loop
      vertex 56.9202 0.920988 12
      vertex 32.4192 9.47845 12
      vertex 56.8599 0 12
    endloop
  endfacet
  facet normal 0 0 1
    outer loop
      vertex 56.921 0.931974 12
      vertex 32.4192 9.47845 12
      vertex 56.9202 0.920988 12
    endloop
  endfacet
  facet normal 0 0 1
    outer loop
      vertex 57.101 1.8372 12
      vertex 32.4192 9.47845 12
      vertex 56.921 0.931974 12
    endloop
  endfacet
  facet normal 0 0 1
    outer loop
      vertex 57.3998 2.72198 12
      vertex 32.4192 9.47845 12
      vertex 57.1032 1.848 12
    endloop
  endfacet
  facet normal 0 0 1
    outer loop
      vertex 57.8116 3.56019 12
      vertex 32.4192 9.47845 12
      vertex 57.4034 2.73241 12
    endloop
  endfacet
  facet normal 0 0 1
    outer loop
      vertex 57.8165 3.57007 12
      vertex 32.4192 9.47845 12
      vertex 57.8116 3.56019 12
    endloop
  endfacet
  facet normal 0 0 1
    outer loop
      vertex 58.3292 4.33748 12
      vertex 32.4192 9.47845 12
      vertex 57.8165 3.57007 12
    endloop
  endfacet
  facet normal 0 0 1
    outer loop
      vertex 58.9439 5.04056 12
      vertex 32.4192 9.47845 12
      vertex 58.3354 4.34664 12
    endloop
  endfacet
  facet normal 0 0 1
    outer loop
      vertex 58.9512 5.04883 12
      vertex 32.4192 9.47845 12
      vertex 58.9439 5.04056 12
    endloop
  endfacet
  facet normal 0 0 1
    outer loop
      vertex 59.6451 5.65739 12
      vertex 32.4192 9.47845 12
      vertex 58.9512 5.04883 12
    endloop
  endfacet
  facet normal 0 0 1
    outer loop
      vertex 60.4208 6.17742 12
      vertex 32.4192 9.47845 12
      vertex 59.6534 5.66465 12
    endloop
  endfacet
  facet normal 0 0 1
    outer loop
      vertex 60.4299 6.18353 12
      vertex 32.4192 9.47845 12
      vertex 60.4208 6.17742 12
    endloop
  endfacet
  facet normal 0 0 1
    outer loop
      vertex 61.2577 6.59175 12
      vertex 32.4192 9.47845 12
      vertex 60.4299 6.18353 12
    endloop
  endfacet
  facet normal 0 0 1
    outer loop
      vertex 62.1416 6.8933 12
      vertex 32.4192 9.47845 12
      vertex 61.2676 6.59662 12
    endloop
  endfacet
  facet normal 0 0 1
    outer loop
      vertex 63.0572 7.0769 12
      vertex 32.4192 9.47845 12
      vertex 62.152 6.89684 12
    endloop
  endfacet
  facet normal 0 0 1
    outer loop
      vertex 69.6708 -4.33748 12
      vertex 74.9493 -4.20075 12
      vertex 69.7621 -4.20075 12
    endloop
  endfacet
  facet normal 0 0 1
    outer loop
      vertex 69.6646 -4.34664 12
      vertex 74.9493 -4.20075 12
      vertex 69.6708 -4.33748 12
    endloop
  endfacet
  facet normal 0 0 1
    outer loop
      vertex 74.9493 -4.20075 12
      vertex 69.6646 -4.34664 12
      vertex 74.9493 -9.47843 12
    endloop
  endfacet
  facet normal -0 0 1
    outer loop
      vertex 69.0561 -5.04056 12
      vertex 74.9493 -9.47843 12
      vertex 69.6646 -4.34664 12
    endloop
  endfacet
  facet normal -0 0 1
    outer loop
      vertex 69.0488 -5.04883 12
      vertex 74.9493 -9.47843 12
      vertex 69.0561 -5.04056 12
    endloop
  endfacet
  facet normal -0 0 1
    outer loop
      vertex 68.3549 -5.65739 12
      vertex 74.9493 -9.47843 12
      vertex 69.0488 -5.04883 12
    endloop
  endfacet
  facet normal -0 0 1
    outer loop
      vertex 68.3466 -5.66465 12
      vertex 74.9493 -9.47843 12
      vertex 68.3549 -5.65739 12
    endloop
  endfacet
  facet normal -0 0 1
    outer loop
      vertex 67.5792 -6.17742 12
      vertex 74.9493 -9.47843 12
      vertex 68.3466 -5.66465 12
    endloop
  endfacet
  facet normal -0 0 1
    outer loop
      vertex 67.5701 -6.18353 12
      vertex 74.9493 -9.47843 12
      vertex 67.5792 -6.17742 12
    endloop
  endfacet
  facet normal -0 0 1
    outer loop
      vertex 66.7423 -6.59175 12
      vertex 74.9493 -9.47843 12
      vertex 67.5701 -6.18353 12
    endloop
  endfacet
  facet normal -0 0 1
    outer loop
      vertex 66.7324 -6.59662 12
      vertex 74.9493 -9.47843 12
      vertex 66.7423 -6.59175 12
    endloop
  endfacet
  facet normal -0 0 1
    outer loop
      vertex 65.8584 -6.8933 12
      vertex 74.9493 -9.47843 12
      vertex 66.7324 -6.59662 12
    endloop
  endfacet
  facet normal -0 0 1
    outer loop
      vertex 65.848 -6.89684 12
      vertex 74.9493 -9.47843 12
      vertex 65.8584 -6.8933 12
    endloop
  endfacet
  facet normal -0 0 1
    outer loop
      vertex 64.9428 -7.0769 12
      vertex 74.9493 -9.47843 12
      vertex 65.848 -6.89684 12
    endloop
  endfacet
  facet normal -0 0 1
    outer loop
      vertex 64.932 -7.07905 12
      vertex 74.9493 -9.47843 12
      vertex 64.9428 -7.0769 12
    endloop
  endfacet
  facet normal -0 0 1
    outer loop
      vertex 64.011 -7.13941 12
      vertex 74.9493 -9.47843 12
      vertex 64.932 -7.07905 12
    endloop
  endfacet
  facet normal -0 0 1
    outer loop
      vertex 64 -7.14013 12
      vertex 74.9493 -9.47843 12
      vertex 64.011 -7.13941 12
    endloop
  endfacet
  facet normal 0 0 1
    outer loop
      vertex 63.079 -7.07977 12
      vertex 74.9493 -9.47843 12
      vertex 64 -7.14013 12
    endloop
  endfacet
  facet normal 0 0 1
    outer loop
      vertex 63.068 -7.07905 12
      vertex 74.9493 -9.47843 12
      vertex 63.079 -7.07977 12
    endloop
  endfacet
  facet normal 0 0 1
    outer loop
      vertex 13.4623 -9.47843 12
      vertex 63.068 -7.07905 12
      vertex 62.1628 -6.89898 12
    endloop
  endfacet
  facet normal 0 0 1
    outer loop
      vertex 13.4623 -9.47843 12
      vertex 62.1628 -6.89898 12
      vertex 62.152 -6.89684 12
    endloop
  endfacet
  facet normal 0 0 1
    outer loop
      vertex 13.4623 -9.47843 12
      vertex 59.6625 -5.67076 12
      vertex 59.6534 -5.66465 12
    endloop
  endfacet
  facet normal 0 0 1
    outer loop
      vertex 13.4623 -9.47843 12
      vertex 58.9594 -5.05609 12
      vertex 58.9512 -5.04883 12
    endloop
  endfacet
  facet normal 0 0 1
    outer loop
      vertex 13.4623 -9.47843 12
      vertex 58.3426 -4.35491 12
      vertex 58.3354 -4.34664 12
    endloop
  endfacet
  facet normal 0 0 1
    outer loop
      vertex 32.4192 9.47845 12
      vertex 57.4082 -2.74228 12
      vertex 57.4034 -2.73241 12
    endloop
  endfacet
  facet normal 0 0 1
    outer loop
      vertex 32.4192 9.47845 12
      vertex 56.8606 -0.0109857 12
      vertex 56.8599 0 12
    endloop
  endfacet
  facet normal 0 0 1
    outer loop
      vertex 32.4192 9.47845 12
      vertex 56.921 -0.931974 12
      vertex 56.8606 -0.0109857 12
    endloop
  endfacet
  facet normal 0 0 1
    outer loop
      vertex 32.4192 9.47845 12
      vertex 56.9231 -0.942771 12
      vertex 56.921 -0.931974 12
    endloop
  endfacet
  facet normal 0 0 1
    outer loop
      vertex 32.4192 9.47845 12
      vertex 57.1032 -1.848 12
      vertex 56.9231 -0.942771 12
    endloop
  endfacet
  facet normal 0 0 1
    outer loop
      vertex 32.4192 9.47845 12
      vertex 57.1067 -1.85843 12
      vertex 57.1032 -1.848 12
    endloop
  endfacet
  facet normal 0 0 1
    outer loop
      vertex 32.4192 9.47845 12
      vertex 57.4034 -2.73241 12
      vertex 57.1067 -1.85843 12
    endloop
  endfacet
  facet normal 0 0 1
    outer loop
      vertex 57.4082 -2.74228 12
      vertex 32.4192 9.47845 12
      vertex 57.8165 -3.57007 12
    endloop
  endfacet
  facet normal 0 0 1
    outer loop
      vertex 13.4623 -9.47843 12
      vertex 57.8165 -3.57007 12
      vertex 32.4192 9.47845 12
    endloop
  endfacet
  facet normal 0 0 1
    outer loop
      vertex 57.8165 -3.57007 12
      vertex 13.4623 -9.47843 12
      vertex 57.8226 -3.57922 12
    endloop
  endfacet
  facet normal 0 0 1
    outer loop
      vertex 57.8226 -3.57922 12
      vertex 13.4623 -9.47843 12
      vertex 58.3354 -4.34664 12
    endloop
  endfacet
  facet normal 0 0 1
    outer loop
      vertex 58.3426 -4.35491 12
      vertex 13.4623 -9.47843 12
      vertex 58.9512 -5.04883 12
    endloop
  endfacet
  facet normal 0 0 1
    outer loop
      vertex 58.9594 -5.05609 12
      vertex 13.4623 -9.47843 12
      vertex 59.6534 -5.66465 12
    endloop
  endfacet
  facet normal 0 0 1
    outer loop
      vertex 63.068 -7.07905 12
      vertex 13.4623 -9.47843 12
      vertex 74.9493 -9.47843 12
    endloop
  endfacet
  facet normal 0 0 1
    outer loop
      vertex 61.278 -6.60016 12
      vertex 13.4623 -9.47843 12
      vertex 62.152 -6.89684 12
    endloop
  endfacet
  facet normal 0 0 1
    outer loop
      vertex 61.2676 -6.59662 12
      vertex 13.4623 -9.47843 12
      vertex 61.278 -6.60016 12
    endloop
  endfacet
  facet normal 0 0 1
    outer loop
      vertex 60.4398 -6.1884 12
      vertex 13.4623 -9.47843 12
      vertex 61.2676 -6.59662 12
    endloop
  endfacet
  facet normal 0 0 1
    outer loop
      vertex 60.4299 -6.18353 12
      vertex 13.4623 -9.47843 12
      vertex 60.4398 -6.1884 12
    endloop
  endfacet
  facet normal 0 0 1
    outer loop
      vertex 59.6625 -5.67076 12
      vertex 13.4623 -9.47843 12
      vertex 60.4299 -6.18353 12
    endloop
  endfacet
  facet normal -0 0 1
    outer loop
      vertex 57.1441 64.3302 12
      vertex 57.198 60.0113 12
      vertex 57.4623 64.9754 12
    endloop
  endfacet
  facet normal -0 0 1
    outer loop
      vertex 56.9128 63.6489 12
      vertex 57.198 60.0113 12
      vertex 57.1441 64.3302 12
    endloop
  endfacet
  facet normal -0 0 1
    outer loop
      vertex 56.9128 60.8019 12
      vertex 57.198 60.0113 12
      vertex 56.9128 63.6489 12
    endloop
  endfacet
  facet normal 0 0 1
    outer loop
      vertex 57.198 60.0113 12
      vertex 56.9128 60.8019 12
      vertex 57.1441 60.1206 12
    endloop
  endfacet
  facet normal -0 0 1
    outer loop
      vertex 56.7724 62.9433 12
      vertex 56.9128 60.8019 12
      vertex 56.9128 63.6489 12
    endloop
  endfacet
  facet normal 0 0 1
    outer loop
      vertex 56.7724 62.9433 12
      vertex 56.7724 61.5075 12
      vertex 56.9128 60.8019 12
    endloop
  endfacet
  facet normal 0 -0 1
    outer loop
      vertex 56.7724 61.5075 12
      vertex 56.7724 62.9433 12
      vertex 56.7254 62.2254 12
    endloop
  endfacet
  facet normal 0 0 1
    outer loop
      vertex 67.6783 62.9433 12
      vertex 67.6783 61.5075 12
      vertex 67.7254 62.2254 12
    endloop
  endfacet
  facet normal 0 0 1
    outer loop
      vertex 67.538 63.6489 12
      vertex 67.6783 61.5075 12
      vertex 67.6783 62.9433 12
    endloop
  endfacet
  facet normal 0 0 1
    outer loop
      vertex 67.538 63.6489 12
      vertex 67.538 60.8019 12
      vertex 67.6783 61.5075 12
    endloop
  endfacet
  facet normal 0 0 1
    outer loop
      vertex 67.3067 64.3302 12
      vertex 67.538 60.8019 12
      vertex 67.538 63.6489 12
    endloop
  endfacet
  facet normal 0 0 1
    outer loop
      vertex 67.3067 64.3302 12
      vertex 67.3067 60.1206 12
      vertex 67.538 60.8019 12
    endloop
  endfacet
  facet normal 0 0 1
    outer loop
      vertex 66.9885 64.9754 12
      vertex 67.3067 60.1206 12
      vertex 67.3067 64.3302 12
    endloop
  endfacet
  facet normal 0 0 1
    outer loop
      vertex 66.9885 64.9754 12
      vertex 66.9885 59.4754 12
      vertex 67.3067 60.1206 12
    endloop
  endfacet
  facet normal 0 0 1
    outer loop
      vertex 66.5888 65.5736 12
      vertex 66.9885 59.4754 12
      vertex 66.9885 64.9754 12
    endloop
  endfacet
  facet normal 0 0 1
    outer loop
      vertex 66.5888 65.5736 12
      vertex 66.5888 58.8772 12
      vertex 66.9885 59.4754 12
    endloop
  endfacet
  facet normal 0 0 1
    outer loop
      vertex 66.1145 66.1145 12
      vertex 66.5888 58.8772 12
      vertex 66.5888 65.5736 12
    endloop
  endfacet
  facet normal 0 0 1
    outer loop
      vertex 66.1145 66.1145 12
      vertex 66.1145 58.3363 12
      vertex 66.5888 58.8772 12
    endloop
  endfacet
  facet normal 0 0 1
    outer loop
      vertex 65.5736 66.5888 12
      vertex 66.1145 58.3363 12
      vertex 66.1145 66.1145 12
    endloop
  endfacet
  facet normal 0 0 1
    outer loop
      vertex 65.5736 66.5888 12
      vertex 65.5736 57.862 12
      vertex 66.1145 58.3363 12
    endloop
  endfacet
  facet normal 0 0 1
    outer loop
      vertex 64.9754 66.9885 12
      vertex 65.5736 57.862 12
      vertex 65.5736 66.5888 12
    endloop
  endfacet
  facet normal 0 0 1
    outer loop
      vertex 64.9754 66.9885 12
      vertex 64.9754 57.4623 12
      vertex 65.5736 57.862 12
    endloop
  endfacet
  facet normal 0 0 1
    outer loop
      vertex 64.3302 67.3067 12
      vertex 64.9754 57.4623 12
      vertex 64.9754 66.9885 12
    endloop
  endfacet
  facet normal 0 0 1
    outer loop
      vertex 64.3302 67.3067 12
      vertex 64.3302 57.1441 12
      vertex 64.9754 57.4623 12
    endloop
  endfacet
  facet normal 0 0 1
    outer loop
      vertex 63.6489 67.538 12
      vertex 64.3302 57.1441 12
      vertex 64.3302 67.3067 12
    endloop
  endfacet
  facet normal 0 0 1
    outer loop
      vertex 63.6489 67.538 12
      vertex 63.6489 56.9128 12
      vertex 64.3302 57.1441 12
    endloop
  endfacet
  facet normal 0 0 1
    outer loop
      vertex 62.9433 67.6783 12
      vertex 63.6489 56.9128 12
      vertex 63.6489 67.538 12
    endloop
  endfacet
  facet normal 0 0 1
    outer loop
      vertex 62.9433 67.6783 12
      vertex 62.9433 56.7724 12
      vertex 63.6489 56.9128 12
    endloop
  endfacet
  facet normal 0 0 1
    outer loop
      vertex 62.2254 67.7254 12
      vertex 62.9433 56.7724 12
      vertex 62.9433 67.6783 12
    endloop
  endfacet
  facet normal 0 0 1
    outer loop
      vertex 62.2254 67.7254 12
      vertex 62.2254 56.7254 12
      vertex 62.9433 56.7724 12
    endloop
  endfacet
  facet normal -0 0 1
    outer loop
      vertex 61.5075 67.6783 12
      vertex 62.2254 56.7254 12
      vertex 62.2254 67.7254 12
    endloop
  endfacet
  facet normal 0 0 1
    outer loop
      vertex 61.5075 67.6783 12
      vertex 61.5075 56.7724 12
      vertex 62.2254 56.7254 12
    endloop
  endfacet
  facet normal -0 0 1
    outer loop
      vertex 60.8019 67.538 12
      vertex 61.5075 56.7724 12
      vertex 61.5075 67.6783 12
    endloop
  endfacet
  facet normal 0 0 1
    outer loop
      vertex 60.8019 67.538 12
      vertex 60.8019 56.9128 12
      vertex 61.5075 56.7724 12
    endloop
  endfacet
  facet normal -0 0 1
    outer loop
      vertex 60.1206 67.3067 12
      vertex 60.8019 56.9128 12
      vertex 60.8019 67.538 12
    endloop
  endfacet
  facet normal -0 0 1
    outer loop
      vertex 60.0113 57.198 12
      vertex 60.8019 56.9128 12
      vertex 60.1206 67.3067 12
    endloop
  endfacet
  facet normal 0 0 1
    outer loop
      vertex 60.8019 56.9128 12
      vertex 60.0113 57.198 12
      vertex 60.1206 57.1441 12
    endloop
  endfacet
  facet normal -0 0 1
    outer loop
      vertex 59.4754 66.9885 12
      vertex 60.0113 57.198 12
      vertex 60.1206 67.3067 12
    endloop
  endfacet
  facet normal -0 0 1
    outer loop
      vertex 58.8772 66.5888 12
      vertex 60.0113 57.198 12
      vertex 59.4754 66.9885 12
    endloop
  endfacet
  facet normal -0 0 1
    outer loop
      vertex 58.3363 66.1145 12
      vertex 60.0113 57.198 12
      vertex 58.8772 66.5888 12
    endloop
  endfacet
  facet normal -0 0 1
    outer loop
      vertex 57.862 65.5736 12
      vertex 60.0113 57.198 12
      vertex 58.3363 66.1145 12
    endloop
  endfacet
  facet normal -0 0 1
    outer loop
      vertex 57.4623 64.9754 12
      vertex 60.0113 57.198 12
      vertex 57.862 65.5736 12
    endloop
  endfacet
  facet normal -0 0 1
    outer loop
      vertex 57.198 60.0113 12
      vertex 60.0113 57.198 12
      vertex 57.4623 64.9754 12
    endloop
  endfacet
  facet normal 0 0 1
    outer loop
      vertex 57.198 60.0113 12
      vertex 54.4039 51.5905 12
      vertex 60.0113 57.198 12
    endloop
  endfacet
  facet normal 0 -0 1
    outer loop
      vertex 54.4039 51.5905 12
      vertex 57.198 60.0113 12
      vertex 51.5905 54.4039 12
    endloop
  endfacet
  facet normal 0 0 1
    outer loop
      vertex 29.6261 16.2216 12
      vertex 54.4039 51.5905 12
      vertex 51.5905 54.4039 12
    endloop
  endfacet
  facet normal 0 0 1
    outer loop
      vertex 29.6261 16.2216 12
      vertex 51.5905 54.4039 12
      vertex 46.2949 59.6995 12
    endloop
  endfacet
  facet normal 0 0 1
    outer loop
      vertex 54.4039 51.5905 12
      vertex 29.6261 16.2216 12
      vertex 59.6995 46.2949 12
    endloop
  endfacet
  facet normal 0 -0 1
    outer loop
      vertex 29.6261 16.2216 12
      vertex 46.2949 59.6995 12
      vertex 2.81702 16.2216 12
    endloop
  endfacet
  facet normal 0 0 1
    outer loop
      vertex -2.81702 -16.2215 12
      vertex -38.1154 -45.2438 12
      vertex -38.1147 -45.2548 12
    endloop
  endfacet
  facet normal 0 0 1
    outer loop
      vertex -2.81702 -16.2215 12
      vertex -38.1758 -44.3229 12
      vertex -38.1154 -45.2438 12
    endloop
  endfacet
  facet normal 0 0 1
    outer loop
      vertex -2.81702 -16.2215 12
      vertex -38.1779 -44.3121 12
      vertex -38.1758 -44.3229 12
    endloop
  endfacet
  facet normal 0 0 1
    outer loop
      vertex -2.81702 -16.2215 12
      vertex -38.358 -43.4068 12
      vertex -38.1779 -44.3121 12
    endloop
  endfacet
  facet normal 0 0 1
    outer loop
      vertex -2.81702 -16.2215 12
      vertex -38.3615 -43.3964 12
      vertex -38.358 -43.4068 12
    endloop
  endfacet
  facet normal 0 0 1
    outer loop
      vertex -29.6261 -16.2215 12
      vertex -38.6582 -42.5224 12
      vertex -38.3615 -43.3964 12
    endloop
  endfacet
  facet normal 0 0 1
    outer loop
      vertex -29.6261 -16.2215 12
      vertex -38.6631 -42.5126 12
      vertex -38.6582 -42.5224 12
    endloop
  endfacet
  facet normal 0 0 1
    outer loop
      vertex -29.6261 -16.2215 12
      vertex -39.0713 -41.6848 12
      vertex -38.6631 -42.5126 12
    endloop
  endfacet
  facet normal 0 0 1
    outer loop
      vertex -29.6261 -16.2215 12
      vertex -39.0774 -41.6756 12
      vertex -39.0713 -41.6848 12
    endloop
  endfacet
  facet normal 0 0 1
    outer loop
      vertex -29.6261 -16.2215 12
      vertex -39.5902 -40.9082 12
      vertex -39.0774 -41.6756 12
    endloop
  endfacet
  facet normal 0 0 1
    outer loop
      vertex -29.6261 -16.2215 12
      vertex -39.5974 -40.8999 12
      vertex -39.5902 -40.9082 12
    endloop
  endfacet
  facet normal 0 0 1
    outer loop
      vertex -29.6261 -16.2215 12
      vertex -40.206 -40.206 12
      vertex -39.5974 -40.8999 12
    endloop
  endfacet
  facet normal 0 0 1
    outer loop
      vertex -29.6261 -16.2215 12
      vertex -40.2143 -40.1987 12
      vertex -40.206 -40.206 12
    endloop
  endfacet
  facet normal 0 0 1
    outer loop
      vertex -29.6261 -16.2215 12
      vertex -40.9082 -39.5902 12
      vertex -40.2143 -40.1987 12
    endloop
  endfacet
  facet normal 0 0 1
    outer loop
      vertex -29.6261 -16.2215 12
      vertex -40.9174 -39.5841 12
      vertex -40.9082 -39.5902 12
    endloop
  endfacet
  facet normal 0 0 1
    outer loop
      vertex -29.6261 -16.2215 12
      vertex -41.6848 -39.0713 12
      vertex -40.9174 -39.5841 12
    endloop
  endfacet
  facet normal 0 0 1
    outer loop
      vertex -29.6261 -16.2215 12
      vertex -41.6946 -39.0664 12
      vertex -41.6848 -39.0713 12
    endloop
  endfacet
  facet normal 0 0 1
    outer loop
      vertex -29.6261 -16.2215 12
      vertex -42.5224 -38.6582 12
      vertex -41.6946 -39.0664 12
    endloop
  endfacet
  facet normal 0 0 1
    outer loop
      vertex -29.6261 -16.2215 12
      vertex -42.5328 -38.6547 12
      vertex -42.5224 -38.6582 12
    endloop
  endfacet
  facet normal 0 0 1
    outer loop
      vertex -29.6261 -16.2215 12
      vertex -43.4068 -38.358 12
      vertex -42.5328 -38.6547 12
    endloop
  endfacet
  facet normal 0 0 1
    outer loop
      vertex -29.6261 -16.2215 12
      vertex -43.4176 -38.3559 12
      vertex -43.4068 -38.358 12
    endloop
  endfacet
  facet normal 0 0 1
    outer loop
      vertex -29.6261 -16.2215 12
      vertex -44.3229 -38.1758 12
      vertex -43.4176 -38.3559 12
    endloop
  endfacet
  facet normal 0 0 1
    outer loop
      vertex -29.6261 -16.2215 12
      vertex -44.3338 -38.1751 12
      vertex -44.3229 -38.1758 12
    endloop
  endfacet
  facet normal 0 0 1
    outer loop
      vertex -29.6261 -16.2215 12
      vertex -45.2548 -38.1147 12
      vertex -44.3338 -38.1751 12
    endloop
  endfacet
  facet normal 0 0 1
    outer loop
      vertex -29.6261 -16.2215 12
      vertex -45.2658 -38.1154 12
      vertex -45.2548 -38.1147 12
    endloop
  endfacet
  facet normal 0 0 1
    outer loop
      vertex -29.6261 -16.2215 12
      vertex -46.1868 -38.1758 12
      vertex -45.2658 -38.1154 12
    endloop
  endfacet
  facet normal 0 0 1
    outer loop
      vertex -29.6261 -16.2215 12
      vertex -46.1976 -38.1779 12
      vertex -46.1868 -38.1758 12
    endloop
  endfacet
  facet normal 0 0 1
    outer loop
      vertex -29.6261 -16.2215 12
      vertex -47.1028 -38.358 12
      vertex -46.1976 -38.1779 12
    endloop
  endfacet
  facet normal 0 0 1
    outer loop
      vertex -29.6261 -16.2215 12
      vertex -47.1133 -38.3615 12
      vertex -47.1028 -38.358 12
    endloop
  endfacet
  facet normal 0 0 1
    outer loop
      vertex -29.6261 -16.2215 12
      vertex -47.9872 -38.6582 12
      vertex -47.1133 -38.3615 12
    endloop
  endfacet
  facet normal 0 0 1
    outer loop
      vertex -29.6261 -16.2215 12
      vertex -47.9971 -38.6631 12
      vertex -47.9872 -38.6582 12
    endloop
  endfacet
  facet normal 0 0 1
    outer loop
      vertex -29.6261 -16.2215 12
      vertex -48.8249 -39.0713 12
      vertex -47.9971 -38.6631 12
    endloop
  endfacet
  facet normal 0 0 1
    outer loop
      vertex -29.6261 -16.2215 12
      vertex -48.8341 -39.0774 12
      vertex -48.8249 -39.0713 12
    endloop
  endfacet
  facet normal 0 0 1
    outer loop
      vertex -29.6261 -16.2215 12
      vertex -49.6015 -39.5902 12
      vertex -48.8341 -39.0774 12
    endloop
  endfacet
  facet normal 0 0 1
    outer loop
      vertex -59.6995 -46.2949 12
      vertex -49.6015 -39.5902 12
      vertex -29.6261 -16.2215 12
    endloop
  endfacet
  facet normal 0 0 1
    outer loop
      vertex -49.6015 -39.5902 12
      vertex -59.6995 -46.2949 12
      vertex -49.6097 -39.5974 12
    endloop
  endfacet
  facet normal 0 0 1
    outer loop
      vertex -49.6097 -39.5974 12
      vertex -59.6995 -46.2949 12
      vertex -50.3037 -40.206 12
    endloop
  endfacet
  facet normal 0 0 1
    outer loop
      vertex -50.3037 -40.206 12
      vertex -59.6995 -46.2949 12
      vertex -50.3109 -40.2143 12
    endloop
  endfacet
  facet normal 0 0 1
    outer loop
      vertex -59.6995 -46.2949 12
      vertex -51.4432 -41.6946 12
      vertex -51.4384 -41.6848 12
    endloop
  endfacet
  facet normal 0 0 1
    outer loop
      vertex -59.6995 -46.2949 12
      vertex -52.3346 -44.3338 12
      vertex -52.3339 -44.3229 12
    endloop
  endfacet
  facet normal 0 0 1
    outer loop
      vertex -52.3346 -44.3338 12
      vertex -59.6995 -46.2949 12
      vertex -52.395 -45.2548 12
    endloop
  endfacet
  facet normal 0 0 1
    outer loop
      vertex -59.6995 -46.2949 12
      vertex -52.3339 -44.3229 12
      vertex -52.1538 -43.4176 12
    endloop
  endfacet
  facet normal 0 0 1
    outer loop
      vertex -59.6995 -46.2949 12
      vertex -52.1538 -43.4176 12
      vertex -52.1517 -43.4068 12
    endloop
  endfacet
  facet normal 0 0 1
    outer loop
      vertex -59.6995 -46.2949 12
      vertex -52.1517 -43.4068 12
      vertex -51.855 -42.5328 12
    endloop
  endfacet
  facet normal 0 0 1
    outer loop
      vertex -59.6995 -46.2949 12
      vertex -51.855 -42.5328 12
      vertex -51.8515 -42.5224 12
    endloop
  endfacet
  facet normal 0 0 1
    outer loop
      vertex -51.4432 -41.6946 12
      vertex -59.6995 -46.2949 12
      vertex -51.8515 -42.5224 12
    endloop
  endfacet
  facet normal 0 0 1
    outer loop
      vertex -52.395 -45.2548 12
      vertex -59.6995 -46.2949 12
      vertex -55.9676 -50.0268 12
    endloop
  endfacet
  facet normal 0 0 1
    outer loop
      vertex -50.9256 -40.9174 12
      vertex -59.6995 -46.2949 12
      vertex -51.4384 -41.6848 12
    endloop
  endfacet
  facet normal 0 0 1
    outer loop
      vertex -50.9195 -40.9082 12
      vertex -59.6995 -46.2949 12
      vertex -50.9256 -40.9174 12
    endloop
  endfacet
  facet normal 0 0 1
    outer loop
      vertex -50.3109 -40.2143 12
      vertex -59.6995 -46.2949 12
      vertex -50.9195 -40.9082 12
    endloop
  endfacet
  facet normal 0 0 1
    outer loop
      vertex -38.3615 -43.3964 12
      vertex -2.81702 -16.2215 12
      vertex -29.6261 -16.2215 12
    endloop
  endfacet
  facet normal 0 0 1
    outer loop
      vertex -38.1751 -46.1758 12
      vertex -2.81702 -16.2215 12
      vertex -38.1147 -45.2548 12
    endloop
  endfacet
  facet normal 0 0 1
    outer loop
      vertex -38.1758 -46.1868 12
      vertex -2.81702 -16.2215 12
      vertex -38.1751 -46.1758 12
    endloop
  endfacet
  facet normal 0 0 1
    outer loop
      vertex -38.3559 -47.092 12
      vertex -2.81702 -16.2215 12
      vertex -38.1758 -46.1868 12
    endloop
  endfacet
  facet normal 0 0 1
    outer loop
      vertex -38.358 -47.1028 12
      vertex -2.81702 -16.2215 12
      vertex -38.3559 -47.092 12
    endloop
  endfacet
  facet normal 0 0 1
    outer loop
      vertex -38.6547 -47.9768 12
      vertex -2.81702 -16.2215 12
      vertex -38.358 -47.1028 12
    endloop
  endfacet
  facet normal 0 0 1
    outer loop
      vertex -38.6582 -47.9872 12
      vertex -2.81702 -16.2215 12
      vertex -38.6547 -47.9768 12
    endloop
  endfacet
  facet normal 0 0 1
    outer loop
      vertex -39.0664 -48.815 12
      vertex -2.81702 -16.2215 12
      vertex -38.6582 -47.9872 12
    endloop
  endfacet
  facet normal 0 0 1
    outer loop
      vertex -39.0713 -48.8249 12
      vertex -2.81702 -16.2215 12
      vertex -39.0664 -48.815 12
    endloop
  endfacet
  facet normal 0 0 1
    outer loop
      vertex -39.5841 -49.5923 12
      vertex -2.81702 -16.2215 12
      vertex -39.0713 -48.8249 12
    endloop
  endfacet
  facet normal 0 0 1
    outer loop
      vertex -39.5902 -49.6015 12
      vertex -2.81702 -16.2215 12
      vertex -39.5841 -49.5923 12
    endloop
  endfacet
  facet normal 0 0 1
    outer loop
      vertex -46.2949 -59.6995 12
      vertex -39.5902 -49.6015 12
      vertex -40.1987 -50.2954 12
    endloop
  endfacet
  facet normal 0 0 1
    outer loop
      vertex -46.2949 -59.6995 12
      vertex -40.1987 -50.2954 12
      vertex -40.206 -50.3037 12
    endloop
  endfacet
  facet normal 0 0 1
    outer loop
      vertex -46.2949 -59.6995 12
      vertex -41.6756 -51.4323 12
      vertex -41.6848 -51.4384 12
    endloop
  endfacet
  facet normal 0 0 1
    outer loop
      vertex -46.2949 -59.6995 12
      vertex -42.5126 -51.8466 12
      vertex -42.5224 -51.8515 12
    endloop
  endfacet
  facet normal 0 0 1
    outer loop
      vertex -46.2949 -59.6995 12
      vertex -45.2439 -52.3942 12
      vertex -45.2548 -52.395 12
    endloop
  endfacet
  facet normal 0 0 1
    outer loop
      vertex -50.0268 -55.9676 12
      vertex -46.1758 -52.3346 12
      vertex -46.1868 -52.3339 12
    endloop
  endfacet
  facet normal -0 0 1
    outer loop
      vertex -39.5902 -49.6015 12
      vertex -46.2949 -59.6995 12
      vertex -2.81702 -16.2215 12
    endloop
  endfacet
  facet normal -0 0 1
    outer loop
      vertex -40.8999 -50.9122 12
      vertex -46.2949 -59.6995 12
      vertex -40.206 -50.3037 12
    endloop
  endfacet
  facet normal -0 0 1
    outer loop
      vertex -40.9082 -50.9195 12
      vertex -46.2949 -59.6995 12
      vertex -40.8999 -50.9122 12
    endloop
  endfacet
  facet normal -0 0 1
    outer loop
      vertex -41.6756 -51.4323 12
      vertex -46.2949 -59.6995 12
      vertex -40.9082 -50.9195 12
    endloop
  endfacet
  facet normal -0 0 1
    outer loop
      vertex -42.5126 -51.8466 12
      vertex -46.2949 -59.6995 12
      vertex -41.6848 -51.4384 12
    endloop
  endfacet
  facet normal -0 0 1
    outer loop
      vertex -43.3964 -52.1481 12
      vertex -46.2949 -59.6995 12
      vertex -42.5224 -51.8515 12
    endloop
  endfacet
  facet normal -0 0 1
    outer loop
      vertex -43.4068 -52.1517 12
      vertex -46.2949 -59.6995 12
      vertex -43.3964 -52.1481 12
    endloop
  endfacet
  facet normal -0 0 1
    outer loop
      vertex -44.3121 -52.3317 12
      vertex -46.2949 -59.6995 12
      vertex -43.4068 -52.1517 12
    endloop
  endfacet
  facet normal -0 0 1
    outer loop
      vertex -44.3229 -52.3339 12
      vertex -46.2949 -59.6995 12
      vertex -44.3121 -52.3317 12
    endloop
  endfacet
  facet normal -0 0 1
    outer loop
      vertex -45.2439 -52.3942 12
      vertex -46.2949 -59.6995 12
      vertex -44.3229 -52.3339 12
    endloop
  endfacet
  facet normal 0 0 1
    outer loop
      vertex -46.1758 -52.3346 12
      vertex -46.2949 -59.6995 12
      vertex -45.2548 -52.395 12
    endloop
  endfacet
  facet normal 0 0 1
    outer loop
      vertex -50.0268 -55.9676 12
      vertex -46.1868 -52.3339 12
      vertex -46.3589 -52.2996 12
    endloop
  endfacet
  facet normal 0 0 1
    outer loop
      vertex -46.1758 -52.3346 12
      vertex -50.0268 -55.9676 12
      vertex -46.2949 -59.6995 12
    endloop
  endfacet
  facet normal 0 0 1
    outer loop
      vertex -55.9676 -50.0268 12
      vertex -52.3317 -46.1976 12
      vertex -52.3339 -46.1868 12
    endloop
  endfacet
  facet normal 0 0 1
    outer loop
      vertex -55.9676 -50.0268 12
      vertex -52.3942 -45.2658 12
      vertex -52.395 -45.2548 12
    endloop
  endfacet
  facet normal 0 0 1
    outer loop
      vertex -52.3317 -46.1976 12
      vertex -55.9676 -50.0268 12
      vertex -52.2996 -46.3589 12
    endloop
  endfacet
  facet normal 0 0 1
    outer loop
      vertex -52.3942 -45.2658 12
      vertex -55.9676 -50.0268 12
      vertex -52.3339 -46.1868 12
    endloop
  endfacet
  facet normal -0 0 1
    outer loop
      vertex -3.9261 9.47845 12
      vertex 3.92609 -9.47843 12
      vertex 22.883 9.47845 12
    endloop
  endfacet
  facet normal 0 0 1
    outer loop
      vertex 3.92609 -9.47843 12
      vertex -3.9261 9.47845 12
      vertex -22.883 -9.47843 12
    endloop
  endfacet
  facet normal 0 -1 0
    outer loop
      vertex -74.9493 -20 1.06065
      vertex -48.2843 -20 10.9393
      vertex -74.9493 -20 10.9393
    endloop
  endfacet
  facet normal 0 -1 -0
    outer loop
      vertex -48.2843 -20 10.9393
      vertex -74.9493 -20 1.06065
      vertex -48.2843 -20 1.06065
    endloop
  endfacet
  facet normal 0 -1 0
    outer loop
      vertex 8.28427 -20 1.06065
      vertex 74.9493 -20 10.9393
      vertex 8.28427 -20 10.9393
    endloop
  endfacet
  facet normal 0 -1 -0
    outer loop
      vertex 74.9493 -20 10.9393
      vertex 8.28427 -20 1.06065
      vertex 74.9493 -20 1.06065
    endloop
  endfacet
  facet normal -0.707107 0.707107 3.51533e-18
    outer loop
      vertex -74.9493 20 10.9393
      vertex -76 18.9493 1.49586
      vertex -76 18.9493 10.5041
    endloop
  endfacet
  facet normal -0.707107 0.707107 3.2056e-18
    outer loop
      vertex -76 18.9493 1.49586
      vertex -74.9493 20 10.9393
      vertex -74.9493 20 1.06065
    endloop
  endfacet
  facet normal 0 1 -0
    outer loop
      vertex -8.28427 20 1.06065
      vertex -74.9493 20 10.9393
      vertex -8.28427 20 10.9393
    endloop
  endfacet
  facet normal 0 1 0
    outer loop
      vertex -74.9493 20 10.9393
      vertex -8.28427 20 1.06065
      vertex -74.9493 20 1.06065
    endloop
  endfacet
  facet normal 0 1 0
    outer loop
      vertex 74.9393 20 1.06065
      vertex 74.9393 20 10.9393
      vertex 74.9493 20 10.9393
    endloop
  endfacet
  facet normal 0 1 0
    outer loop
      vertex 74.9393 20 1.06065
      vertex 74.9493 20 10.9393
      vertex 74.9493 20 1.06065
    endloop
  endfacet
  facet normal 0 1 0
    outer loop
      vertex 74.9393 20 10.9393
      vertex 74.9393 20 1.06065
      vertex 48.2843 20 10.9393
    endloop
  endfacet
  facet normal 0 1 0
    outer loop
      vertex 48.2843 20 10.9393
      vertex 74.9393 20 1.06065
      vertex 48.2843 20 1.06065
    endloop
  endfacet
  facet normal -0.707107 -0.707107 0
    outer loop
      vertex -76 -18.9493 1.49586
      vertex -74.9493 -20 10.9393
      vertex -76 -18.9493 10.5041
    endloop
  endfacet
  facet normal -0.707107 -0.707107 -0
    outer loop
      vertex -74.9493 -20 10.9393
      vertex -76 -18.9493 1.49586
      vertex -74.9493 -20 1.06065
    endloop
  endfacet
  facet normal -0.707103 0.500002 0.500002
    outer loop
      vertex -76 18.9493 10.5041
      vertex -76 18.5141 10.9393
      vertex -74.9493 20 10.9393
    endloop
  endfacet
  facet normal -0.70709 -0.500018 -0.500006
    outer loop
      vertex -74.9493 -18.9393 0
      vertex -76 -18.9393 1.48586
      vertex -76 -18.5041 1.05065
    endloop
  endfacet
  facet normal 0.70709 2.0802e-17 -0.707124
    outer loop
      vertex 74.9493 16.2216 0
      vertex 76 18.5041 1.05065
      vertex 76 15.8593 1.05065
    endloop
  endfacet
  facet normal 0.70709 2.0244e-17 -0.707124
    outer loop
      vertex 76 18.5041 1.05065
      vertex 74.9493 16.2216 0
      vertex 74.9493 18.9393 0
    endloop
  endfacet
  facet normal 0.706753 -0.000134393 -0.70746
    outer loop
      vertex 74.9493 9.47845 0
      vertex 76 4.21066 1.05065
      vertex 75.99 4.21066 1.04066
    endloop
  endfacet
  facet normal 0.707093 -1.21546e-05 -0.70712
    outer loop
      vertex 74.9493 4.20075 0
      vertex 75.99 4.21066 1.04066
      vertex 75.4671 3.68779 0.517789
    endloop
  endfacet
  facet normal 0.707093 0 -0.70712
    outer loop
      vertex 74.9493 9.47845 0
      vertex 75.99 4.21066 1.04066
      vertex 74.9493 4.20075 0
    endloop
  endfacet
  facet normal 0.70709 0 -0.707124
    outer loop
      vertex 76 4.21066 1.05065
      vertex 74.9493 9.47845 0
      vertex 76 9.84074 1.05065
    endloop
  endfacet
  facet normal 0.382673 -0.923884 0
    outer loop
      vertex 74.9493 -18.9393 0
      vertex 76 -18.5041 1.05065
      vertex 74.9493 -18.9393 1.07894e-05
    endloop
  endfacet
  facet normal 0.70709 0 -0.707124
    outer loop
      vertex 74.9493 -16.2215 0
      vertex 76 -18.5041 1.05065
      vertex 74.9493 -18.9393 0
    endloop
  endfacet
  facet normal 0.70709 0 -0.707124
    outer loop
      vertex 76 -18.5041 1.05065
      vertex 74.9493 -16.2215 0
      vertex 76 -15.8593 1.05065
    endloop
  endfacet
  facet normal 0.70709 9.77202e-18 -0.707124
    outer loop
      vertex 74.9493 -9.47843 0
      vertex 76 -4.21066 1.05065
      vertex 76 -9.84073 1.05065
    endloop
  endfacet
  facet normal 0.706753 0.000134394 -0.70746
    outer loop
      vertex 76 -4.21066 1.05065
      vertex 74.9493 -9.47843 0
      vertex 75.99 -4.21066 1.04066
    endloop
  endfacet
  facet normal 0.707093 6.44877e-18 -0.70712
    outer loop
      vertex 75.99 -4.21066 1.04066
      vertex 74.9493 -9.47843 0
      vertex 74.9493 -4.20075 0
    endloop
  endfacet
  facet normal 0.707093 1.21546e-05 -0.70712
    outer loop
      vertex 75.99 -4.21066 1.04066
      vertex 74.9493 -4.20075 0
      vertex 75.4671 -3.68779 0.517789
    endloop
  endfacet
  facet normal 0.707106 0.500001 -0.500001
    outer loop
      vertex 76 18.9393 1.48586
      vertex 74.9493 20 1.06065
      vertex 76 18.9493 1.49586
    endloop
  endfacet
  facet normal 0.707102 0.499991 -0.500015
    outer loop
      vertex 74.9493 20 1.06065
      vertex 76 18.9393 1.48586
      vertex 74.9493 18.9393 0
    endloop
  endfacet
  facet normal 0.707103 -0.500002 0.500002
    outer loop
      vertex 74.9493 -18.9393 12
      vertex 76 -18.5141 10.9393
      vertex 76 -18.5041 10.9493
    endloop
  endfacet
  facet normal 0.707103 -0.500002 0.500002
    outer loop
      vertex 76 -18.5141 10.9393
      vertex 74.9493 -18.9393 12
      vertex 74.9493 -20 10.9393
    endloop
  endfacet
  facet normal 0.707103 0.500002 0.500002
    outer loop
      vertex 74.9493 18.9393 12
      vertex 76 18.9493 10.5041
      vertex 74.9493 20 10.9393
    endloop
  endfacet
  facet normal 0.707103 0.500002 0.500002
    outer loop
      vertex 76 18.9493 10.5041
      vertex 74.9493 18.9393 12
      vertex 76 18.5041 10.9493
    endloop
  endfacet
  facet normal 0.707087 -0.500019 -0.500008
    outer loop
      vertex 76 -18.9493 1.49586
      vertex 74.9493 -18.9393 1.07894e-05
      vertex 76 -18.5041 1.05065
    endloop
  endfacet
  facet normal 0.707102 -0.499989 -0.500018
    outer loop
      vertex 74.9493 -18.9393 1.07894e-05
      vertex 76 -18.9493 1.49586
      vertex 74.9493 -20 1.06065
    endloop
  endfacet
  facet normal 0 0.70709 -0.707123
    outer loop
      vertex 74.9393 18.9393 0
      vertex 74.9493 20 1.06065
      vertex 74.9493 18.9393 0
    endloop
  endfacet
  facet normal 0 0.70709 -0.707123
    outer loop
      vertex 74.9493 20 1.06065
      vertex 74.9393 18.9393 0
      vertex 74.9393 20 1.06065
    endloop
  endfacet
  facet normal -4.88595e-15 0.707107 0.707107
    outer loop
      vertex 74.9493 20 10.9393
      vertex 74.9393 18.9393 12
      vertex 74.9493 18.9393 12
    endloop
  endfacet
  facet normal -4.88595e-15 0.707107 0.707107
    outer loop
      vertex 74.9393 18.9393 12
      vertex 74.9493 20 10.9393
      vertex 74.9393 20 10.9393
    endloop
  endfacet
  facet normal 0.707107 -0 0.707107
    outer loop
      vertex 74.9493 16.2216 12
      vertex 76 18.5041 10.9493
      vertex 74.9493 18.9393 12
    endloop
  endfacet
  facet normal 0.707107 0 0.707107
    outer loop
      vertex 76 18.5041 10.9493
      vertex 74.9493 16.2216 12
      vertex 76 15.8593 10.9493
    endloop
  endfacet
  facet normal 0.707107 5.14508e-18 0.707107
    outer loop
      vertex 74.9493 9.47845 12
      vertex 76 4.21066 10.9493
      vertex 76 9.84074 10.9493
    endloop
  endfacet
  facet normal 0.707107 -4.93876e-14 0.707107
    outer loop
      vertex 76 4.21066 10.9493
      vertex 74.9493 9.47845 12
      vertex 75.99 4.21066 10.9593
    endloop
  endfacet
  facet normal 0.707107 5.44364e-19 0.707107
    outer loop
      vertex 75.99 4.21066 10.9593
      vertex 74.9493 9.47845 12
      vertex 74.9493 4.20075 12
    endloop
  endfacet
  facet normal 0.707107 1.09881e-14 0.707107
    outer loop
      vertex 75.99 4.21066 10.9593
      vertex 74.9493 4.20075 12
      vertex 75.4671 3.68779 11.4822
    endloop
  endfacet
  facet normal 0.707107 1.09525e-17 0.707107
    outer loop
      vertex 74.9493 -16.2215 12
      vertex 76 -18.5041 10.9493
      vertex 76 -15.8593 10.9493
    endloop
  endfacet
  facet normal 0.707107 1.06583e-17 0.707107
    outer loop
      vertex 76 -18.5041 10.9493
      vertex 74.9493 -16.2215 12
      vertex 74.9493 -18.9393 12
    endloop
  endfacet
  facet normal 0.707107 4.98255e-14 0.707107
    outer loop
      vertex 74.9493 -9.47843 12
      vertex 76 -4.21066 10.9493
      vertex 75.99 -4.21066 10.9593
    endloop
  endfacet
  facet normal 0.707107 -1.09825e-14 0.707107
    outer loop
      vertex 74.9493 -4.20075 12
      vertex 75.99 -4.21066 10.9593
      vertex 75.4671 -3.68779 11.4822
    endloop
  endfacet
  facet normal 0.707107 -0 0.707107
    outer loop
      vertex 74.9493 -9.47843 12
      vertex 75.99 -4.21066 10.9593
      vertex 74.9493 -4.20075 12
    endloop
  endfacet
  facet normal 0.707107 0 0.707107
    outer loop
      vertex 76 -4.21066 10.9493
      vertex 74.9493 -9.47843 12
      vertex 76 -9.84073 10.9493
    endloop
  endfacet
  facet normal 0.707107 -0.707107 3.51533e-18
    outer loop
      vertex 74.9493 -20 10.9393
      vertex 76 -18.9493 1.49586
      vertex 76 -18.9493 10.5041
    endloop
  endfacet
  facet normal 0.707107 -0.707107 3.2056e-18
    outer loop
      vertex 76 -18.9493 1.49586
      vertex 74.9493 -20 10.9393
      vertex 74.9493 -20 1.06065
    endloop
  endfacet
  facet normal 0.707107 0.707107 -0
    outer loop
      vertex 76 18.9493 1.49586
      vertex 74.9493 20 10.9393
      vertex 76 18.9493 10.5041
    endloop
  endfacet
  facet normal 0.707107 0.707107 0
    outer loop
      vertex 74.9493 20 10.9393
      vertex 76 18.9493 1.49586
      vertex 74.9493 20 1.06065
    endloop
  endfacet
  facet normal 0.707103 -0.500002 0.500002
    outer loop
      vertex 76 -18.5141 10.9393
      vertex 74.9493 -20 10.9393
      vertex 76 -18.9493 10.5041
    endloop
  endfacet
  facet normal 0.70709 0.500018 -0.500006
    outer loop
      vertex 76 18.5041 1.05065
      vertex 74.9493 18.9393 0
      vertex 76 18.9393 1.48586
    endloop
  endfacet
  facet normal 1 -0 0
    outer loop
      vertex 76 15.225 9.10999
      vertex 76 18.9493 1.49586
      vertex 76 18.9493 10.5041
    endloop
  endfacet
  facet normal 1 0 0
    outer loop
      vertex 76 15.225 9.10999
      vertex 76 18.9493 10.5041
      vertex 76 18.5041 10.9493
    endloop
  endfacet
  facet normal 1 -0 0
    outer loop
      vertex 76 15.225 2.89
      vertex 76 18.9493 1.49586
      vertex 76 15.225 9.10999
    endloop
  endfacet
  facet normal 1 0 0
    outer loop
      vertex 76 15.225 9.10999
      vertex 76 18.5041 10.9493
      vertex 76 15.8593 10.9493
    endloop
  endfacet
  facet normal 1 0 0
    outer loop
      vertex 76 18.9493 1.49586
      vertex 76 15.225 2.89
      vertex 76 18.9393 1.48586
    endloop
  endfacet
  facet normal 1 0 0
    outer loop
      vertex 76 18.9393 1.48586
      vertex 76 15.225 2.89
      vertex 76 18.5041 1.05065
    endloop
  endfacet
  facet normal 1 0 0
    outer loop
      vertex 76 18.5041 1.05065
      vertex 76 15.225 2.89
      vertex 76 15.8593 1.05065
    endloop
  endfacet
  facet normal 1 -0 0
    outer loop
      vertex 76 10.475 9.10999
      vertex 76 15.225 2.89
      vertex 76 15.225 9.10999
    endloop
  endfacet
  facet normal 1 0 0
    outer loop
      vertex 76 10.475 9.10999
      vertex 76 10.475 2.89
      vertex 76 15.225 2.89
    endloop
  endfacet
  facet normal 1 0 0
    outer loop
      vertex 76 4.21066 1.05065
      vertex 76 10.475 2.89
      vertex 76 10.475 9.10999
    endloop
  endfacet
  facet normal 1 -0 0
    outer loop
      vertex 76 4.21066 10.9493
      vertex 76 10.475 9.10999
      vertex 76 9.84074 10.9493
    endloop
  endfacet
  facet normal 1 0 0
    outer loop
      vertex 76 4.21066 1.05065
      vertex 76 10.475 9.10999
      vertex 76 4.21066 10.9493
    endloop
  endfacet
  facet normal 1 0 0
    outer loop
      vertex 76 10.475 2.89
      vertex 76 4.21066 1.05065
      vertex 76 9.84074 1.05065
    endloop
  endfacet
  facet normal 1 0 0
    outer loop
      vertex 76 -10.475 9.10999
      vertex 76 -4.21066 10.9493
      vertex 76 -9.84073 10.9493
    endloop
  endfacet
  facet normal 1 0 0
    outer loop
      vertex 76 -4.21066 10.9493
      vertex 76 -10.475 9.10999
      vertex 76 -4.21066 1.05065
    endloop
  endfacet
  facet normal 1 -0 0
    outer loop
      vertex 76 -10.475 2.89
      vertex 76 -4.21066 1.05065
      vertex 76 -10.475 9.10999
    endloop
  endfacet
  facet normal 1 0 0
    outer loop
      vertex 76 -4.21066 1.05065
      vertex 76 -10.475 2.89
      vertex 76 -9.84073 1.05065
    endloop
  endfacet
  facet normal 1 -0 0
    outer loop
      vertex 76 -15.225 9.10999
      vertex 76 -10.475 2.89
      vertex 76 -10.475 9.10999
    endloop
  endfacet
  facet normal 1 0 0
    outer loop
      vertex 76 -15.225 9.10999
      vertex 76 -15.225 2.89
      vertex 76 -10.475 2.89
    endloop
  endfacet
  facet normal 1 0 0
    outer loop
      vertex 76 -18.9493 1.49586
      vertex 76 -15.225 2.89
      vertex 76 -15.225 9.10999
    endloop
  endfacet
  facet normal 1 -0 0
    outer loop
      vertex 76 -18.5141 10.9393
      vertex 76 -15.225 9.10999
      vertex 76 -15.8593 10.9493
    endloop
  endfacet
  facet normal 1 0 0
    outer loop
      vertex 76 -18.5141 10.9393
      vertex 76 -15.8593 10.9493
      vertex 76 -18.5041 10.9493
    endloop
  endfacet
  facet normal 1 0 0
    outer loop
      vertex 76 -15.225 9.10999
      vertex 76 -18.5141 10.9393
      vertex 76 -18.9493 10.5041
    endloop
  endfacet
  facet normal 1 0 0
    outer loop
      vertex 76 -18.9493 1.49586
      vertex 76 -15.225 9.10999
      vertex 76 -18.9493 10.5041
    endloop
  endfacet
  facet normal 1 0 -0
    outer loop
      vertex 76 -18.5041 1.05065
      vertex 76 -15.225 2.89
      vertex 76 -18.9493 1.49586
    endloop
  endfacet
  facet normal 1 0 0
    outer loop
      vertex 76 -15.225 2.89
      vertex 76 -18.5041 1.05065
      vertex 76 -15.8593 1.05065
    endloop
  endfacet
  facet normal -1 0 0
    outer loop
      vertex -76 15.225 9.10999
      vertex -76 18.9493 10.5041
      vertex -76 18.9493 1.49586
    endloop
  endfacet
  facet normal -1 0 0
    outer loop
      vertex -76 15.225 2.89
      vertex -76 18.9493 1.49586
      vertex -76 18.5041 1.05065
    endloop
  endfacet
  facet normal -1 -0 0
    outer loop
      vertex -76 18.9493 10.5041
      vertex -76 15.225 9.10999
      vertex -76 18.5141 10.9393
    endloop
  endfacet
  facet normal -1 0 -0
    outer loop
      vertex -76 15.8593 10.9493
      vertex -76 18.5141 10.9393
      vertex -76 15.225 9.10999
    endloop
  endfacet
  facet normal -1 0 0
    outer loop
      vertex -76 15.225 2.89
      vertex -76 18.5041 1.05065
      vertex -76 15.8593 1.05065
    endloop
  endfacet
  facet normal -1 0 0
    outer loop
      vertex -76 18.9493 1.49586
      vertex -76 15.225 2.89
      vertex -76 15.225 9.10999
    endloop
  endfacet
  facet normal -1 0 0
    outer loop
      vertex -76 18.5141 10.9393
      vertex -76 15.8593 10.9493
      vertex -76 18.5041 10.9493
    endloop
  endfacet
  facet normal -1 0 0
    outer loop
      vertex -76 10.475 2.89
      vertex -76 15.225 9.10999
      vertex -76 15.225 2.89
    endloop
  endfacet
  facet normal -1 0 0
    outer loop
      vertex -76 10.475 2.89
      vertex -76 10.475 9.10999
      vertex -76 15.225 9.10999
    endloop
  endfacet
  facet normal -1 0 0
    outer loop
      vertex -76 3.04999 1.06065
      vertex -76 10.475 2.89
      vertex -76 9.84074 1.05065
    endloop
  endfacet
  facet normal -1 -0 0
    outer loop
      vertex -76 10.475 2.89
      vertex -76 3.04999 1.06065
      vertex -76 10.475 9.10999
    endloop
  endfacet
  facet normal -1 0 0
    outer loop
      vertex -76 3.04999 10.9393
      vertex -76 10.475 9.10999
      vertex -76 3.04999 1.06065
    endloop
  endfacet
  facet normal -1 0 -0
    outer loop
      vertex -76 3.04999 1.06065
      vertex -76 9.84074 1.05065
      vertex -76 3.03999 1.05065
    endloop
  endfacet
  facet normal -1 0 0
    outer loop
      vertex -76 10.475 9.10999
      vertex -76 3.04999 10.9393
      vertex -76 9.84074 10.9493
    endloop
  endfacet
  facet normal -1 -0 0
    outer loop
      vertex -76 9.84074 10.9493
      vertex -76 3.04999 10.9393
      vertex -76 3.03998 10.9493
    endloop
  endfacet
  facet normal -1 0 0
    outer loop
      vertex -76 -10.475 9.10999
      vertex -76 -3.05 10.9393
      vertex -76 -3.05 1.06065
    endloop
  endfacet
  facet normal -1 0 0
    outer loop
      vertex -76 -9.84073 1.05065
      vertex -76 -3.05 1.06065
      vertex -76 -3.04 1.05065
    endloop
  endfacet
  facet normal -1 0 0
    outer loop
      vertex -76 -10.475 2.89
      vertex -76 -3.05 1.06065
      vertex -76 -9.84073 1.05065
    endloop
  endfacet
  facet normal -1 0 0
    outer loop
      vertex -76 -10.475 9.10999
      vertex -76 -3.05 1.06065
      vertex -76 -10.475 2.89
    endloop
  endfacet
  facet normal -1 -0 0
    outer loop
      vertex -76 -3.05 10.9393
      vertex -76 -10.475 9.10999
      vertex -76 -9.84073 10.9493
    endloop
  endfacet
  facet normal -1 0 0
    outer loop
      vertex -76 -15.225 2.89
      vertex -76 -10.475 9.10999
      vertex -76 -10.475 2.89
    endloop
  endfacet
  facet normal -1 0 0
    outer loop
      vertex -76 -15.225 2.89
      vertex -76 -15.225 9.10999
      vertex -76 -10.475 9.10999
    endloop
  endfacet
  facet normal -1 0 0
    outer loop
      vertex -76 -18.5041 1.05065
      vertex -76 -15.225 2.89
      vertex -76 -15.8593 1.05065
    endloop
  endfacet
  facet normal -1 -0 0
    outer loop
      vertex -76 -15.225 2.89
      vertex -76 -18.9493 1.49586
      vertex -76 -15.225 9.10999
    endloop
  endfacet
  facet normal -1 0 0
    outer loop
      vertex -76 -15.225 2.89
      vertex -76 -18.5041 1.05065
      vertex -76 -18.9393 1.48586
    endloop
  endfacet
  facet normal -1 0 0
    outer loop
      vertex -76 -15.225 2.89
      vertex -76 -18.9393 1.48586
      vertex -76 -18.9493 1.49586
    endloop
  endfacet
  facet normal -1 0 0
    outer loop
      vertex -76 -18.9493 10.5041
      vertex -76 -15.225 9.10999
      vertex -76 -18.9493 1.49586
    endloop
  endfacet
  facet normal -1 0 -0
    outer loop
      vertex -76 -18.5041 10.9493
      vertex -76 -15.225 9.10999
      vertex -76 -18.9493 10.5041
    endloop
  endfacet
  facet normal -1 0 0
    outer loop
      vertex -76 -15.225 9.10999
      vertex -76 -18.5041 10.9493
      vertex -76 -15.8593 10.9493
    endloop
  endfacet
  facet normal -1 -0 0
    outer loop
      vertex -76 -3.03998 10.9493
      vertex -76 -3.05 10.9393
      vertex -76 -9.84073 10.9493
    endloop
  endfacet
  facet normal 5.16188e-18 0.707127 0.707087
    outer loop
      vertex -76 3.03998 10.9493
      vertex -82.8795 1.98934 12
      vertex -74.9493 1.98934 12
    endloop
  endfacet
  facet normal -4.50398e-05 0.707274 0.706939
    outer loop
      vertex -82.8795 1.98934 12
      vertex -76 3.03998 10.9493
      vertex -82.8295 2.05931 11.93
    endloop
  endfacet
  facet normal 3.46125e-06 0.707106 0.707108
    outer loop
      vertex -82.8295 2.05931 11.93
      vertex -76 3.03998 10.9493
      vertex -82.7459 2.17631 11.813
    endloop
  endfacet
  facet normal 6.90857e-06 0.707092 0.707121
    outer loop
      vertex -82.7459 2.17631 11.813
      vertex -76 3.03998 10.9493
      vertex -82.3971 2.73933 11.25
    endloop
  endfacet
  facet normal 3.87454e-05 0.706753 0.70746
    outer loop
      vertex -76 3.04999 10.9393
      vertex -82.3971 2.73933 11.25
      vertex -76 3.03998 10.9493
    endloop
  endfacet
  facet normal 2.32861e-18 0.707152 0.707061
    outer loop
      vertex -82.3971 2.73933 11.25
      vertex -76 3.04999 10.9393
      vertex -82.5503 3.04999 10.9393
    endloop
  endfacet
  facet normal 0 1 -0
    outer loop
      vertex -76 3.04999 1.06065
      vertex -82.5503 3.04999 10.9393
      vertex -76 3.04999 10.9393
    endloop
  endfacet
  facet normal 0 1 0
    outer loop
      vertex -82.5503 3.04999 10.9393
      vertex -76 3.04999 1.06065
      vertex -82.5503 3.04999 1.06065
    endloop
  endfacet
  facet normal -6.1212e-05 -0.707331 0.706883
    outer loop
      vertex -76 -3.03998 10.9493
      vertex -82.8795 -1.98935 12
      vertex -82.8295 -2.05931 11.93
    endloop
  endfacet
  facet normal 3.46125e-06 -0.707106 0.707108
    outer loop
      vertex -76 -3.03998 10.9493
      vertex -82.8295 -2.05931 11.93
      vertex -82.7459 -2.17631 11.813
    endloop
  endfacet
  facet normal 6.90857e-06 -0.707092 0.707121
    outer loop
      vertex -76 -3.03998 10.9493
      vertex -82.7459 -2.17631 11.813
      vertex -82.3971 -2.73933 11.25
    endloop
  endfacet
  facet normal 0 -0.70713 0.707083
    outer loop
      vertex -82.8795 -1.98935 12
      vertex -76 -3.03998 10.9493
      vertex -74.9493 -1.98935 12
    endloop
  endfacet
  facet normal 0 -0.707141 0.707073
    outer loop
      vertex -76 -3.05 10.9393
      vertex -82.3971 -2.73933 11.25
      vertex -82.5504 -3.05 10.9393
    endloop
  endfacet
  facet normal 7.19309e-05 -0.7064 0.707813
    outer loop
      vertex -82.3971 -2.73933 11.25
      vertex -76 -3.05 10.9393
      vertex -76 -3.03998 10.9493
    endloop
  endfacet
  facet normal 7.07961e-16 0.707107 -0.707107
    outer loop
      vertex -82.3972 2.73934 0.75
      vertex -76 3.04999 1.06065
      vertex -76 3.03999 1.05065
    endloop
  endfacet
  facet normal 0 0.707107 -0.707107
    outer loop
      vertex -76 3.04999 1.06065
      vertex -82.3972 2.73934 0.75
      vertex -82.5503 3.04999 1.06065
    endloop
  endfacet
  facet normal 1.82379e-07 0.707105 -0.707109
    outer loop
      vertex -76 3.03999 1.05065
      vertex -82.7459 2.17631 0.186973
      vertex -82.3972 2.73934 0.75
    endloop
  endfacet
  facet normal -6.01629e-07 0.707108 -0.707106
    outer loop
      vertex -76 3.03999 1.05065
      vertex -82.8295 2.05931 0.0699727
      vertex -82.7459 2.17631 0.186973
    endloop
  endfacet
  facet normal 0 0.707107 -0.707107
    outer loop
      vertex -82.8795 1.98934 0
      vertex -76 3.03999 1.05065
      vertex -74.9493 1.98934 0
    endloop
  endfacet
  facet normal -4.67753e-06 0.707122 -0.707091
    outer loop
      vertex -76 3.03999 1.05065
      vertex -82.8795 1.98934 0
      vertex -82.8295 2.05931 0.0699727
    endloop
  endfacet
  facet normal 0 -1 0
    outer loop
      vertex -82.5504 -3.05 1.06065
      vertex -76 -3.05 10.9393
      vertex -82.5504 -3.05 10.9393
    endloop
  endfacet
  facet normal 0 -1 -0
    outer loop
      vertex -76 -3.05 10.9393
      vertex -82.5504 -3.05 1.06065
      vertex -76 -3.05 1.06065
    endloop
  endfacet
  facet normal -8.99496e-19 -0.707107 -0.707107
    outer loop
      vertex -82.3972 -2.73935 0.75
      vertex -76 -3.05 1.06065
      vertex -82.5504 -3.05 1.06065
    endloop
  endfacet
  facet normal -7.39613e-16 -0.707107 -0.707107
    outer loop
      vertex -76 -3.05 1.06065
      vertex -82.3972 -2.73935 0.75
      vertex -76 -3.04 1.05065
    endloop
  endfacet
  facet normal 5.47121e-07 -0.707101 -0.707113
    outer loop
      vertex -82.7459 -2.1763 0.186959
      vertex -76 -3.04 1.05065
      vertex -82.3972 -2.73935 0.75
    endloop
  endfacet
  facet normal -2.31605e-06 -0.707112 -0.707101
    outer loop
      vertex -82.8295 -2.05931 0.0699675
      vertex -76 -3.04 1.05065
      vertex -82.7459 -2.1763 0.186959
    endloop
  endfacet
  facet normal -1.29947e-05 -0.707149 -0.707064
    outer loop
      vertex -82.8795 -1.98935 0
      vertex -76 -3.04 1.05065
      vertex -82.8295 -2.05931 0.0699675
    endloop
  endfacet
  facet normal -1.42621e-18 -0.707107 -0.707107
    outer loop
      vertex -76 -3.04 1.05065
      vertex -82.8795 -1.98935 0
      vertex -74.9493 -1.98935 0
    endloop
  endfacet
  facet normal 0.89728 -0.441462 0
    outer loop
      vertex -82.5504 -3.05 10.9393
      vertex -82.5873 -3.125 11.25
      vertex -82.5504 -3.05 1.06065
    endloop
  endfacet
  facet normal 0.896865 -0.442305 -0.000252808
    outer loop
      vertex -82.5873 -3.125 11.25
      vertex -82.5504 -3.05 10.9393
      vertex -82.3971 -2.73933 11.25
    endloop
  endfacet
  facet normal 0.896948 -0.442136 0.000202259
    outer loop
      vertex -82.5504 -3.05 1.06065
      vertex -82.5873 -3.125 0.75
      vertex -82.3972 -2.73935 0.75
    endloop
  endfacet
  facet normal 0.89728 -0.441462 0
    outer loop
      vertex -82.5873 -3.125 0.75
      vertex -82.5504 -3.05 1.06065
      vertex -82.5873 -3.125 11.25
    endloop
  endfacet
  facet normal 0.442304 -0.896865 0
    outer loop
      vertex -85.6082 -5.77425 0.75
      vertex -84.875 -5.41266 11.25
      vertex -85.6082 -5.77425 11.25
    endloop
  endfacet
  facet normal 0.442304 -0.896865 0
    outer loop
      vertex -84.875 -5.41266 11.25
      vertex -85.6082 -5.77425 0.75
      vertex -84.875 -5.41266 0.75
    endloop
  endfacet
  facet normal -0.138099 -0.694264 -0.706347
    outer loop
      vertex -88.8158 -6.19653 0.75
      vertex -89.6176 -6.03704 0.75
      vertex -88.7179 -5.45295 0
    endloop
  endfacet
  facet normal -0.0462962 -0.706349 0.706349
    outer loop
      vertex -88 -5.5 12
      vertex -88.8158 -6.19653 11.25
      vertex -88 -6.25 11.25
    endloop
  endfacet
  facet normal 0.0462962 0.706349 -0.706349
    outer loop
      vertex -87.1842 6.19653 0.75
      vertex -88 5.5 0
      vertex -88 6.25 0.75
    endloop
  endfacet
  facet normal 0.896829 0.442377 0
    outer loop
      vertex -82.5873 3.125 11.25
      vertex -82.5503 3.04999 10.9393
      vertex -82.5873 3.125 0.75
    endloop
  endfacet
  facet normal 0.896865 0.442305 2.16156e-05
    outer loop
      vertex -82.5503 3.04999 10.9393
      vertex -82.5873 3.125 11.25
      vertex -82.3971 2.73933 11.25
    endloop
  endfacet
  facet normal 0.896829 0.442377 -0
    outer loop
      vertex -82.5503 3.04999 1.06065
      vertex -82.5873 3.125 0.75
      vertex -82.5503 3.04999 10.9393
    endloop
  endfacet
  facet normal 0.896952 0.442127 -7.50098e-05
    outer loop
      vertex -82.5873 3.125 0.75
      vertex -82.5503 3.04999 1.06065
      vertex -82.3972 2.73934 0.75
    endloop
  endfacet
  facet normal -0.670304 0.22758 0.706328
    outer loop
      vertex -93.0813 2.10476 12
      vertex -94.037 1.61762 11.25
      vertex -93.3126 1.4235 12
    endloop
  endfacet
  facet normal -0.588541 -0.393249 -0.706382
    outer loop
      vertex -92.9585 -3.80476 0.75
      vertex -93.4127 -3.125 0.75
      vertex -92.3634 -3.34819 0
    endloop
  endfacet
  facet normal -0.0462962 -0.706349 -0.706349
    outer loop
      vertex -88 -6.25 0.75
      vertex -88.8158 -6.19653 0.75
      vertex -88 -5.5 0
    endloop
  endfacet
  facet normal 0.0462962 0.706349 0.706349
    outer loop
      vertex -88 6.25 11.25
      vertex -88 5.5 12
      vertex -87.1842 6.19653 11.25
    endloop
  endfacet
  facet normal 0.588541 0.393249 0.706382
    outer loop
      vertex -83.0415 3.80476 11.25
      vertex -83.6366 3.34819 12
      vertex -82.5873 3.125 11.25
    endloop
  endfacet
  facet normal 0.0462962 -0.706349 0.706349
    outer loop
      vertex -88 -5.5 12
      vertex -88 -6.25 11.25
      vertex -87.1842 -6.19653 11.25
    endloop
  endfacet
  facet normal 0.442304 0.896865 -0
    outer loop
      vertex -84.875 5.41266 0.75
      vertex -85.6082 5.77425 11.25
      vertex -84.875 5.41266 11.25
    endloop
  endfacet
  facet normal 0.442304 0.896865 0
    outer loop
      vertex -85.6082 5.77425 11.25
      vertex -84.875 5.41266 0.75
      vertex -85.6082 5.77425 0.75
    endloop
  endfacet
  facet normal 0.46673 -0.532211 0.706339
    outer loop
      vertex -84.1109 -3.88909 12
      vertex -84.6518 -4.36344 12
      vertex -83.5806 -4.41942 11.25
    endloop
  endfacet
  facet normal 0.532154 0.466737 -0.706377
    outer loop
      vertex -83.0415 3.80476 0.75
      vertex -83.6366 3.34819 0
      vertex -83.5806 4.41942 0.75
    endloop
  endfacet
  facet normal -0.532237 -0.466704 0.706336
    outer loop
      vertex -92.3634 -3.34819 12
      vertex -92.4194 -4.41942 11.25
      vertex -91.8891 -3.88909 12
    endloop
  endfacet
  facet normal -0.393247 0.588571 0.706357
    outer loop
      vertex -91.125 5.41266 11.25
      vertex -91.8048 4.95846 11.25
      vertex -91.3482 4.36344 12
    endloop
  endfacet
  facet normal -0.0462962 0.706349 0.706349
    outer loop
      vertex -88 6.25 11.25
      vertex -88.8158 6.19653 11.25
      vertex -88 5.5 12
    endloop
  endfacet
  facet normal -0.634897 0.313019 0.706346
    outer loop
      vertex -93.4127 3.125 11.25
      vertex -93.7742 2.39177 11.25
      vertex -93.0813 2.10476 12
    endloop
  endfacet
  facet normal 0.46673 -0.532211 -0.706339
    outer loop
      vertex -83.5806 -4.41942 0.75
      vertex -84.6518 -4.36344 0
      vertex -84.1109 -3.88909 0
    endloop
  endfacet
  facet normal -0.670299 -0.227546 -0.706344
    outer loop
      vertex -93.7742 -2.39177 0.75
      vertex -94.037 -1.61762 0.75
      vertex -93.0813 -2.10476 0
    endloop
  endfacet
  facet normal -0.706336 0.0463417 0.706358
    outer loop
      vertex -93.4529 0.717894 12
      vertex -94.1965 0.815788 11.25
      vertex -93.5 0 12
    endloop
  endfacet
  facet normal -0.634897 -0.313019 0.706346
    outer loop
      vertex -93.0813 -2.10476 12
      vertex -93.7742 -2.39177 11.25
      vertex -93.4127 -3.125 11.25
    endloop
  endfacet
  facet normal 0.634832 -0.313067 -0.706383
    outer loop
      vertex -82.5873 -3.125 0.75
      vertex -83.2369 -2.75 0
      vertex -82.9187 -2.10476 0
    endloop
  endfacet
  facet normal 0.634832 -0.313067 0.706383
    outer loop
      vertex -82.9187 -2.10476 12
      vertex -83.2369 -2.75 12
      vertex -82.5873 -3.125 11.25
    endloop
  endfacet
  facet normal -0.313093 -0.634861 -0.706346
    outer loop
      vertex -90.3918 -5.77425 0.75
      vertex -91.125 -5.41266 0.75
      vertex -90.1048 -5.08134 0
    endloop
  endfacet
  facet normal 0.0654027 -0.997859 0
    outer loop
      vertex -88 -6.25 0.75
      vertex -87.1842 -6.19653 11.25
      vertex -88 -6.25 11.25
    endloop
  endfacet
  facet normal 0.0654027 -0.997859 0
    outer loop
      vertex -87.1842 -6.19653 11.25
      vertex -88 -6.25 0.75
      vertex -87.1842 -6.19653 0.75
    endloop
  endfacet
  facet normal 0.227524 -0.670304 0.706346
    outer loop
      vertex -85.8952 -5.08134 12
      vertex -86.3824 -6.03704 11.25
      vertex -85.6082 -5.77425 11.25
    endloop
  endfacet
  facet normal 0.313093 -0.634861 0.706346
    outer loop
      vertex -84.875 -5.41266 11.25
      vertex -85.8952 -5.08134 12
      vertex -85.6082 -5.77425 11.25
    endloop
  endfacet
  facet normal 0.313093 0.634861 0.706346
    outer loop
      vertex -85.6082 5.77425 11.25
      vertex -85.8952 5.08134 12
      vertex -84.875 5.41266 11.25
    endloop
  endfacet
  facet normal 0.227524 0.670304 0.706346
    outer loop
      vertex -85.6082 5.77425 11.25
      vertex -86.3824 6.03704 11.25
      vertex -85.8952 5.08134 12
    endloop
  endfacet
  facet normal -0.0462931 -0.70635 0.706347
    outer loop
      vertex -88.7179 -5.45295 12
      vertex -88.8158 -6.19653 11.25
      vertex -88 -5.5 12
    endloop
  endfacet
  facet normal -0.694255 0.138101 0.706356
    outer loop
      vertex -94.037 1.61762 11.25
      vertex -94.1965 0.815788 11.25
      vertex -93.4529 0.717894 12
    endloop
  endfacet
  facet normal -0.195093 0.980785 0
    outer loop
      vertex -88.8158 6.19653 0.75
      vertex -89.6176 6.03704 11.25
      vertex -88.8158 6.19653 11.25
    endloop
  endfacet
  facet normal -0.195093 0.980785 0
    outer loop
      vertex -89.6176 6.03704 11.25
      vertex -88.8158 6.19653 0.75
      vertex -89.6176 6.03704 0.75
    endloop
  endfacet
  facet normal -0.634832 0.313067 0.706383
    outer loop
      vertex -92.7631 2.75 12
      vertex -93.4127 3.125 11.25
      vertex -93.0813 2.10476 12
    endloop
  endfacet
  facet normal -0.997856 -0.0654402 1.34591e-19
    outer loop
      vertex -94.1965 -0.815788 0.75
      vertex -94.25 0 11.25
      vertex -94.25 0 0.75
    endloop
  endfacet
  facet normal -0.997856 -0.0654402 1.34591e-19
    outer loop
      vertex -94.25 0 11.25
      vertex -94.1965 -0.815788 0.75
      vertex -94.1965 -0.815788 11.25
    endloop
  endfacet
  facet normal -0.694255 -0.138101 -0.706356
    outer loop
      vertex -94.037 -1.61762 0.75
      vertex -94.1965 -0.815788 0.75
      vertex -93.4529 -0.717894 0
    endloop
  endfacet
  facet normal -0.588541 0.393249 -0.706382
    outer loop
      vertex -92.3634 3.34819 0
      vertex -93.4127 3.125 0.75
      vertex -92.9585 3.80476 0.75
    endloop
  endfacet
  facet normal -0.466745 -0.532172 -0.706358
    outer loop
      vertex -91.8048 -4.95846 0.75
      vertex -92.4194 -4.41942 0.75
      vertex -91.3482 -4.36344 0
    endloop
  endfacet
  facet normal -0.751805 -0.659386 2.77852e-18
    outer loop
      vertex -92.4194 -4.41942 0.75
      vertex -92.9585 -3.80476 11.25
      vertex -92.9585 -3.80476 0.75
    endloop
  endfacet
  facet normal -0.751805 -0.659386 2.77852e-18
    outer loop
      vertex -92.9585 -3.80476 11.25
      vertex -92.4194 -4.41942 0.75
      vertex -92.4194 -4.41942 11.25
    endloop
  endfacet
  facet normal -0.634897 -0.313019 -0.706346
    outer loop
      vertex -93.4127 -3.125 0.75
      vertex -93.7742 -2.39177 0.75
      vertex -93.0813 -2.10476 0
    endloop
  endfacet
  facet normal -0.227517 -0.670303 0.70635
    outer loop
      vertex -89.4235 -5.31259 12
      vertex -90.1048 -5.08134 12
      vertex -89.6176 -6.03704 11.25
    endloop
  endfacet
  facet normal -0.227524 -0.670304 0.706346
    outer loop
      vertex -90.1048 -5.08134 12
      vertex -90.3918 -5.77425 11.25
      vertex -89.6176 -6.03704 11.25
    endloop
  endfacet
  facet normal -0.670304 -0.22758 0.706328
    outer loop
      vertex -93.3126 -1.4235 12
      vertex -94.037 -1.61762 11.25
      vertex -93.0813 -2.10476 12
    endloop
  endfacet
  facet normal 0.588541 0.393249 -0.706382
    outer loop
      vertex -82.5873 3.125 0.75
      vertex -83.6366 3.34819 0
      vertex -83.0415 3.80476 0.75
    endloop
  endfacet
  facet normal 0.634826 0.313075 0.706385
    outer loop
      vertex -82.5873 3.125 11.25
      vertex -82.7459 2.17631 11.813
      vertex -82.3971 2.73933 11.25
    endloop
  endfacet
  facet normal 0.634809 0.313085 0.706396
    outer loop
      vertex -82.7459 2.17631 11.813
      vertex -82.5873 3.125 11.25
      vertex -82.9187 2.10476 12
    endloop
  endfacet
  facet normal -0.0462962 0.706349 -0.706349
    outer loop
      vertex -88 5.5 0
      vertex -88.8158 6.19653 0.75
      vertex -88 6.25 0.75
    endloop
  endfacet
  facet normal 0.195093 0.980785 -0
    outer loop
      vertex -86.3824 6.03704 0.75
      vertex -87.1842 6.19653 11.25
      vertex -86.3824 6.03704 11.25
    endloop
  endfacet
  facet normal 0.195093 0.980785 0
    outer loop
      vertex -87.1842 6.19653 11.25
      vertex -86.3824 6.03704 0.75
      vertex -87.1842 6.19653 0.75
    endloop
  endfacet
  facet normal 0.670132 -0.227618 -0.706479
    outer loop
      vertex -82.7459 -2.1763 0.186959
      vertex -82.9187 -2.10476 0
      vertex -82.8295 -2.05931 0.0699675
    endloop
  endfacet
  facet normal 0.532237 -0.466704 0.706336
    outer loop
      vertex -83.6366 -3.34819 12
      vertex -84.1109 -3.88909 12
      vertex -83.5806 -4.41942 11.25
    endloop
  endfacet
  facet normal 0.138099 -0.694264 -0.706347
    outer loop
      vertex -87.1842 -6.19653 0.75
      vertex -87.2821 -5.45295 0
      vertex -86.3824 -6.03704 0.75
    endloop
  endfacet
  facet normal 0.227517 0.670303 0.70635
    outer loop
      vertex -86.3824 6.03704 11.25
      vertex -86.5765 5.31259 12
      vertex -85.8952 5.08134 12
    endloop
  endfacet
  facet normal 0.138099 0.694264 0.706347
    outer loop
      vertex -87.1842 6.19653 11.25
      vertex -87.2821 5.45295 12
      vertex -86.3824 6.03704 11.25
    endloop
  endfacet
  facet normal -0.138099 0.694264 0.706347
    outer loop
      vertex -88.8158 6.19653 11.25
      vertex -89.6176 6.03704 11.25
      vertex -88.7179 5.45295 12
    endloop
  endfacet
  facet normal -0.138104 0.69426 0.70635
    outer loop
      vertex -88.7179 5.45295 12
      vertex -89.6176 6.03704 11.25
      vertex -89.4235 5.31259 12
    endloop
  endfacet
  facet normal -0.227517 0.670303 0.70635
    outer loop
      vertex -89.6176 6.03704 11.25
      vertex -90.1048 5.08134 12
      vertex -89.4235 5.31259 12
    endloop
  endfacet
  facet normal -0.83147 0.555569 -2.14399e-18
    outer loop
      vertex -93.4127 3.125 0.75
      vertex -92.9585 3.80476 11.25
      vertex -92.9585 3.80476 0.75
    endloop
  endfacet
  facet normal -0.83147 0.555569 -2.14399e-18
    outer loop
      vertex -92.9585 3.80476 11.25
      vertex -93.4127 3.125 0.75
      vertex -93.4127 3.125 11.25
    endloop
  endfacet
  facet normal -0.670304 0.22758 -0.706328
    outer loop
      vertex -93.3126 1.4235 0
      vertex -94.037 1.61762 0.75
      vertex -93.0813 2.10476 0
    endloop
  endfacet
  facet normal -0.393265 0.588569 0.706349
    outer loop
      vertex -91.125 5.41266 11.25
      vertex -91.3482 4.36344 12
      vertex -90.75 4.76314 12
    endloop
  endfacet
  facet normal -0.58854 0.393252 -0.70638
    outer loop
      vertex -92.7631 2.75 0
      vertex -93.4127 3.125 0.75
      vertex -92.3634 3.34819 0
    endloop
  endfacet
  facet normal -0.466745 0.532172 0.706358
    outer loop
      vertex -91.8048 4.95846 11.25
      vertex -92.4194 4.41942 11.25
      vertex -91.3482 4.36344 12
    endloop
  endfacet
  facet normal -0.313098 0.634854 -0.70635
    outer loop
      vertex -90.75 4.76314 0
      vertex -91.125 5.41266 0.75
      vertex -90.1048 5.08134 0
    endloop
  endfacet
  facet normal -0.442304 -0.896865 0
    outer loop
      vertex -91.125 -5.41266 0.75
      vertex -90.3918 -5.77425 11.25
      vertex -91.125 -5.41266 11.25
    endloop
  endfacet
  facet normal -0.442304 -0.896865 -0
    outer loop
      vertex -90.3918 -5.77425 11.25
      vertex -91.125 -5.41266 0.75
      vertex -90.3918 -5.77425 0.75
    endloop
  endfacet
  facet normal -0.532237 -0.466704 -0.706336
    outer loop
      vertex -91.8891 -3.88909 0
      vertex -92.4194 -4.41942 0.75
      vertex -92.3634 -3.34819 0
    endloop
  endfacet
  facet normal -0.313098 -0.634854 -0.70635
    outer loop
      vertex -90.1048 -5.08134 0
      vertex -91.125 -5.41266 0.75
      vertex -90.75 -4.76314 0
    endloop
  endfacet
  facet normal -0.896916 -0.442201 -3.12298e-18
    outer loop
      vertex -93.4127 -3.125 0.75
      vertex -93.7742 -2.39177 11.25
      vertex -93.7742 -2.39177 0.75
    endloop
  endfacet
  facet normal -0.896916 -0.442201 -3.12298e-18
    outer loop
      vertex -93.7742 -2.39177 11.25
      vertex -93.4127 -3.125 0.75
      vertex -93.4127 -3.125 11.25
    endloop
  endfacet
  facet normal -0.706348 -0.0463228 0.706348
    outer loop
      vertex -93.5 0 12
      vertex -94.25 0 11.25
      vertex -94.1965 -0.815788 11.25
    endloop
  endfacet
  facet normal -0.58854 -0.393252 0.70638
    outer loop
      vertex -92.7631 -2.75 12
      vertex -93.4127 -3.125 11.25
      vertex -92.3634 -3.34819 12
    endloop
  endfacet
  facet normal -0.313098 -0.634854 0.70635
    outer loop
      vertex -90.75 -4.76314 12
      vertex -91.125 -5.41266 11.25
      vertex -90.1048 -5.08134 12
    endloop
  endfacet
  facet normal -0.46673 -0.532211 0.706339
    outer loop
      vertex -91.8891 -3.88909 12
      vertex -92.4194 -4.41942 11.25
      vertex -91.3482 -4.36344 12
    endloop
  endfacet
  facet normal -0.634832 -0.313067 0.706383
    outer loop
      vertex -93.0813 -2.10476 12
      vertex -93.4127 -3.125 11.25
      vertex -92.7631 -2.75 12
    endloop
  endfacet
  facet normal -0.980784 -0.195097 -8.38331e-19
    outer loop
      vertex -94.037 -1.61762 0.75
      vertex -94.1965 -0.815788 11.25
      vertex -94.1965 -0.815788 0.75
    endloop
  endfacet
  facet normal -0.980784 -0.195097 -8.38331e-19
    outer loop
      vertex -94.1965 -0.815788 11.25
      vertex -94.037 -1.61762 0.75
      vertex -94.037 -1.61762 11.25
    endloop
  endfacet
  facet normal -0.670299 0.227546 0.706344
    outer loop
      vertex -93.7742 2.39177 11.25
      vertex -94.037 1.61762 11.25
      vertex -93.0813 2.10476 12
    endloop
  endfacet
  facet normal -0.706348 0.0463228 0.706348
    outer loop
      vertex -94.1965 0.815788 11.25
      vertex -94.25 0 11.25
      vertex -93.5 0 12
    endloop
  endfacet
  facet normal -0.997856 0.0654402 -1.34591e-19
    outer loop
      vertex -94.25 0 0.75
      vertex -94.1965 0.815788 11.25
      vertex -94.1965 0.815788 0.75
    endloop
  endfacet
  facet normal -0.997856 0.0654402 -1.34591e-19
    outer loop
      vertex -94.1965 0.815788 11.25
      vertex -94.25 0 0.75
      vertex -94.25 0 11.25
    endloop
  endfacet
  facet normal -0.706348 0.0463228 -0.706348
    outer loop
      vertex -93.5 0 0
      vertex -94.25 0 0.75
      vertex -94.1965 0.815788 0.75
    endloop
  endfacet
  facet normal 0.532237 0.466704 -0.706336
    outer loop
      vertex -83.6366 3.34819 0
      vertex -84.1109 3.88909 0
      vertex -83.5806 4.41942 0.75
    endloop
  endfacet
  facet normal 0.138104 0.69426 -0.70635
    outer loop
      vertex -86.5765 5.31259 0
      vertex -87.2821 5.45295 0
      vertex -86.3824 6.03704 0.75
    endloop
  endfacet
  facet normal 0.58854 -0.393252 -0.70638
    outer loop
      vertex -82.5873 -3.125 0.75
      vertex -83.6366 -3.34819 0
      vertex -83.2369 -2.75 0
    endloop
  endfacet
  facet normal 0.393265 -0.588569 0.706349
    outer loop
      vertex -84.6518 -4.36344 12
      vertex -85.25 -4.76314 12
      vertex -84.875 -5.41266 11.25
    endloop
  endfacet
  facet normal 0.313093 -0.634861 -0.706346
    outer loop
      vertex -85.6082 -5.77425 0.75
      vertex -85.8952 -5.08134 0
      vertex -84.875 -5.41266 0.75
    endloop
  endfacet
  facet normal 0.195093 -0.980785 0
    outer loop
      vertex -87.1842 -6.19653 0.75
      vertex -86.3824 -6.03704 11.25
      vertex -87.1842 -6.19653 11.25
    endloop
  endfacet
  facet normal 0.195093 -0.980785 0
    outer loop
      vertex -86.3824 -6.03704 11.25
      vertex -87.1842 -6.19653 0.75
      vertex -86.3824 -6.03704 0.75
    endloop
  endfacet
  facet normal 0.227517 -0.670303 0.70635
    outer loop
      vertex -85.8952 -5.08134 12
      vertex -86.5765 -5.31259 12
      vertex -86.3824 -6.03704 11.25
    endloop
  endfacet
  facet normal 0.0462931 0.70635 0.706347
    outer loop
      vertex -87.1842 6.19653 11.25
      vertex -88 5.5 12
      vertex -87.2821 5.45295 12
    endloop
  endfacet
  facet normal 0.0654027 0.997859 -0
    outer loop
      vertex -87.1842 6.19653 0.75
      vertex -88 6.25 11.25
      vertex -87.1842 6.19653 11.25
    endloop
  endfacet
  facet normal 0.0654027 0.997859 0
    outer loop
      vertex -88 6.25 11.25
      vertex -87.1842 6.19653 0.75
      vertex -88 6.25 0.75
    endloop
  endfacet
  facet normal -0.138104 0.69426 -0.70635
    outer loop
      vertex -89.4235 5.31259 0
      vertex -89.6176 6.03704 0.75
      vertex -88.7179 5.45295 0
    endloop
  endfacet
  facet normal -0.0462931 0.70635 0.706347
    outer loop
      vertex -88 5.5 12
      vertex -88.8158 6.19653 11.25
      vertex -88.7179 5.45295 12
    endloop
  endfacet
  facet normal -0.442304 0.896865 0
    outer loop
      vertex -90.3918 5.77425 0.75
      vertex -91.125 5.41266 11.25
      vertex -90.3918 5.77425 11.25
    endloop
  endfacet
  facet normal -0.442304 0.896865 0
    outer loop
      vertex -91.125 5.41266 11.25
      vertex -90.3918 5.77425 0.75
      vertex -91.125 5.41266 0.75
    endloop
  endfacet
  facet normal -0.555547 0.831485 0
    outer loop
      vertex -91.125 5.41266 0.75
      vertex -91.8048 4.95846 11.25
      vertex -91.125 5.41266 11.25
    endloop
  endfacet
  facet normal -0.555547 0.831485 0
    outer loop
      vertex -91.8048 4.95846 11.25
      vertex -91.125 5.41266 0.75
      vertex -91.8048 4.95846 0.75
    endloop
  endfacet
  facet normal -0.227524 0.670304 0.706346
    outer loop
      vertex -89.6176 6.03704 11.25
      vertex -90.3918 5.77425 11.25
      vertex -90.1048 5.08134 12
    endloop
  endfacet
  facet normal -0.313093 0.634861 0.706346
    outer loop
      vertex -90.3918 5.77425 11.25
      vertex -91.125 5.41266 11.25
      vertex -90.1048 5.08134 12
    endloop
  endfacet
  facet normal -0.751805 0.659386 -2.77852e-18
    outer loop
      vertex -92.9585 3.80476 0.75
      vertex -92.4194 4.41942 11.25
      vertex -92.4194 4.41942 0.75
    endloop
  endfacet
  facet normal -0.751805 0.659386 -2.77852e-18
    outer loop
      vertex -92.4194 4.41942 11.25
      vertex -92.9585 3.80476 0.75
      vertex -92.9585 3.80476 11.25
    endloop
  endfacet
  facet normal -0.706336 0.0463417 -0.706358
    outer loop
      vertex -93.5 0 0
      vertex -94.1965 0.815788 0.75
      vertex -93.4529 0.717894 0
    endloop
  endfacet
  facet normal -0.46673 0.532211 -0.706339
    outer loop
      vertex -91.8891 3.88909 0
      vertex -92.4194 4.41942 0.75
      vertex -91.3482 4.36344 0
    endloop
  endfacet
  facet normal -0.393247 0.588571 -0.706357
    outer loop
      vertex -91.3482 4.36344 0
      vertex -91.8048 4.95846 0.75
      vertex -91.125 5.41266 0.75
    endloop
  endfacet
  facet normal -0.532237 0.466704 0.706336
    outer loop
      vertex -91.8891 3.88909 12
      vertex -92.4194 4.41942 11.25
      vertex -92.3634 3.34819 12
    endloop
  endfacet
  facet normal -0.46673 0.532211 0.706339
    outer loop
      vertex -91.3482 4.36344 12
      vertex -92.4194 4.41942 11.25
      vertex -91.8891 3.88909 12
    endloop
  endfacet
  facet normal -0.0654027 -0.997859 0
    outer loop
      vertex -88.8158 -6.19653 0.75
      vertex -88 -6.25 11.25
      vertex -88.8158 -6.19653 11.25
    endloop
  endfacet
  facet normal -0.0654027 -0.997859 -0
    outer loop
      vertex -88 -6.25 11.25
      vertex -88.8158 -6.19653 0.75
      vertex -88 -6.25 0.75
    endloop
  endfacet
  facet normal -0.138099 -0.694264 0.706347
    outer loop
      vertex -88.7179 -5.45295 12
      vertex -89.6176 -6.03704 11.25
      vertex -88.8158 -6.19653 11.25
    endloop
  endfacet
  facet normal -0.138104 -0.69426 0.70635
    outer loop
      vertex -89.4235 -5.31259 12
      vertex -89.6176 -6.03704 11.25
      vertex -88.7179 -5.45295 12
    endloop
  endfacet
  facet normal -0.83147 -0.555569 2.14399e-18
    outer loop
      vertex -92.9585 -3.80476 0.75
      vertex -93.4127 -3.125 11.25
      vertex -93.4127 -3.125 0.75
    endloop
  endfacet
  facet normal -0.83147 -0.555569 2.14399e-18
    outer loop
      vertex -93.4127 -3.125 11.25
      vertex -92.9585 -3.80476 0.75
      vertex -92.9585 -3.80476 11.25
    endloop
  endfacet
  facet normal -0.532154 -0.466737 -0.706377
    outer loop
      vertex -92.4194 -4.41942 0.75
      vertex -92.9585 -3.80476 0.75
      vertex -92.3634 -3.34819 0
    endloop
  endfacet
  facet normal -0.694294 -0.138051 -0.706327
    outer loop
      vertex -93.3126 -1.4235 0
      vertex -94.037 -1.61762 0.75
      vertex -93.4529 -0.717894 0
    endloop
  endfacet
  facet normal -0.466745 -0.532172 0.706358
    outer loop
      vertex -91.3482 -4.36344 12
      vertex -92.4194 -4.41942 11.25
      vertex -91.8048 -4.95846 11.25
    endloop
  endfacet
  facet normal -0.670299 -0.227546 0.706344
    outer loop
      vertex -93.0813 -2.10476 12
      vertex -94.037 -1.61762 11.25
      vertex -93.7742 -2.39177 11.25
    endloop
  endfacet
  facet normal -0.946926 -0.321452 1.07831e-18
    outer loop
      vertex -93.7742 -2.39177 0.75
      vertex -94.037 -1.61762 11.25
      vertex -94.037 -1.61762 0.75
    endloop
  endfacet
  facet normal -0.946926 -0.321452 1.07831e-18
    outer loop
      vertex -94.037 -1.61762 11.25
      vertex -93.7742 -2.39177 0.75
      vertex -93.7742 -2.39177 11.25
    endloop
  endfacet
  facet normal -0.694255 -0.138101 0.706356
    outer loop
      vertex -93.4529 -0.717894 12
      vertex -94.1965 -0.815788 11.25
      vertex -94.037 -1.61762 11.25
    endloop
  endfacet
  facet normal -0.706336 -0.0463417 0.706358
    outer loop
      vertex -93.5 0 12
      vertex -94.1965 -0.815788 11.25
      vertex -93.4529 -0.717894 12
    endloop
  endfacet
  facet normal 0.58854 0.393252 -0.70638
    outer loop
      vertex -83.2369 2.75 0
      vertex -83.6366 3.34819 0
      vertex -82.5873 3.125 0.75
    endloop
  endfacet
  facet normal 0.313098 0.634854 -0.70635
    outer loop
      vertex -85.25 4.76314 0
      vertex -85.8952 5.08134 0
      vertex -84.875 5.41266 0.75
    endloop
  endfacet
  facet normal 0.227524 0.670304 -0.706346
    outer loop
      vertex -85.8952 5.08134 0
      vertex -86.3824 6.03704 0.75
      vertex -85.6082 5.77425 0.75
    endloop
  endfacet
  facet normal 0.138099 0.694264 -0.706347
    outer loop
      vertex -86.3824 6.03704 0.75
      vertex -87.2821 5.45295 0
      vertex -87.1842 6.19653 0.75
    endloop
  endfacet
  facet normal 0.634832 0.313067 -0.706383
    outer loop
      vertex -82.9187 2.10476 0
      vertex -83.2369 2.75 0
      vertex -82.5873 3.125 0.75
    endloop
  endfacet
  facet normal 0.63499 0.313 -0.706271
    outer loop
      vertex -82.7459 2.17631 0.186973
      vertex -82.5873 3.125 0.75
      vertex -82.3972 2.73934 0.75
    endloop
  endfacet
  facet normal 0.634724 0.313148 -0.706444
    outer loop
      vertex -82.5873 3.125 0.75
      vertex -82.7459 2.17631 0.186973
      vertex -82.9187 2.10476 0
    endloop
  endfacet
  facet normal 0.670287 -0.227669 0.706316
    outer loop
      vertex -82.8795 -1.98935 12
      vertex -82.9187 -2.10476 12
      vertex -82.8295 -2.05931 11.93
    endloop
  endfacet
  facet normal 0.532154 -0.466737 0.706377
    outer loop
      vertex -83.0415 -3.80476 11.25
      vertex -83.6366 -3.34819 12
      vertex -83.5806 -4.41942 11.25
    endloop
  endfacet
  facet normal 0.588541 -0.393249 0.706382
    outer loop
      vertex -82.5873 -3.125 11.25
      vertex -83.6366 -3.34819 12
      vertex -83.0415 -3.80476 11.25
    endloop
  endfacet
  facet normal 0.634988 -0.313007 -0.70627
    outer loop
      vertex -82.5873 -3.125 0.75
      vertex -82.7459 -2.1763 0.186959
      vertex -82.3972 -2.73935 0.75
    endloop
  endfacet
  facet normal 0.634694 -0.31317 -0.706462
    outer loop
      vertex -82.7459 -2.1763 0.186959
      vertex -82.5873 -3.125 0.75
      vertex -82.9187 -2.10476 0
    endloop
  endfacet
  facet normal 0.751805 -0.659386 -2.77852e-18
    outer loop
      vertex -83.5806 -4.41942 11.25
      vertex -83.0415 -3.80476 0.75
      vertex -83.0415 -3.80476 11.25
    endloop
  endfacet
  facet normal 0.751805 -0.659386 -2.77852e-18
    outer loop
      vertex -83.0415 -3.80476 0.75
      vertex -83.5806 -4.41942 11.25
      vertex -83.5806 -4.41942 0.75
    endloop
  endfacet
  facet normal 0.466745 -0.532172 0.706358
    outer loop
      vertex -83.5806 -4.41942 11.25
      vertex -84.6518 -4.36344 12
      vertex -84.1952 -4.95846 11.25
    endloop
  endfacet
  facet normal 0.393247 -0.588571 0.706357
    outer loop
      vertex -84.6518 -4.36344 12
      vertex -84.875 -5.41266 11.25
      vertex -84.1952 -4.95846 11.25
    endloop
  endfacet
  facet normal 0.555547 -0.831485 0
    outer loop
      vertex -84.875 -5.41266 0.75
      vertex -84.1952 -4.95846 11.25
      vertex -84.875 -5.41266 11.25
    endloop
  endfacet
  facet normal 0.555547 -0.831485 0
    outer loop
      vertex -84.1952 -4.95846 11.25
      vertex -84.875 -5.41266 0.75
      vertex -84.1952 -4.95846 0.75
    endloop
  endfacet
  facet normal 0.313098 -0.634854 -0.70635
    outer loop
      vertex -84.875 -5.41266 0.75
      vertex -85.8952 -5.08134 0
      vertex -85.25 -4.76314 0
    endloop
  endfacet
  facet normal 0.227524 -0.670304 -0.706346
    outer loop
      vertex -85.6082 -5.77425 0.75
      vertex -86.3824 -6.03704 0.75
      vertex -85.8952 -5.08134 0
    endloop
  endfacet
  facet normal 0.321422 -0.946936 0
    outer loop
      vertex -86.3824 -6.03704 0.75
      vertex -85.6082 -5.77425 11.25
      vertex -86.3824 -6.03704 11.25
    endloop
  endfacet
  facet normal 0.321422 -0.946936 0
    outer loop
      vertex -85.6082 -5.77425 11.25
      vertex -86.3824 -6.03704 0.75
      vertex -85.6082 -5.77425 0.75
    endloop
  endfacet
  facet normal 0.313098 -0.634854 0.70635
    outer loop
      vertex -85.25 -4.76314 12
      vertex -85.8952 -5.08134 12
      vertex -84.875 -5.41266 11.25
    endloop
  endfacet
  facet normal 0.0462931 -0.70635 0.706347
    outer loop
      vertex -87.2821 -5.45295 12
      vertex -88 -5.5 12
      vertex -87.1842 -6.19653 11.25
    endloop
  endfacet
  facet normal 0.138099 -0.694264 0.706347
    outer loop
      vertex -86.3824 -6.03704 11.25
      vertex -87.2821 -5.45295 12
      vertex -87.1842 -6.19653 11.25
    endloop
  endfacet
  facet normal 0.46673 0.532211 0.706339
    outer loop
      vertex -83.5806 4.41942 11.25
      vertex -84.6518 4.36344 12
      vertex -84.1109 3.88909 12
    endloop
  endfacet
  facet normal 0.659381 0.751809 -0
    outer loop
      vertex -83.5806 4.41942 0.75
      vertex -84.1952 4.95846 11.25
      vertex -83.5806 4.41942 11.25
    endloop
  endfacet
  facet normal 0.659381 0.751809 0
    outer loop
      vertex -84.1952 4.95846 11.25
      vertex -83.5806 4.41942 0.75
      vertex -84.1952 4.95846 0.75
    endloop
  endfacet
  facet normal 0.532237 0.466704 0.706336
    outer loop
      vertex -83.5806 4.41942 11.25
      vertex -84.1109 3.88909 12
      vertex -83.6366 3.34819 12
    endloop
  endfacet
  facet normal 0.532154 0.466737 0.706377
    outer loop
      vertex -83.5806 4.41942 11.25
      vertex -83.6366 3.34819 12
      vertex -83.0415 3.80476 11.25
    endloop
  endfacet
  facet normal 0.393247 0.588571 -0.706357
    outer loop
      vertex -84.6518 4.36344 0
      vertex -84.875 5.41266 0.75
      vertex -84.1952 4.95846 0.75
    endloop
  endfacet
  facet normal 0.555547 0.831485 -0
    outer loop
      vertex -84.1952 4.95846 0.75
      vertex -84.875 5.41266 11.25
      vertex -84.1952 4.95846 11.25
    endloop
  endfacet
  facet normal 0.555547 0.831485 0
    outer loop
      vertex -84.875 5.41266 11.25
      vertex -84.1952 4.95846 0.75
      vertex -84.875 5.41266 0.75
    endloop
  endfacet
  facet normal 0.634832 0.313067 0.706383
    outer loop
      vertex -82.5873 3.125 11.25
      vertex -83.2369 2.75 12
      vertex -82.9187 2.10476 12
    endloop
  endfacet
  facet normal 0.138104 0.69426 0.70635
    outer loop
      vertex -86.3824 6.03704 11.25
      vertex -87.2821 5.45295 12
      vertex -86.5765 5.31259 12
    endloop
  endfacet
  facet normal -0.980784 0.195097 8.38331e-19
    outer loop
      vertex -94.1965 0.815788 0.75
      vertex -94.037 1.61762 11.25
      vertex -94.037 1.61762 0.75
    endloop
  endfacet
  facet normal -0.980784 0.195097 8.38331e-19
    outer loop
      vertex -94.037 1.61762 11.25
      vertex -94.1965 0.815788 0.75
      vertex -94.1965 0.815788 11.25
    endloop
  endfacet
  facet normal -0.58854 0.393252 0.70638
    outer loop
      vertex -92.3634 3.34819 12
      vertex -93.4127 3.125 11.25
      vertex -92.7631 2.75 12
    endloop
  endfacet
  facet normal -0.313098 0.634854 0.70635
    outer loop
      vertex -90.1048 5.08134 12
      vertex -91.125 5.41266 11.25
      vertex -90.75 4.76314 12
    endloop
  endfacet
  facet normal -0.706336 -0.0463417 -0.706358
    outer loop
      vertex -93.4529 -0.717894 0
      vertex -94.1965 -0.815788 0.75
      vertex -93.5 0 0
    endloop
  endfacet
  facet normal -0.706348 -0.0463228 -0.706348
    outer loop
      vertex -94.1965 -0.815788 0.75
      vertex -94.25 0 0.75
      vertex -93.5 0 0
    endloop
  endfacet
  facet normal -0.694294 0.138051 -0.706327
    outer loop
      vertex -93.4529 0.717894 0
      vertex -94.037 1.61762 0.75
      vertex -93.3126 1.4235 0
    endloop
  endfacet
  facet normal -0.694255 0.138101 -0.706356
    outer loop
      vertex -93.4529 0.717894 0
      vertex -94.1965 0.815788 0.75
      vertex -94.037 1.61762 0.75
    endloop
  endfacet
  facet normal -0.321422 0.946936 0
    outer loop
      vertex -89.6176 6.03704 0.75
      vertex -90.3918 5.77425 11.25
      vertex -89.6176 6.03704 11.25
    endloop
  endfacet
  facet normal -0.321422 0.946936 0
    outer loop
      vertex -90.3918 5.77425 11.25
      vertex -89.6176 6.03704 0.75
      vertex -90.3918 5.77425 0.75
    endloop
  endfacet
  facet normal -0.313093 0.634861 -0.706346
    outer loop
      vertex -90.1048 5.08134 0
      vertex -91.125 5.41266 0.75
      vertex -90.3918 5.77425 0.75
    endloop
  endfacet
  facet normal -0.466745 0.532172 -0.706358
    outer loop
      vertex -91.3482 4.36344 0
      vertex -92.4194 4.41942 0.75
      vertex -91.8048 4.95846 0.75
    endloop
  endfacet
  facet normal -0.659381 0.751809 0
    outer loop
      vertex -91.8048 4.95846 0.75
      vertex -92.4194 4.41942 11.25
      vertex -91.8048 4.95846 11.25
    endloop
  endfacet
  facet normal -0.659381 0.751809 0
    outer loop
      vertex -92.4194 4.41942 11.25
      vertex -91.8048 4.95846 0.75
      vertex -92.4194 4.41942 0.75
    endloop
  endfacet
  facet normal -0.634832 0.313067 -0.706383
    outer loop
      vertex -93.0813 2.10476 0
      vertex -93.4127 3.125 0.75
      vertex -92.7631 2.75 0
    endloop
  endfacet
  facet normal -0.634897 0.313019 -0.706346
    outer loop
      vertex -93.0813 2.10476 0
      vertex -93.7742 2.39177 0.75
      vertex -93.4127 3.125 0.75
    endloop
  endfacet
  facet normal -0.896916 0.442201 3.12298e-18
    outer loop
      vertex -93.7742 2.39177 0.75
      vertex -93.4127 3.125 11.25
      vertex -93.4127 3.125 0.75
    endloop
  endfacet
  facet normal -0.896916 0.442201 3.12298e-18
    outer loop
      vertex -93.4127 3.125 11.25
      vertex -93.7742 2.39177 0.75
      vertex -93.7742 2.39177 11.25
    endloop
  endfacet
  facet normal -0.0462931 -0.70635 -0.706347
    outer loop
      vertex -88 -5.5 0
      vertex -88.8158 -6.19653 0.75
      vertex -88.7179 -5.45295 0
    endloop
  endfacet
  facet normal -0.227524 -0.670304 -0.706346
    outer loop
      vertex -89.6176 -6.03704 0.75
      vertex -90.3918 -5.77425 0.75
      vertex -90.1048 -5.08134 0
    endloop
  endfacet
  facet normal -0.313093 -0.634861 0.706346
    outer loop
      vertex -90.1048 -5.08134 12
      vertex -91.125 -5.41266 11.25
      vertex -90.3918 -5.77425 11.25
    endloop
  endfacet
  facet normal -0.393247 -0.588571 -0.706357
    outer loop
      vertex -91.125 -5.41266 0.75
      vertex -91.8048 -4.95846 0.75
      vertex -91.3482 -4.36344 0
    endloop
  endfacet
  facet normal -0.46673 -0.532211 -0.706339
    outer loop
      vertex -91.3482 -4.36344 0
      vertex -92.4194 -4.41942 0.75
      vertex -91.8891 -3.88909 0
    endloop
  endfacet
  facet normal -0.634832 -0.313067 -0.706383
    outer loop
      vertex -92.7631 -2.75 0
      vertex -93.4127 -3.125 0.75
      vertex -93.0813 -2.10476 0
    endloop
  endfacet
  facet normal -0.670304 -0.22758 -0.706328
    outer loop
      vertex -93.0813 -2.10476 0
      vertex -94.037 -1.61762 0.75
      vertex -93.3126 -1.4235 0
    endloop
  endfacet
  facet normal -0.393247 -0.588571 0.706357
    outer loop
      vertex -91.3482 -4.36344 12
      vertex -91.8048 -4.95846 11.25
      vertex -91.125 -5.41266 11.25
    endloop
  endfacet
  facet normal -0.393265 -0.588569 0.706349
    outer loop
      vertex -90.75 -4.76314 12
      vertex -91.3482 -4.36344 12
      vertex -91.125 -5.41266 11.25
    endloop
  endfacet
  facet normal -0.555547 -0.831485 0
    outer loop
      vertex -91.8048 -4.95846 0.75
      vertex -91.125 -5.41266 11.25
      vertex -91.8048 -4.95846 11.25
    endloop
  endfacet
  facet normal -0.555547 -0.831485 -0
    outer loop
      vertex -91.125 -5.41266 11.25
      vertex -91.8048 -4.95846 0.75
      vertex -91.125 -5.41266 0.75
    endloop
  endfacet
  facet normal -0.659381 -0.751809 0
    outer loop
      vertex -92.4194 -4.41942 0.75
      vertex -91.8048 -4.95846 11.25
      vertex -92.4194 -4.41942 11.25
    endloop
  endfacet
  facet normal -0.659381 -0.751809 -0
    outer loop
      vertex -91.8048 -4.95846 11.25
      vertex -92.4194 -4.41942 0.75
      vertex -91.8048 -4.95846 0.75
    endloop
  endfacet
  facet normal -0.588541 -0.393249 0.706382
    outer loop
      vertex -92.3634 -3.34819 12
      vertex -93.4127 -3.125 11.25
      vertex -92.9585 -3.80476 11.25
    endloop
  endfacet
  facet normal -0.532154 -0.466737 0.706377
    outer loop
      vertex -92.3634 -3.34819 12
      vertex -92.9585 -3.80476 11.25
      vertex -92.4194 -4.41942 11.25
    endloop
  endfacet
  facet normal -0.694294 -0.138051 0.706327
    outer loop
      vertex -93.4529 -0.717894 12
      vertex -94.037 -1.61762 11.25
      vertex -93.3126 -1.4235 12
    endloop
  endfacet
  facet normal 0.227517 0.670303 -0.70635
    outer loop
      vertex -85.8952 5.08134 0
      vertex -86.5765 5.31259 0
      vertex -86.3824 6.03704 0.75
    endloop
  endfacet
  facet normal 0.313093 0.634861 -0.706346
    outer loop
      vertex -84.875 5.41266 0.75
      vertex -85.8952 5.08134 0
      vertex -85.6082 5.77425 0.75
    endloop
  endfacet
  facet normal -0.138099 0.694264 -0.706347
    outer loop
      vertex -88.7179 5.45295 0
      vertex -89.6176 6.03704 0.75
      vertex -88.8158 6.19653 0.75
    endloop
  endfacet
  facet normal 0.0462931 0.70635 -0.706347
    outer loop
      vertex -87.2821 5.45295 0
      vertex -88 5.5 0
      vertex -87.1842 6.19653 0.75
    endloop
  endfacet
  facet normal 0.67026 -0.227481 0.706402
    outer loop
      vertex -82.8295 -2.05931 11.93
      vertex -82.9187 -2.10476 12
      vertex -82.7459 -2.17631 11.813
    endloop
  endfacet
  facet normal 0.634826 -0.313075 0.706385
    outer loop
      vertex -82.7459 -2.17631 11.813
      vertex -82.5873 -3.125 11.25
      vertex -82.3971 -2.73933 11.25
    endloop
  endfacet
  facet normal 0.634809 -0.313085 0.706396
    outer loop
      vertex -82.5873 -3.125 11.25
      vertex -82.7459 -2.17631 11.813
      vertex -82.9187 -2.10476 12
    endloop
  endfacet
  facet normal 0.58854 -0.393252 0.70638
    outer loop
      vertex -83.2369 -2.75 12
      vertex -83.6366 -3.34819 12
      vertex -82.5873 -3.125 11.25
    endloop
  endfacet
  facet normal 0.670132 -0.227616 -0.70648
    outer loop
      vertex -82.8295 -2.05931 0.0699675
      vertex -82.9187 -2.10476 0
      vertex -82.8795 -1.98935 0
    endloop
  endfacet
  facet normal 0.659381 -0.751809 0
    outer loop
      vertex -84.1952 -4.95846 0.75
      vertex -83.5806 -4.41942 11.25
      vertex -84.1952 -4.95846 11.25
    endloop
  endfacet
  facet normal 0.659381 -0.751809 0
    outer loop
      vertex -83.5806 -4.41942 11.25
      vertex -84.1952 -4.95846 0.75
      vertex -83.5806 -4.41942 0.75
    endloop
  endfacet
  facet normal 0.588541 -0.393249 -0.706382
    outer loop
      vertex -83.0415 -3.80476 0.75
      vertex -83.6366 -3.34819 0
      vertex -82.5873 -3.125 0.75
    endloop
  endfacet
  facet normal 0.83147 -0.555569 -2.14399e-18
    outer loop
      vertex -83.0415 -3.80476 11.25
      vertex -82.5873 -3.125 0.75
      vertex -82.5873 -3.125 11.25
    endloop
  endfacet
  facet normal 0.83147 -0.555569 -2.14399e-18
    outer loop
      vertex -82.5873 -3.125 0.75
      vertex -83.0415 -3.80476 11.25
      vertex -83.0415 -3.80476 0.75
    endloop
  endfacet
  facet normal 0.466745 -0.532172 -0.706358
    outer loop
      vertex -84.1952 -4.95846 0.75
      vertex -84.6518 -4.36344 0
      vertex -83.5806 -4.41942 0.75
    endloop
  endfacet
  facet normal 0.393247 -0.588571 -0.706357
    outer loop
      vertex -84.1952 -4.95846 0.75
      vertex -84.875 -5.41266 0.75
      vertex -84.6518 -4.36344 0
    endloop
  endfacet
  facet normal 0.0462962 -0.706349 -0.706349
    outer loop
      vertex -87.1842 -6.19653 0.75
      vertex -88 -6.25 0.75
      vertex -88 -5.5 0
    endloop
  endfacet
  facet normal 0.0462931 -0.70635 -0.706347
    outer loop
      vertex -87.1842 -6.19653 0.75
      vertex -88 -5.5 0
      vertex -87.2821 -5.45295 0
    endloop
  endfacet
  facet normal 0.227517 -0.670303 -0.70635
    outer loop
      vertex -86.3824 -6.03704 0.75
      vertex -86.5765 -5.31259 0
      vertex -85.8952 -5.08134 0
    endloop
  endfacet
  facet normal 0.138104 -0.69426 -0.70635
    outer loop
      vertex -86.3824 -6.03704 0.75
      vertex -87.2821 -5.45295 0
      vertex -86.5765 -5.31259 0
    endloop
  endfacet
  facet normal 0.138104 -0.69426 0.70635
    outer loop
      vertex -86.5765 -5.31259 12
      vertex -87.2821 -5.45295 12
      vertex -86.3824 -6.03704 11.25
    endloop
  endfacet
  facet normal 0.466745 0.532172 -0.706358
    outer loop
      vertex -83.5806 4.41942 0.75
      vertex -84.6518 4.36344 0
      vertex -84.1952 4.95846 0.75
    endloop
  endfacet
  facet normal 0.46673 0.532211 -0.706339
    outer loop
      vertex -84.1109 3.88909 0
      vertex -84.6518 4.36344 0
      vertex -83.5806 4.41942 0.75
    endloop
  endfacet
  facet normal 0.751805 0.659386 2.77852e-18
    outer loop
      vertex -83.0415 3.80476 11.25
      vertex -83.5806 4.41942 0.75
      vertex -83.5806 4.41942 11.25
    endloop
  endfacet
  facet normal 0.751805 0.659386 2.77852e-18
    outer loop
      vertex -83.5806 4.41942 0.75
      vertex -83.0415 3.80476 11.25
      vertex -83.0415 3.80476 0.75
    endloop
  endfacet
  facet normal 0.83147 0.555569 2.14399e-18
    outer loop
      vertex -82.5873 3.125 11.25
      vertex -83.0415 3.80476 0.75
      vertex -83.0415 3.80476 11.25
    endloop
  endfacet
  facet normal 0.83147 0.555569 2.14399e-18
    outer loop
      vertex -83.0415 3.80476 0.75
      vertex -82.5873 3.125 11.25
      vertex -82.5873 3.125 0.75
    endloop
  endfacet
  facet normal 0.58854 0.393252 0.70638
    outer loop
      vertex -82.5873 3.125 11.25
      vertex -83.6366 3.34819 12
      vertex -83.2369 2.75 12
    endloop
  endfacet
  facet normal 0.67026 0.227481 0.706402
    outer loop
      vertex -82.7459 2.17631 11.813
      vertex -82.9187 2.10476 12
      vertex -82.8295 2.05931 11.93
    endloop
  endfacet
  facet normal 0.670284 0.227648 0.706325
    outer loop
      vertex -82.8295 2.05931 11.93
      vertex -82.9187 2.10476 12
      vertex -82.8795 1.98934 12
    endloop
  endfacet
  facet normal 0.670154 0.227604 -0.706463
    outer loop
      vertex -82.8795 1.98934 0
      vertex -82.9187 2.10476 0
      vertex -82.8295 2.05931 0.0699727
    endloop
  endfacet
  facet normal 0.670155 0.227614 -0.706458
    outer loop
      vertex -82.8295 2.05931 0.0699727
      vertex -82.9187 2.10476 0
      vertex -82.7459 2.17631 0.186973
    endloop
  endfacet
  facet normal -0.694294 0.138051 0.706327
    outer loop
      vertex -93.3126 1.4235 12
      vertex -94.037 1.61762 11.25
      vertex -93.4529 0.717894 12
    endloop
  endfacet
  facet normal -0.532154 0.466737 0.706377
    outer loop
      vertex -92.4194 4.41942 11.25
      vertex -92.9585 3.80476 11.25
      vertex -92.3634 3.34819 12
    endloop
  endfacet
  facet normal -0.588541 0.393249 0.706382
    outer loop
      vertex -92.9585 3.80476 11.25
      vertex -93.4127 3.125 11.25
      vertex -92.3634 3.34819 12
    endloop
  endfacet
  facet normal -0.946926 0.321452 -1.07831e-18
    outer loop
      vertex -94.037 1.61762 0.75
      vertex -93.7742 2.39177 11.25
      vertex -93.7742 2.39177 0.75
    endloop
  endfacet
  facet normal -0.946926 0.321452 -1.07831e-18
    outer loop
      vertex -93.7742 2.39177 11.25
      vertex -94.037 1.61762 0.75
      vertex -94.037 1.61762 11.25
    endloop
  endfacet
  facet normal -0.670299 0.227546 -0.706344
    outer loop
      vertex -93.0813 2.10476 0
      vertex -94.037 1.61762 0.75
      vertex -93.7742 2.39177 0.75
    endloop
  endfacet
  facet normal -0.227524 0.670304 -0.706346
    outer loop
      vertex -90.1048 5.08134 0
      vertex -90.3918 5.77425 0.75
      vertex -89.6176 6.03704 0.75
    endloop
  endfacet
  facet normal -0.227517 0.670303 -0.70635
    outer loop
      vertex -89.4235 5.31259 0
      vertex -90.1048 5.08134 0
      vertex -89.6176 6.03704 0.75
    endloop
  endfacet
  facet normal -0.532237 0.466704 -0.706336
    outer loop
      vertex -92.3634 3.34819 0
      vertex -92.4194 4.41942 0.75
      vertex -91.8891 3.88909 0
    endloop
  endfacet
  facet normal -0.532154 0.466737 -0.706377
    outer loop
      vertex -92.3634 3.34819 0
      vertex -92.9585 3.80476 0.75
      vertex -92.4194 4.41942 0.75
    endloop
  endfacet
  facet normal -0.393265 0.588569 -0.706349
    outer loop
      vertex -90.75 4.76314 0
      vertex -91.3482 4.36344 0
      vertex -91.125 5.41266 0.75
    endloop
  endfacet
  facet normal -0.227517 -0.670303 -0.70635
    outer loop
      vertex -89.6176 -6.03704 0.75
      vertex -90.1048 -5.08134 0
      vertex -89.4235 -5.31259 0
    endloop
  endfacet
  facet normal -0.138104 -0.69426 -0.70635
    outer loop
      vertex -88.7179 -5.45295 0
      vertex -89.6176 -6.03704 0.75
      vertex -89.4235 -5.31259 0
    endloop
  endfacet
  facet normal -0.195093 -0.980785 0
    outer loop
      vertex -89.6176 -6.03704 0.75
      vertex -88.8158 -6.19653 11.25
      vertex -89.6176 -6.03704 11.25
    endloop
  endfacet
  facet normal -0.195093 -0.980785 -0
    outer loop
      vertex -88.8158 -6.19653 11.25
      vertex -89.6176 -6.03704 0.75
      vertex -88.8158 -6.19653 0.75
    endloop
  endfacet
  facet normal -0.321422 -0.946936 0
    outer loop
      vertex -90.3918 -5.77425 0.75
      vertex -89.6176 -6.03704 11.25
      vertex -90.3918 -5.77425 11.25
    endloop
  endfacet
  facet normal -0.321422 -0.946936 -0
    outer loop
      vertex -89.6176 -6.03704 11.25
      vertex -90.3918 -5.77425 0.75
      vertex -89.6176 -6.03704 0.75
    endloop
  endfacet
  facet normal -0.58854 -0.393252 -0.70638
    outer loop
      vertex -92.3634 -3.34819 0
      vertex -93.4127 -3.125 0.75
      vertex -92.7631 -2.75 0
    endloop
  endfacet
  facet normal 0.321422 0.946936 -0
    outer loop
      vertex -85.6082 5.77425 0.75
      vertex -86.3824 6.03704 11.25
      vertex -85.6082 5.77425 11.25
    endloop
  endfacet
  facet normal 0.321422 0.946936 0
    outer loop
      vertex -86.3824 6.03704 11.25
      vertex -85.6082 5.77425 0.75
      vertex -86.3824 6.03704 0.75
    endloop
  endfacet
  facet normal -0.0654027 0.997859 0
    outer loop
      vertex -88 6.25 0.75
      vertex -88.8158 6.19653 11.25
      vertex -88 6.25 11.25
    endloop
  endfacet
  facet normal -0.0654027 0.997859 0
    outer loop
      vertex -88.8158 6.19653 11.25
      vertex -88 6.25 0.75
      vertex -88.8158 6.19653 0.75
    endloop
  endfacet
  facet normal -0.0462931 0.70635 -0.706347
    outer loop
      vertex -88.7179 5.45295 0
      vertex -88.8158 6.19653 0.75
      vertex -88 5.5 0
    endloop
  endfacet
  facet normal 0.532154 -0.466737 -0.706377
    outer loop
      vertex -83.5806 -4.41942 0.75
      vertex -83.6366 -3.34819 0
      vertex -83.0415 -3.80476 0.75
    endloop
  endfacet
  facet normal 0.532237 -0.466704 -0.706336
    outer loop
      vertex -83.5806 -4.41942 0.75
      vertex -84.1109 -3.88909 0
      vertex -83.6366 -3.34819 0
    endloop
  endfacet
  facet normal 0.393265 -0.588569 -0.706349
    outer loop
      vertex -84.875 -5.41266 0.75
      vertex -85.25 -4.76314 0
      vertex -84.6518 -4.36344 0
    endloop
  endfacet
  facet normal 0.393247 0.588571 0.706357
    outer loop
      vertex -84.1952 4.95846 11.25
      vertex -84.875 5.41266 11.25
      vertex -84.6518 4.36344 12
    endloop
  endfacet
  facet normal 0.466745 0.532172 0.706358
    outer loop
      vertex -84.1952 4.95846 11.25
      vertex -84.6518 4.36344 12
      vertex -83.5806 4.41942 11.25
    endloop
  endfacet
  facet normal 0.393265 0.588569 0.706349
    outer loop
      vertex -84.875 5.41266 11.25
      vertex -85.25 4.76314 12
      vertex -84.6518 4.36344 12
    endloop
  endfacet
  facet normal 0.313098 0.634854 0.70635
    outer loop
      vertex -84.875 5.41266 11.25
      vertex -85.8952 5.08134 12
      vertex -85.25 4.76314 12
    endloop
  endfacet
  facet normal 0.393265 0.588569 -0.706349
    outer loop
      vertex -84.6518 4.36344 0
      vertex -85.25 4.76314 0
      vertex -84.875 5.41266 0.75
    endloop
  endfacet
  facet normal -0.393265 -0.588569 -0.706349
    outer loop
      vertex -91.125 -5.41266 0.75
      vertex -91.3482 -4.36344 0
      vertex -90.75 -4.76314 0
    endloop
  endfacet
  facet normal 0 -1 0
    outer loop
      vertex 69.5672 3.14999 1.06065
      vertex 74.9293 3.14999 10.9393
      vertex 69.5672 3.14999 10.9393
    endloop
  endfacet
  facet normal 0 -1 -0
    outer loop
      vertex 74.9293 3.14999 10.9393
      vertex 69.5672 3.14999 1.06065
      vertex 74.9293 3.14999 1.06065
    endloop
  endfacet
  facet normal 0.000197741 -0.710446 0.703752
    outer loop
      vertex 69.5672 3.14999 10.9393
      vertex 69.7621 4.20075 12
      vertex 69.5324 3.76503 11.5602
    endloop
  endfacet
  facet normal 0 -0.710431 0.703767
    outer loop
      vertex 69.7621 4.20075 12
      vertex 74.9293 3.15 10.9393
      vertex 74.9493 4.20075 12
    endloop
  endfacet
  facet normal -4.08469e-05 -0.710443 0.703754
    outer loop
      vertex 69.5426 3.2 10.9898
      vertex 69.5324 3.76503 11.5602
      vertex 69.3703 3.45776 11.25
    endloop
  endfacet
  facet normal 0.000436826 -0.710439 0.703759
    outer loop
      vertex 69.5672 3.14999 10.9393
      vertex 69.5324 3.76503 11.5602
      vertex 69.5426 3.2 10.9898
    endloop
  endfacet
  facet normal -2.3261e-05 -0.710431 0.703767
    outer loop
      vertex 74.9493 4.20075 12
      vertex 74.9293 3.15 10.9393
      vertex 75.4671 3.68779 11.4822
    endloop
  endfacet
  facet normal 1.32491e-06 -0.710428 0.70377
    outer loop
      vertex 69.7621 4.20075 12
      vertex 69.5672 3.14999 10.9393
      vertex 74.9293 3.15 10.9393
    endloop
  endfacet
  facet normal 0 0 1
    outer loop
      vertex 74.9293 3.15 10.9393
      vertex 69.5672 3.14999 10.9393
      vertex 74.9293 3.14999 10.9393
    endloop
  endfacet
  facet normal -7.89561e-18 0.710431 0.703767
    outer loop
      vertex 74.9293 -3.15 10.9393
      vertex 69.7621 -4.20075 12
      vertex 74.9493 -4.20075 12
    endloop
  endfacet
  facet normal -2.3261e-05 0.710431 0.703767
    outer loop
      vertex 74.9293 -3.15 10.9393
      vertex 74.9493 -4.20075 12
      vertex 75.4671 -3.68779 11.4822
    endloop
  endfacet
  facet normal 1.32491e-06 0.710428 0.70377
    outer loop
      vertex 69.5672 -3.14999 10.9393
      vertex 69.7621 -4.20075 12
      vertex 74.9293 -3.15 10.9393
    endloop
  endfacet
  facet normal -0.000270324 0.710403 0.703795
    outer loop
      vertex 69.7621 -4.20075 12
      vertex 69.5672 -3.14999 10.9393
      vertex 69.6263 -3.94322 11.74
    endloop
  endfacet
  facet normal 6.72224e-05 0.710408 0.70379
    outer loop
      vertex 69.6263 -3.94322 11.74
      vertex 69.5426 -3.2 10.9898
      vertex 69.3703 -3.45776 11.25
    endloop
  endfacet
  facet normal -0 0 1
    outer loop
      vertex 69.5672 -3.14999 10.9393
      vertex 74.9293 -3.15 10.9393
      vertex 74.9293 -3.14999 10.9393
    endloop
  endfacet
  facet normal 0.000473207 0.71043 0.703767
    outer loop
      vertex 69.6263 -3.94322 11.74
      vertex 69.5672 -3.14999 10.9393
      vertex 69.5426 -3.2 10.9898
    endloop
  endfacet
  facet normal 0 1 -0
    outer loop
      vertex 74.9293 -3.14999 1.06065
      vertex 69.5672 -3.14999 10.9393
      vertex 74.9293 -3.14999 10.9393
    endloop
  endfacet
  facet normal 0 1 0
    outer loop
      vertex 69.5672 -3.14999 10.9393
      vertex 74.9293 -3.14999 1.06065
      vertex 69.5672 -3.14999 1.06065
    endloop
  endfacet
  facet normal 0 0 -1
    outer loop
      vertex 74.9293 -3.15 1.06065
      vertex 69.5672 -3.14999 1.06065
      vertex 74.9293 -3.14999 1.06065
    endloop
  endfacet
  facet normal 1.32488e-06 0.710411 -0.703787
    outer loop
      vertex 69.7621 -4.20075 0
      vertex 69.5672 -3.14999 1.06065
      vertex 74.9293 -3.15 1.06065
    endloop
  endfacet
  facet normal -8.98633e-06 0.71041 -0.703788
    outer loop
      vertex 69.5324 -3.76503 0.439823
      vertex 69.5672 -3.14999 1.06065
      vertex 69.7621 -4.20075 0
    endloop
  endfacet
  facet normal -5.37324e-06 0.710414 -0.703784
    outer loop
      vertex 74.9493 -4.20075 0
      vertex 74.9293 -3.15 1.06065
      vertex 75.4671 -3.68779 0.517789
    endloop
  endfacet
  facet normal 0 0.710414 -0.703784
    outer loop
      vertex 69.7621 -4.20075 0
      vertex 74.9293 -3.15 1.06065
      vertex 74.9493 -4.20075 0
    endloop
  endfacet
  facet normal -8.43269e-08 0.710417 -0.703781
    outer loop
      vertex 69.5426 -3.2 1.01018
      vertex 69.5324 -3.76503 0.439823
      vertex 69.3703 -3.45775 0.75
    endloop
  endfacet
  facet normal -0.000341096 0.71042 -0.703778
    outer loop
      vertex 69.5672 -3.14999 1.06065
      vertex 69.5324 -3.76503 0.439823
      vertex 69.5426 -3.2 1.01018
    endloop
  endfacet
  facet normal 0 0 -1
    outer loop
      vertex 69.5672 3.14999 1.06065
      vertex 74.9293 3.15 1.06065
      vertex 74.9293 3.14999 1.06065
    endloop
  endfacet
  facet normal -0.000267609 -0.710402 -0.703796
    outer loop
      vertex 69.6263 3.94321 0.259963
      vertex 69.5672 3.14999 1.06065
      vertex 69.5426 3.2 1.01018
    endloop
  endfacet
  facet normal -2.53755e-07 -0.710417 -0.703781
    outer loop
      vertex 69.6263 3.94321 0.259963
      vertex 69.5426 3.2 1.01018
      vertex 69.3703 3.45775 0.75
    endloop
  endfacet
  facet normal 8.2106e-06 -0.710412 -0.703786
    outer loop
      vertex 69.5672 3.14999 1.06065
      vertex 69.6263 3.94321 0.259963
      vertex 69.7621 4.20075 0
    endloop
  endfacet
  facet normal 1.32488e-06 -0.710411 -0.703787
    outer loop
      vertex 69.5672 3.14999 1.06065
      vertex 69.7621 4.20075 0
      vertex 74.9293 3.15 1.06065
    endloop
  endfacet
  facet normal 4.19989e-18 -0.710414 -0.703784
    outer loop
      vertex 74.9293 3.15 1.06065
      vertex 69.7621 4.20075 0
      vertex 74.9493 4.20075 0
    endloop
  endfacet
  facet normal -5.37324e-06 -0.710414 -0.703784
    outer loop
      vertex 74.9293 3.15 1.06065
      vertex 74.9493 4.20075 0
      vertex 75.4671 3.68779 0.517789
    endloop
  endfacet
  facet normal 0.0653972 0.997859 -0
    outer loop
      vertex 64 -6.39999 0.75
      vertex 63.1646 -6.34524 11.25
      vertex 64 -6.39999 11.25
    endloop
  endfacet
  facet normal 0.0653972 0.997859 0
    outer loop
      vertex 63.1646 -6.34524 11.25
      vertex 64 -6.39999 0.75
      vertex 63.1646 -6.34524 0.75
    endloop
  endfacet
  facet normal 0.0465969 0.710997 0.70165
    outer loop
      vertex 64 -6.39999 11.25
      vertex 63.079 -7.07977 12
      vertex 64 -7.14013 12
    endloop
  endfacet
  facet normal 0.0465969 0.710997 0.70165
    outer loop
      vertex 63.1646 -6.34524 11.25
      vertex 63.079 -7.07977 12
      vertex 64 -6.39999 11.25
    endloop
  endfacet
  facet normal 0.0465383 0.711002 0.701648
    outer loop
      vertex 63.079 -7.07977 12
      vertex 63.1646 -6.34524 11.25
      vertex 63.068 -7.07905 12
    endloop
  endfacet
  facet normal 0.0465381 0.710999 -0.701652
    outer loop
      vertex 63.989 -7.13941 0
      vertex 64 -6.39999 0.75
      vertex 64 -7.14013 0
    endloop
  endfacet
  facet normal 0.0465969 0.710996 -0.70165
    outer loop
      vertex 64 -6.39999 0.75
      vertex 63.989 -7.13941 0
      vertex 63.1646 -6.34524 0.75
    endloop
  endfacet
  facet normal 0.0465969 0.710996 -0.70165
    outer loop
      vertex 63.989 -7.13941 0
      vertex 63.068 -7.07905 0
      vertex 63.1646 -6.34524 0.75
    endloop
  endfacet
  facet normal 0.195105 0.980782 -0
    outer loop
      vertex 63.1646 -6.34524 0.75
      vertex 62.3436 -6.18192 11.25
      vertex 63.1646 -6.34524 11.25
    endloop
  endfacet
  facet normal 0.195105 0.980782 0
    outer loop
      vertex 62.3436 -6.18192 11.25
      vertex 63.1646 -6.34524 0.75
      vertex 62.3436 -6.18192 0.75
    endloop
  endfacet
  facet normal 0.139017 0.698829 0.701649
    outer loop
      vertex 63.1646 -6.34524 11.25
      vertex 62.1628 -6.89898 12
      vertex 63.068 -7.07905 12
    endloop
  endfacet
  facet normal 0.139017 0.698829 0.701649
    outer loop
      vertex 62.3436 -6.18192 11.25
      vertex 62.1628 -6.89898 12
      vertex 63.1646 -6.34524 11.25
    endloop
  endfacet
  facet normal 0.138495 0.698947 0.701636
    outer loop
      vertex 62.1628 -6.89898 12
      vertex 62.3436 -6.18192 11.25
      vertex 62.152 -6.89684 12
    endloop
  endfacet
  facet normal 0.139116 0.698813 -0.701646
    outer loop
      vertex 63.0572 -7.0769 0
      vertex 63.1646 -6.34524 0.75
      vertex 63.068 -7.07905 0
    endloop
  endfacet
  facet normal 0.139017 0.69883 -0.701649
    outer loop
      vertex 63.1646 -6.34524 0.75
      vertex 63.0572 -7.0769 0
      vertex 62.3436 -6.18192 0.75
    endloop
  endfacet
  facet normal 0.139009 0.698827 -0.701653
    outer loop
      vertex 63.0572 -7.0769 0
      vertex 62.152 -6.89684 0
      vertex 62.3436 -6.18192 0.75
    endloop
  endfacet
  facet normal 0.321419 0.946937 -0
    outer loop
      vertex 62.3436 -6.18192 0.75
      vertex 61.5508 -5.91282 11.25
      vertex 62.3436 -6.18192 11.25
    endloop
  endfacet
  facet normal 0.321419 0.946937 0
    outer loop
      vertex 61.5508 -5.91282 11.25
      vertex 62.3436 -6.18192 0.75
      vertex 61.5508 -5.91282 0.75
    endloop
  endfacet
  facet normal 0.229029 0.674704 0.701655
    outer loop
      vertex 62.3436 -6.18192 11.25
      vertex 61.278 -6.60016 12
      vertex 62.152 -6.89684 12
    endloop
  endfacet
  facet normal 0.229019 0.674716 0.701647
    outer loop
      vertex 61.5508 -5.91282 11.25
      vertex 61.278 -6.60016 12
      vertex 62.3436 -6.18192 11.25
    endloop
  endfacet
  facet normal 0.229591 0.674505 0.701663
    outer loop
      vertex 61.278 -6.60016 12
      vertex 61.5508 -5.91282 11.25
      vertex 61.2676 -6.59662 12
    endloop
  endfacet
  facet normal 0.2296 0.674531 -0.701636
    outer loop
      vertex 62.1416 -6.8933 0
      vertex 62.3436 -6.18192 0.75
      vertex 62.152 -6.89684 0
    endloop
  endfacet
  facet normal 0.229018 0.674712 -0.701651
    outer loop
      vertex 62.3436 -6.18192 0.75
      vertex 62.1416 -6.8933 0
      vertex 61.5508 -5.91282 0.75
    endloop
  endfacet
  facet normal 0.229033 0.674715 -0.701643
    outer loop
      vertex 62.1416 -6.8933 0
      vertex 61.2676 -6.59662 0
      vertex 61.5508 -5.91282 0.75
    endloop
  endfacet
  facet normal 0.442295 0.89687 -0
    outer loop
      vertex 61.5508 -5.91282 0.75
      vertex 60.8 -5.54256 11.25
      vertex 61.5508 -5.91282 11.25
    endloop
  endfacet
  facet normal 0.442295 0.89687 0
    outer loop
      vertex 60.8 -5.54256 11.25
      vertex 61.5508 -5.91282 0.75
      vertex 60.8 -5.54256 0.75
    endloop
  endfacet
  facet normal 0.315141 0.639051 0.701641
    outer loop
      vertex 61.5508 -5.91282 11.25
      vertex 60.4398 -6.1884 12
      vertex 61.2676 -6.59662 12
    endloop
  endfacet
  facet normal 0.315146 0.639042 0.701646
    outer loop
      vertex 60.8 -5.54256 11.25
      vertex 60.4398 -6.1884 12
      vertex 61.5508 -5.91282 11.25
    endloop
  endfacet
  facet normal 0.314519 0.639371 0.701628
    outer loop
      vertex 60.4398 -6.1884 12
      vertex 60.8 -5.54256 11.25
      vertex 60.4299 -6.18353 12
    endloop
  endfacet
  facet normal 0.314503 0.63934 -0.701664
    outer loop
      vertex 61.2577 -6.59175 0
      vertex 61.5508 -5.91282 0.75
      vertex 61.2676 -6.59662 0
    endloop
  endfacet
  facet normal 0.315146 0.639043 -0.701646
    outer loop
      vertex 61.5508 -5.91282 0.75
      vertex 61.2577 -6.59175 0
      vertex 60.8 -5.54256 0.75
    endloop
  endfacet
  facet normal 0.315136 0.639042 -0.701651
    outer loop
      vertex 61.2577 -6.59175 0
      vertex 60.4299 -6.18353 0
      vertex 60.8 -5.54256 0.75
    endloop
  endfacet
  facet normal 0.555554 0.83148 -0
    outer loop
      vertex 60.8 -5.54256 0.75
      vertex 60.1039 -5.07746 11.25
      vertex 60.8 -5.54256 11.25
    endloop
  endfacet
  facet normal 0.555554 0.83148 0
    outer loop
      vertex 60.1039 -5.07746 11.25
      vertex 60.8 -5.54256 0.75
      vertex 60.1039 -5.07746 0.75
    endloop
  endfacet
  facet normal 0.395859 0.592434 0.701653
    outer loop
      vertex 60.8 -5.54256 11.25
      vertex 59.6625 -5.67076 12
      vertex 60.4299 -6.18353 12
    endloop
  endfacet
  facet normal 0.395849 0.592455 0.701642
    outer loop
      vertex 60.1039 -5.07746 11.25
      vertex 59.6625 -5.67076 12
      vertex 60.8 -5.54256 11.25
    endloop
  endfacet
  facet normal 0.397167 0.591525 0.701681
    outer loop
      vertex 59.6625 -5.67076 12
      vertex 60.1039 -5.07746 11.25
      vertex 59.6534 -5.66465 12
    endloop
  endfacet
  facet normal 0.397211 0.591591 -0.7016
    outer loop
      vertex 60.4208 -6.17742 0
      vertex 60.8 -5.54256 0.75
      vertex 60.4299 -6.18353 0
    endloop
  endfacet
  facet normal 0.395849 0.592454 -0.701642
    outer loop
      vertex 60.8 -5.54256 0.75
      vertex 60.4208 -6.17742 0
      vertex 60.1039 -5.07746 0.75
    endloop
  endfacet
  facet normal 0.395872 0.592453 -0.70163
    outer loop
      vertex 60.4208 -6.17742 0
      vertex 59.6534 -5.66465 0
      vertex 60.1039 -5.07746 0.75
    endloop
  endfacet
  facet normal 0.659353 0.751833 -0
    outer loop
      vertex 60.1039 -5.07746 0.75
      vertex 59.4745 -4.52548 11.25
      vertex 60.1039 -5.07746 11.25
    endloop
  endfacet
  facet normal 0.659353 0.751833 0
    outer loop
      vertex 59.4745 -4.52548 11.25
      vertex 60.1039 -5.07746 0.75
      vertex 59.4745 -4.52548 0.75
    endloop
  endfacet
  facet normal 0.469786 0.535742 0.701628
    outer loop
      vertex 60.1039 -5.07746 11.25
      vertex 58.9594 -5.05609 12
      vertex 59.6534 -5.66465 12
    endloop
  endfacet
  facet normal 0.469801 0.535695 0.701653
    outer loop
      vertex 59.4745 -4.52548 11.25
      vertex 58.9594 -5.05609 12
      vertex 60.1039 -5.07746 11.25
    endloop
  endfacet
  facet normal 0.472268 0.533415 0.701734
    outer loop
      vertex 58.9594 -5.05609 12
      vertex 59.4745 -4.52548 11.25
      vertex 58.9512 -5.04883 12
    endloop
  endfacet
  facet normal 0.469103 0.536302 -0.701657
    outer loop
      vertex 59.6451 -5.65739 0
      vertex 60.1039 -5.07746 0.75
      vertex 59.6534 -5.66465 0
    endloop
  endfacet
  facet normal 0.469814 0.53571 -0.701633
    outer loop
      vertex 60.1039 -5.07746 0.75
      vertex 59.6451 -5.65739 0
      vertex 59.4745 -4.52548 0.75
    endloop
  endfacet
  facet normal 0.469823 0.535708 -0.701629
    outer loop
      vertex 59.6451 -5.65739 0
      vertex 58.9512 -5.04883 0
      vertex 59.4745 -4.52548 0.75
    endloop
  endfacet
  facet normal 0.751827 0.659361 2.52848e-18
    outer loop
      vertex 59.4745 -4.52548 11.25
      vertex 58.9225 -3.89607 0.75
      vertex 58.9225 -3.89607 11.25
    endloop
  endfacet
  facet normal 0.751827 0.659361 2.52848e-18
    outer loop
      vertex 58.9225 -3.89607 0.75
      vertex 59.4745 -4.52548 11.25
      vertex 59.4745 -4.52548 0.75
    endloop
  endfacet
  facet normal 0.535701 0.469834 0.701627
    outer loop
      vertex 59.4745 -4.52548 11.25
      vertex 58.3426 -4.35491 12
      vertex 58.9512 -5.04883 12
    endloop
  endfacet
  facet normal 0.535704 0.469819 0.701635
    outer loop
      vertex 58.9225 -3.89607 11.25
      vertex 58.3426 -4.35491 12
      vertex 59.4745 -4.52548 11.25
    endloop
  endfacet
  facet normal 0.537357 0.467832 0.701698
    outer loop
      vertex 58.3426 -4.35491 12
      vertex 58.9225 -3.89607 11.25
      vertex 58.3354 -4.34664 12
    endloop
  endfacet
  facet normal 0.534145 0.471494 -0.7017
    outer loop
      vertex 58.9439 -5.04056 0
      vertex 59.4745 -4.52548 0.75
      vertex 58.9512 -5.04883 0
    endloop
  endfacet
  facet normal 0.535698 0.469813 -0.701643
    outer loop
      vertex 59.4745 -4.52548 0.75
      vertex 58.9439 -5.04056 0
      vertex 58.9225 -3.89607 0.75
    endloop
  endfacet
  facet normal 0.535746 0.469797 -0.701617
    outer loop
      vertex 58.9439 -5.04056 0
      vertex 58.3354 -4.34664 0
      vertex 58.9225 -3.89607 0.75
    endloop
  endfacet
  facet normal 0.831469 0.555571 -2.47611e-18
    outer loop
      vertex 58.9225 -3.89607 11.25
      vertex 58.4574 -3.2 0.75
      vertex 58.4574 -3.2 11.25
    endloop
  endfacet
  facet normal 0.831469 0.555571 -2.47611e-18
    outer loop
      vertex 58.4574 -3.2 0.75
      vertex 58.9225 -3.89607 11.25
      vertex 58.9225 -3.89607 0.75
    endloop
  endfacet
  facet normal 0.592461 0.39589 0.701613
    outer loop
      vertex 58.9225 -3.89607 11.25
      vertex 57.8226 -3.57922 12
      vertex 58.3354 -4.34664 12
    endloop
  endfacet
  facet normal 0.592462 0.395871 0.701623
    outer loop
      vertex 58.4574 -3.2 11.25
      vertex 57.8226 -3.57922 12
      vertex 58.9225 -3.89607 11.25
    endloop
  endfacet
  facet normal 0.592861 0.395241 0.701642
    outer loop
      vertex 57.8226 -3.57922 12
      vertex 58.4574 -3.2 11.25
      vertex 57.8165 -3.57007 12
    endloop
  endfacet
  facet normal 0.589986 0.399336 -0.701746
    outer loop
      vertex 58.3292 -4.33748 0
      vertex 58.9225 -3.89607 0.75
      vertex 58.3354 -4.34664 0
    endloop
  endfacet
  facet normal 0.592444 0.395859 -0.701645
    outer loop
      vertex 58.9225 -3.89607 0.75
      vertex 58.3292 -4.33748 0
      vertex 58.4574 -3.2 0.75
    endloop
  endfacet
  facet normal 0.59249 0.395837 -0.701619
    outer loop
      vertex 58.3292 -4.33748 0
      vertex 57.8165 -3.57007 0
      vertex 58.4574 -3.2 0.75
    endloop
  endfacet
  facet normal 0.896905 0.442223 1.06694e-18
    outer loop
      vertex 58.4574 -3.2 11.25
      vertex 58.0872 -2.44917 0.75
      vertex 58.0872 -2.44917 11.25
    endloop
  endfacet
  facet normal 0.896905 0.442223 1.06694e-18
    outer loop
      vertex 58.0872 -2.44917 0.75
      vertex 58.4574 -3.2 11.25
      vertex 58.4574 -3.2 0.75
    endloop
  endfacet
  facet normal 0.639047 0.315204 0.701617
    outer loop
      vertex 58.4574 -3.2 11.25
      vertex 57.4082 -2.74228 12
      vertex 57.8165 -3.57007 12
    endloop
  endfacet
  facet normal 0.639038 0.31508 0.70168
    outer loop
      vertex 58.0872 -2.44917 11.25
      vertex 57.4082 -2.74228 12
      vertex 58.4574 -3.2 11.25
    endloop
  endfacet
  facet normal 0.640657 0.311566 0.701773
    outer loop
      vertex 57.4082 -2.74228 12
      vertex 58.0872 -2.44917 11.25
      vertex 57.4034 -2.73241 12
    endloop
  endfacet
  facet normal 0.638315 0.316573 -0.701667
    outer loop
      vertex 57.8116 -3.56019 0
      vertex 58.4574 -3.2 0.75
      vertex 57.8165 -3.57007 0
    endloop
  endfacet
  facet normal 0.639086 0.315104 -0.701626
    outer loop
      vertex 58.4574 -3.2 0.75
      vertex 57.8116 -3.56019 0
      vertex 58.0872 -2.44917 0.75
    endloop
  endfacet
  facet normal 0.639046 0.31513 -0.70165
    outer loop
      vertex 57.8116 -3.56019 0
      vertex 57.4034 -2.73241 0
      vertex 58.0872 -2.44917 0.75
    endloop
  endfacet
  facet normal 0.946929 0.321444 -3.08356e-20
    outer loop
      vertex 58.0872 -2.44917 11.25
      vertex 57.8181 -1.65644 0.75
      vertex 57.8181 -1.65644 11.25
    endloop
  endfacet
  facet normal 0.946929 0.321444 -3.08356e-20
    outer loop
      vertex 57.8181 -1.65644 0.75
      vertex 58.0872 -2.44917 11.25
      vertex 58.0872 -2.44917 0.75
    endloop
  endfacet
  facet normal 0.674703 0.229049 0.70165
    outer loop
      vertex 58.0872 -2.44917 11.25
      vertex 57.1067 -1.85843 12
      vertex 57.4034 -2.73241 12
    endloop
  endfacet
  facet normal 0.6747 0.229033 0.701658
    outer loop
      vertex 57.8181 -1.65644 11.25
      vertex 57.1067 -1.85843 12
      vertex 58.0872 -2.44917 11.25
    endloop
  endfacet
  facet normal 0.675438 0.226657 0.701719
    outer loop
      vertex 57.1067 -1.85843 12
      vertex 57.8181 -1.65644 11.25
      vertex 57.1032 -1.848 12
    endloop
  endfacet
  facet normal 0.673424 0.232438 -0.701764
    outer loop
      vertex 57.3998 -2.72198 0
      vertex 58.0872 -2.44917 0.75
      vertex 57.4034 -2.73241 0
    endloop
  endfacet
  facet normal 0.674682 0.229028 -0.701677
    outer loop
      vertex 58.0872 -2.44917 0.75
      vertex 57.3998 -2.72198 0
      vertex 57.8181 -1.65644 0.75
    endloop
  endfacet
  facet normal 0.674734 0.228982 -0.701642
    outer loop
      vertex 57.3998 -2.72198 0
      vertex 57.1032 -1.848 0
      vertex 57.8181 -1.65644 0.75
    endloop
  endfacet
  facet normal 0.98079 0.195065 -1.46316e-18
    outer loop
      vertex 57.8181 -1.65644 11.25
      vertex 57.6548 -0.835366 0.75
      vertex 57.6548 -0.835366 11.25
    endloop
  endfacet
  facet normal 0.98079 0.195065 -1.46316e-18
    outer loop
      vertex 57.6548 -0.835366 0.75
      vertex 57.8181 -1.65644 11.25
      vertex 57.8181 -1.65644 0.75
    endloop
  endfacet
  facet normal 0.698834 0.139037 0.701641
    outer loop
      vertex 57.8181 -1.65644 11.25
      vertex 56.9231 -0.942771 12
      vertex 57.1032 -1.848 12
    endloop
  endfacet
  facet normal 0.698816 0.138985 0.701669
    outer loop
      vertex 57.6548 -0.835366 11.25
      vertex 56.9231 -0.942771 12
      vertex 57.8181 -1.65644 11.25
    endloop
  endfacet
  facet normal 0.699327 0.136018 0.701742
    outer loop
      vertex 56.9231 -0.942771 12
      vertex 57.6548 -0.835366 11.25
      vertex 56.921 -0.931974 12
    endloop
  endfacet
  facet normal 0.698093 0.142204 -0.701743
    outer loop
      vertex 57.101 -1.8372 0
      vertex 57.8181 -1.65644 0.75
      vertex 57.1032 -1.848 0
    endloop
  endfacet
  facet normal 0.698821 0.138986 -0.701664
    outer loop
      vertex 57.8181 -1.65644 0.75
      vertex 57.101 -1.8372 0
      vertex 57.6548 -0.835366 0.75
    endloop
  endfacet
  facet normal 0.698842 0.138962 -0.701647
    outer loop
      vertex 57.101 -1.8372 0
      vertex 56.921 -0.931974 0
      vertex 57.6548 -0.835366 0.75
    endloop
  endfacet
  facet normal 0.997855 0.0654593 1.05612e-19
    outer loop
      vertex 57.6548 -0.835366 11.25
      vertex 57.6 0 0.75
      vertex 57.6 0 11.25
    endloop
  endfacet
  facet normal 0.997855 0.0654593 1.05612e-19
    outer loop
      vertex 57.6 0 0.75
      vertex 57.6548 -0.835366 11.25
      vertex 57.6548 -0.835366 0.75
    endloop
  endfacet
  facet normal 0.710998 0.0466285 0.701647
    outer loop
      vertex 57.6548 -0.835366 11.25
      vertex 56.8606 -0.0109857 12
      vertex 56.921 -0.931974 12
    endloop
  endfacet
  facet normal 0.711058 0.045308 0.701672
    outer loop
      vertex 56.8606 -0.0109857 12
      vertex 57.6 0 11.25
      vertex 56.8599 0 12
    endloop
  endfacet
  facet normal 0.711005 0.0466419 0.701639
    outer loop
      vertex 57.6 0 11.25
      vertex 56.8606 -0.0109857 12
      vertex 57.6548 -0.835366 11.25
    endloop
  endfacet
  facet normal 0.710959 0.0466389 -0.701685
    outer loop
      vertex 57.6548 -0.835366 0.75
      vertex 56.9202 -0.920988 0
      vertex 57.6 0 0.75
    endloop
  endfacet
  facet normal 0.710488 0.0517377 -0.701805
    outer loop
      vertex 56.9202 -0.920988 0
      vertex 57.6548 -0.835366 0.75
      vertex 56.921 -0.931974 0
    endloop
  endfacet
  facet normal 0.711017 0.0465526 -0.701632
    outer loop
      vertex 56.9202 -0.920988 0
      vertex 56.8599 0 0
      vertex 57.6 0 0.75
    endloop
  endfacet
  facet normal 0.997855 -0.0654593 -1.05612e-19
    outer loop
      vertex 57.6 0 11.25
      vertex 57.6548 0.835366 0.75
      vertex 57.6548 0.835366 11.25
    endloop
  endfacet
  facet normal 0.997855 -0.0654593 -1.05612e-19
    outer loop
      vertex 57.6548 0.835366 0.75
      vertex 57.6 0 11.25
      vertex 57.6 0 0.75
    endloop
  endfacet
  facet normal 0.711017 -0.0465526 0.701632
    outer loop
      vertex 56.9202 0.920988 12
      vertex 56.8599 0 12
      vertex 57.6 0 11.25
    endloop
  endfacet
  facet normal 0.710488 -0.0517377 0.701805
    outer loop
      vertex 56.9202 0.920988 12
      vertex 57.6548 0.835366 11.25
      vertex 56.921 0.931974 12
    endloop
  endfacet
  facet normal 0.710959 -0.0466389 0.701685
    outer loop
      vertex 57.6548 0.835366 11.25
      vertex 56.9202 0.920988 12
      vertex 57.6 0 11.25
    endloop
  endfacet
  facet normal 0.711005 -0.0466419 -0.701639
    outer loop
      vertex 57.6 0 0.75
      vertex 56.8606 0.0109857 0
      vertex 57.6548 0.835366 0.75
    endloop
  endfacet
  facet normal 0.711058 -0.045308 -0.701672
    outer loop
      vertex 56.8606 0.0109857 0
      vertex 57.6 0 0.75
      vertex 56.8599 0 0
    endloop
  endfacet
  facet normal 0.710998 -0.0466285 -0.701647
    outer loop
      vertex 57.6548 0.835366 0.75
      vertex 56.8606 0.0109857 0
      vertex 56.921 0.931974 0
    endloop
  endfacet
  facet normal 0.98079 -0.195065 1.46316e-18
    outer loop
      vertex 57.6548 0.835366 11.25
      vertex 57.8181 1.65644 0.75
      vertex 57.8181 1.65644 11.25
    endloop
  endfacet
  facet normal 0.98079 -0.195065 1.46316e-18
    outer loop
      vertex 57.8181 1.65644 0.75
      vertex 57.6548 0.835366 11.25
      vertex 57.6548 0.835366 0.75
    endloop
  endfacet
  facet normal 0.698842 -0.138962 0.701647
    outer loop
      vertex 57.101 1.8372 12
      vertex 56.921 0.931974 12
      vertex 57.6548 0.835366 11.25
    endloop
  endfacet
  facet normal 0.698093 -0.142204 0.701743
    outer loop
      vertex 57.101 1.8372 12
      vertex 57.8181 1.65644 11.25
      vertex 57.1032 1.848 12
    endloop
  endfacet
  facet normal 0.698821 -0.138986 0.701664
    outer loop
      vertex 57.8181 1.65644 11.25
      vertex 57.101 1.8372 12
      vertex 57.6548 0.835366 11.25
    endloop
  endfacet
  facet normal 0.698816 -0.138985 -0.701669
    outer loop
      vertex 57.6548 0.835366 0.75
      vertex 56.9231 0.942771 0
      vertex 57.8181 1.65644 0.75
    endloop
  endfacet
  facet normal 0.699327 -0.136018 -0.701742
    outer loop
      vertex 56.9231 0.942771 0
      vertex 57.6548 0.835366 0.75
      vertex 56.921 0.931974 0
    endloop
  endfacet
  facet normal 0.698834 -0.139037 -0.701641
    outer loop
      vertex 57.8181 1.65644 0.75
      vertex 56.9231 0.942771 0
      vertex 57.1032 1.848 0
    endloop
  endfacet
  facet normal 0.946929 -0.321444 3.08356e-20
    outer loop
      vertex 57.8181 1.65644 11.25
      vertex 58.0872 2.44917 0.75
      vertex 58.0872 2.44917 11.25
    endloop
  endfacet
  facet normal 0.946929 -0.321444 3.08356e-20
    outer loop
      vertex 58.0872 2.44917 0.75
      vertex 57.8181 1.65644 11.25
      vertex 57.8181 1.65644 0.75
    endloop
  endfacet
  facet normal 0.674734 -0.228982 0.701642
    outer loop
      vertex 57.3998 2.72198 12
      vertex 57.1032 1.848 12
      vertex 57.8181 1.65644 11.25
    endloop
  endfacet
  facet normal 0.673424 -0.232438 0.701764
    outer loop
      vertex 57.3998 2.72198 12
      vertex 58.0872 2.44917 11.25
      vertex 57.4034 2.73241 12
    endloop
  endfacet
  facet normal 0.674682 -0.229028 0.701677
    outer loop
      vertex 58.0872 2.44917 11.25
      vertex 57.3998 2.72198 12
      vertex 57.8181 1.65644 11.25
    endloop
  endfacet
  facet normal 0.6747 -0.229033 -0.701658
    outer loop
      vertex 57.8181 1.65644 0.75
      vertex 57.1067 1.85843 0
      vertex 58.0872 2.44917 0.75
    endloop
  endfacet
  facet normal 0.675438 -0.226657 -0.701719
    outer loop
      vertex 57.1067 1.85843 0
      vertex 57.8181 1.65644 0.75
      vertex 57.1032 1.848 0
    endloop
  endfacet
  facet normal 0.674703 -0.229049 -0.70165
    outer loop
      vertex 58.0872 2.44917 0.75
      vertex 57.1067 1.85843 0
      vertex 57.4034 2.73241 0
    endloop
  endfacet
  facet normal 0.896905 -0.442223 -1.06694e-18
    outer loop
      vertex 58.0872 2.44917 11.25
      vertex 58.4574 3.2 0.75
      vertex 58.4574 3.2 11.25
    endloop
  endfacet
  facet normal 0.896905 -0.442223 -1.06694e-18
    outer loop
      vertex 58.4574 3.2 0.75
      vertex 58.0872 2.44917 11.25
      vertex 58.0872 2.44917 0.75
    endloop
  endfacet
  facet normal 0.639046 -0.31513 0.70165
    outer loop
      vertex 57.8116 3.56019 12
      vertex 57.4034 2.73241 12
      vertex 58.0872 2.44917 11.25
    endloop
  endfacet
  facet normal 0.638315 -0.316573 0.701667
    outer loop
      vertex 57.8116 3.56019 12
      vertex 58.4574 3.2 11.25
      vertex 57.8165 3.57007 12
    endloop
  endfacet
  facet normal 0.639086 -0.315104 0.701626
    outer loop
      vertex 58.4574 3.2 11.25
      vertex 57.8116 3.56019 12
      vertex 58.0872 2.44917 11.25
    endloop
  endfacet
  facet normal 0.639038 -0.31508 -0.70168
    outer loop
      vertex 58.0872 2.44917 0.75
      vertex 57.4082 2.74228 0
      vertex 58.4574 3.2 0.75
    endloop
  endfacet
  facet normal 0.640657 -0.311566 -0.701773
    outer loop
      vertex 57.4082 2.74228 0
      vertex 58.0872 2.44917 0.75
      vertex 57.4034 2.73241 0
    endloop
  endfacet
  facet normal 0.639047 -0.315204 -0.701617
    outer loop
      vertex 58.4574 3.2 0.75
      vertex 57.4082 2.74228 0
      vertex 57.8165 3.57007 0
    endloop
  endfacet
  facet normal 0.831469 -0.555571 2.47611e-18
    outer loop
      vertex 58.4574 3.2 11.25
      vertex 58.9225 3.89607 0.75
      vertex 58.9225 3.89607 11.25
    endloop
  endfacet
  facet normal 0.831469 -0.555571 2.47611e-18
    outer loop
      vertex 58.9225 3.89607 0.75
      vertex 58.4574 3.2 11.25
      vertex 58.4574 3.2 0.75
    endloop
  endfacet
  facet normal 0.59249 -0.395837 0.701619
    outer loop
      vertex 58.3292 4.33748 12
      vertex 57.8165 3.57007 12
      vertex 58.4574 3.2 11.25
    endloop
  endfacet
  facet normal 0.589986 -0.399336 0.701746
    outer loop
      vertex 58.3292 4.33748 12
      vertex 58.9225 3.89607 11.25
      vertex 58.3354 4.34664 12
    endloop
  endfacet
  facet normal 0.592444 -0.395859 0.701645
    outer loop
      vertex 58.9225 3.89607 11.25
      vertex 58.3292 4.33748 12
      vertex 58.4574 3.2 11.25
    endloop
  endfacet
  facet normal 0.592462 -0.395871 -0.701623
    outer loop
      vertex 58.4574 3.2 0.75
      vertex 57.8226 3.57922 0
      vertex 58.9225 3.89607 0.75
    endloop
  endfacet
  facet normal 0.592861 -0.395241 -0.701642
    outer loop
      vertex 57.8226 3.57922 0
      vertex 58.4574 3.2 0.75
      vertex 57.8165 3.57007 0
    endloop
  endfacet
  facet normal 0.592461 -0.39589 -0.701613
    outer loop
      vertex 58.9225 3.89607 0.75
      vertex 57.8226 3.57922 0
      vertex 58.3354 4.34664 0
    endloop
  endfacet
  facet normal 0.751827 -0.659361 -2.52848e-18
    outer loop
      vertex 58.9225 3.89607 11.25
      vertex 59.4745 4.52548 0.75
      vertex 59.4745 4.52548 11.25
    endloop
  endfacet
  facet normal 0.751827 -0.659361 -2.52848e-18
    outer loop
      vertex 59.4745 4.52548 0.75
      vertex 58.9225 3.89607 11.25
      vertex 58.9225 3.89607 0.75
    endloop
  endfacet
  facet normal 0.535746 -0.469797 0.701617
    outer loop
      vertex 58.9439 5.04056 12
      vertex 58.3354 4.34664 12
      vertex 58.9225 3.89607 11.25
    endloop
  endfacet
  facet normal 0.534145 -0.471494 0.7017
    outer loop
      vertex 58.9439 5.04056 12
      vertex 59.4745 4.52548 11.25
      vertex 58.9512 5.04883 12
    endloop
  endfacet
  facet normal 0.535698 -0.469813 0.701643
    outer loop
      vertex 59.4745 4.52548 11.25
      vertex 58.9439 5.04056 12
      vertex 58.9225 3.89607 11.25
    endloop
  endfacet
  facet normal 0.535704 -0.469819 -0.701635
    outer loop
      vertex 58.9225 3.89607 0.75
      vertex 58.3426 4.35491 0
      vertex 59.4745 4.52548 0.75
    endloop
  endfacet
  facet normal 0.537357 -0.467832 -0.701698
    outer loop
      vertex 58.3426 4.35491 0
      vertex 58.9225 3.89607 0.75
      vertex 58.3354 4.34664 0
    endloop
  endfacet
  facet normal 0.535701 -0.469834 -0.701627
    outer loop
      vertex 59.4745 4.52548 0.75
      vertex 58.3426 4.35491 0
      vertex 58.9512 5.04883 0
    endloop
  endfacet
  facet normal 0.659353 -0.751833 0
    outer loop
      vertex 59.4745 4.52548 0.75
      vertex 60.1039 5.07746 11.25
      vertex 59.4745 4.52548 11.25
    endloop
  endfacet
  facet normal 0.659353 -0.751833 0
    outer loop
      vertex 60.1039 5.07746 11.25
      vertex 59.4745 4.52548 0.75
      vertex 60.1039 5.07746 0.75
    endloop
  endfacet
  facet normal 0.469823 -0.535708 0.701629
    outer loop
      vertex 59.6451 5.65739 12
      vertex 58.9512 5.04883 12
      vertex 59.4745 4.52548 11.25
    endloop
  endfacet
  facet normal 0.469103 -0.536302 0.701657
    outer loop
      vertex 59.6451 5.65739 12
      vertex 60.1039 5.07746 11.25
      vertex 59.6534 5.66465 12
    endloop
  endfacet
  facet normal 0.469814 -0.53571 0.701633
    outer loop
      vertex 60.1039 5.07746 11.25
      vertex 59.6451 5.65739 12
      vertex 59.4745 4.52548 11.25
    endloop
  endfacet
  facet normal 0.469801 -0.535695 -0.701653
    outer loop
      vertex 59.4745 4.52548 0.75
      vertex 58.9594 5.05609 0
      vertex 60.1039 5.07746 0.75
    endloop
  endfacet
  facet normal 0.472268 -0.533415 -0.701734
    outer loop
      vertex 58.9594 5.05609 0
      vertex 59.4745 4.52548 0.75
      vertex 58.9512 5.04883 0
    endloop
  endfacet
  facet normal 0.469786 -0.535742 -0.701628
    outer loop
      vertex 60.1039 5.07746 0.75
      vertex 58.9594 5.05609 0
      vertex 59.6534 5.66465 0
    endloop
  endfacet
  facet normal 0.555554 -0.83148 0
    outer loop
      vertex 60.1039 5.07746 0.75
      vertex 60.8 5.54256 11.25
      vertex 60.1039 5.07746 11.25
    endloop
  endfacet
  facet normal 0.555554 -0.83148 0
    outer loop
      vertex 60.8 5.54256 11.25
      vertex 60.1039 5.07746 0.75
      vertex 60.8 5.54256 0.75
    endloop
  endfacet
  facet normal 0.395872 -0.592453 0.70163
    outer loop
      vertex 60.4208 6.17742 12
      vertex 59.6534 5.66465 12
      vertex 60.1039 5.07746 11.25
    endloop
  endfacet
  facet normal 0.397211 -0.591591 0.7016
    outer loop
      vertex 60.4208 6.17742 12
      vertex 60.8 5.54256 11.25
      vertex 60.4299 6.18353 12
    endloop
  endfacet
  facet normal 0.395849 -0.592454 0.701642
    outer loop
      vertex 60.8 5.54256 11.25
      vertex 60.4208 6.17742 12
      vertex 60.1039 5.07746 11.25
    endloop
  endfacet
  facet normal 0.395849 -0.592455 -0.701642
    outer loop
      vertex 60.1039 5.07746 0.75
      vertex 59.6625 5.67076 0
      vertex 60.8 5.54256 0.75
    endloop
  endfacet
  facet normal 0.397167 -0.591525 -0.701681
    outer loop
      vertex 59.6625 5.67076 0
      vertex 60.1039 5.07746 0.75
      vertex 59.6534 5.66465 0
    endloop
  endfacet
  facet normal 0.395859 -0.592434 -0.701653
    outer loop
      vertex 60.8 5.54256 0.75
      vertex 59.6625 5.67076 0
      vertex 60.4299 6.18353 0
    endloop
  endfacet
  facet normal 0.442295 -0.89687 0
    outer loop
      vertex 60.8 5.54256 0.75
      vertex 61.5508 5.91282 11.25
      vertex 60.8 5.54256 11.25
    endloop
  endfacet
  facet normal 0.442295 -0.89687 0
    outer loop
      vertex 61.5508 5.91282 11.25
      vertex 60.8 5.54256 0.75
      vertex 61.5508 5.91282 0.75
    endloop
  endfacet
  facet normal 0.315136 -0.639042 0.701651
    outer loop
      vertex 61.2577 6.59175 12
      vertex 60.4299 6.18353 12
      vertex 60.8 5.54256 11.25
    endloop
  endfacet
  facet normal 0.314503 -0.63934 0.701664
    outer loop
      vertex 61.2577 6.59175 12
      vertex 61.5508 5.91282 11.25
      vertex 61.2676 6.59662 12
    endloop
  endfacet
  facet normal 0.315146 -0.639043 0.701646
    outer loop
      vertex 61.5508 5.91282 11.25
      vertex 61.2577 6.59175 12
      vertex 60.8 5.54256 11.25
    endloop
  endfacet
  facet normal 0.315146 -0.639042 -0.701646
    outer loop
      vertex 60.8 5.54256 0.75
      vertex 60.4398 6.1884 0
      vertex 61.5508 5.91282 0.75
    endloop
  endfacet
  facet normal 0.314519 -0.639371 -0.701628
    outer loop
      vertex 60.4398 6.1884 0
      vertex 60.8 5.54256 0.75
      vertex 60.4299 6.18353 0
    endloop
  endfacet
  facet normal 0.315141 -0.639051 -0.701641
    outer loop
      vertex 61.5508 5.91282 0.75
      vertex 60.4398 6.1884 0
      vertex 61.2676 6.59662 0
    endloop
  endfacet
  facet normal 0.321419 -0.946937 0
    outer loop
      vertex 61.5508 5.91282 0.75
      vertex 62.3436 6.18192 11.25
      vertex 61.5508 5.91282 11.25
    endloop
  endfacet
  facet normal 0.321419 -0.946937 0
    outer loop
      vertex 62.3436 6.18192 11.25
      vertex 61.5508 5.91282 0.75
      vertex 62.3436 6.18192 0.75
    endloop
  endfacet
  facet normal 0.229033 -0.674715 0.701643
    outer loop
      vertex 62.1416 6.8933 12
      vertex 61.2676 6.59662 12
      vertex 61.5508 5.91282 11.25
    endloop
  endfacet
  facet normal 0.2296 -0.674531 0.701636
    outer loop
      vertex 62.1416 6.8933 12
      vertex 62.3436 6.18192 11.25
      vertex 62.152 6.89684 12
    endloop
  endfacet
  facet normal 0.229018 -0.674712 0.701651
    outer loop
      vertex 62.3436 6.18192 11.25
      vertex 62.1416 6.8933 12
      vertex 61.5508 5.91282 11.25
    endloop
  endfacet
  facet normal 0.229019 -0.674716 -0.701647
    outer loop
      vertex 61.5508 5.91282 0.75
      vertex 61.278 6.60016 0
      vertex 62.3436 6.18192 0.75
    endloop
  endfacet
  facet normal 0.229591 -0.674505 -0.701663
    outer loop
      vertex 61.278 6.60016 0
      vertex 61.5508 5.91282 0.75
      vertex 61.2676 6.59662 0
    endloop
  endfacet
  facet normal 0.229029 -0.674704 -0.701655
    outer loop
      vertex 62.3436 6.18192 0.75
      vertex 61.278 6.60016 0
      vertex 62.152 6.89684 0
    endloop
  endfacet
  facet normal 0.195105 -0.980782 0
    outer loop
      vertex 62.3436 6.18192 0.75
      vertex 63.1646 6.34524 11.25
      vertex 62.3436 6.18192 11.25
    endloop
  endfacet
  facet normal 0.195105 -0.980782 0
    outer loop
      vertex 63.1646 6.34524 11.25
      vertex 62.3436 6.18192 0.75
      vertex 63.1646 6.34524 0.75
    endloop
  endfacet
  facet normal 0.139009 -0.698827 0.701653
    outer loop
      vertex 63.0572 7.0769 12
      vertex 62.152 6.89684 12
      vertex 62.3436 6.18192 11.25
    endloop
  endfacet
  facet normal 0.139116 -0.698813 0.701646
    outer loop
      vertex 63.0572 7.0769 12
      vertex 63.1646 6.34524 11.25
      vertex 63.068 7.07905 12
    endloop
  endfacet
  facet normal 0.139017 -0.69883 0.701649
    outer loop
      vertex 63.1646 6.34524 11.25
      vertex 63.0572 7.0769 12
      vertex 62.3436 6.18192 11.25
    endloop
  endfacet
  facet normal 0.139017 -0.698829 -0.701649
    outer loop
      vertex 62.3436 6.18192 0.75
      vertex 62.1628 6.89898 0
      vertex 63.1646 6.34524 0.75
    endloop
  endfacet
  facet normal 0.138495 -0.698947 -0.701636
    outer loop
      vertex 62.1628 6.89898 0
      vertex 62.3436 6.18192 0.75
      vertex 62.152 6.89684 0
    endloop
  endfacet
  facet normal 0.139017 -0.698829 -0.701649
    outer loop
      vertex 63.1646 6.34524 0.75
      vertex 62.1628 6.89898 0
      vertex 63.068 7.07905 0
    endloop
  endfacet
  facet normal 0.0653972 -0.997859 0
    outer loop
      vertex 63.1646 6.34524 0.75
      vertex 64 6.39999 11.25
      vertex 63.1646 6.34524 11.25
    endloop
  endfacet
  facet normal 0.0653972 -0.997859 0
    outer loop
      vertex 64 6.39999 11.25
      vertex 63.1646 6.34524 0.75
      vertex 64 6.39999 0.75
    endloop
  endfacet
  facet normal 0.0465969 -0.710996 0.70165
    outer loop
      vertex 63.989 7.13941 12
      vertex 63.068 7.07905 12
      vertex 63.1646 6.34524 11.25
    endloop
  endfacet
  facet normal 0.0465969 -0.710996 0.70165
    outer loop
      vertex 64 6.39999 11.25
      vertex 63.989 7.13941 12
      vertex 63.1646 6.34524 11.25
    endloop
  endfacet
  facet normal 0.0465381 -0.710999 0.701652
    outer loop
      vertex 63.989 7.13941 12
      vertex 64 6.39999 11.25
      vertex 64 7.14013 12
    endloop
  endfacet
  facet normal 0.0465383 -0.711002 -0.701648
    outer loop
      vertex 63.079 7.07977 0
      vertex 63.1646 6.34524 0.75
      vertex 63.068 7.07905 0
    endloop
  endfacet
  facet normal 0.0465969 -0.710997 -0.70165
    outer loop
      vertex 63.1646 6.34524 0.75
      vertex 63.079 7.07977 0
      vertex 64 6.39999 0.75
    endloop
  endfacet
  facet normal 0.0465969 -0.710997 -0.70165
    outer loop
      vertex 64 6.39999 0.75
      vertex 63.079 7.07977 0
      vertex 64 7.14013 0
    endloop
  endfacet
  facet normal -0.0653972 -0.997859 0
    outer loop
      vertex 64 6.39999 0.75
      vertex 64.8354 6.34524 11.25
      vertex 64 6.39999 11.25
    endloop
  endfacet
  facet normal -0.0653972 -0.997859 -0
    outer loop
      vertex 64.8354 6.34524 11.25
      vertex 64 6.39999 0.75
      vertex 64.8354 6.34524 0.75
    endloop
  endfacet
  facet normal -0.0465969 -0.710997 0.70165
    outer loop
      vertex 64 7.14013 12
      vertex 64 6.39999 11.25
      vertex 64.921 7.07977 12
    endloop
  endfacet
  facet normal -0.0465969 -0.710997 0.70165
    outer loop
      vertex 64.8354 6.34524 11.25
      vertex 64.921 7.07977 12
      vertex 64 6.39999 11.25
    endloop
  endfacet
  facet normal -0.0465383 -0.711002 0.701648
    outer loop
      vertex 64.921 7.07977 12
      vertex 64.8354 6.34524 11.25
      vertex 64.932 7.07905 12
    endloop
  endfacet
  facet normal -0.0465381 -0.710999 -0.701652
    outer loop
      vertex 64.011 7.13941 0
      vertex 64 6.39999 0.75
      vertex 64 7.14013 0
    endloop
  endfacet
  facet normal -0.0465969 -0.710996 -0.70165
    outer loop
      vertex 64 6.39999 0.75
      vertex 64.011 7.13941 0
      vertex 64.8354 6.34524 0.75
    endloop
  endfacet
  facet normal -0.0465969 -0.710996 -0.70165
    outer loop
      vertex 64.8354 6.34524 0.75
      vertex 64.011 7.13941 0
      vertex 64.932 7.07905 0
    endloop
  endfacet
  facet normal -0.195105 -0.980782 0
    outer loop
      vertex 64.8354 6.34524 0.75
      vertex 65.6564 6.18192 11.25
      vertex 64.8354 6.34524 11.25
    endloop
  endfacet
  facet normal -0.195105 -0.980782 -0
    outer loop
      vertex 65.6564 6.18192 11.25
      vertex 64.8354 6.34524 0.75
      vertex 65.6564 6.18192 0.75
    endloop
  endfacet
  facet normal -0.139017 -0.698829 0.701649
    outer loop
      vertex 64.932 7.07905 12
      vertex 64.8354 6.34524 11.25
      vertex 65.8372 6.89898 12
    endloop
  endfacet
  facet normal -0.138495 -0.698947 0.701636
    outer loop
      vertex 65.8372 6.89898 12
      vertex 65.6564 6.18192 11.25
      vertex 65.848 6.89684 12
    endloop
  endfacet
  facet normal -0.139017 -0.698829 0.701649
    outer loop
      vertex 65.6564 6.18192 11.25
      vertex 65.8372 6.89898 12
      vertex 64.8354 6.34524 11.25
    endloop
  endfacet
  facet normal -0.139017 -0.69883 -0.701649
    outer loop
      vertex 64.8354 6.34524 0.75
      vertex 64.9428 7.0769 0
      vertex 65.6564 6.18192 0.75
    endloop
  endfacet
  facet normal -0.139116 -0.698813 -0.701646
    outer loop
      vertex 64.9428 7.0769 0
      vertex 64.8354 6.34524 0.75
      vertex 64.932 7.07905 0
    endloop
  endfacet
  facet normal -0.139009 -0.698827 -0.701653
    outer loop
      vertex 65.6564 6.18192 0.75
      vertex 64.9428 7.0769 0
      vertex 65.848 6.89684 0
    endloop
  endfacet
  facet normal -0.321419 -0.946937 0
    outer loop
      vertex 65.6564 6.18192 0.75
      vertex 66.4492 5.91282 11.25
      vertex 65.6564 6.18192 11.25
    endloop
  endfacet
  facet normal -0.321419 -0.946937 -0
    outer loop
      vertex 66.4492 5.91282 11.25
      vertex 65.6564 6.18192 0.75
      vertex 66.4492 5.91282 0.75
    endloop
  endfacet
  facet normal -0.229029 -0.674704 0.701655
    outer loop
      vertex 65.848 6.89684 12
      vertex 65.6564 6.18192 11.25
      vertex 66.722 6.60016 12
    endloop
  endfacet
  facet normal -0.229591 -0.674505 0.701663
    outer loop
      vertex 66.722 6.60016 12
      vertex 66.4492 5.91282 11.25
      vertex 66.7324 6.59662 12
    endloop
  endfacet
  facet normal -0.229019 -0.674716 0.701647
    outer loop
      vertex 66.4492 5.91282 11.25
      vertex 66.722 6.60016 12
      vertex 65.6564 6.18192 11.25
    endloop
  endfacet
  facet normal -0.229018 -0.674712 -0.701651
    outer loop
      vertex 65.6564 6.18192 0.75
      vertex 65.8584 6.8933 0
      vertex 66.4492 5.91282 0.75
    endloop
  endfacet
  facet normal -0.2296 -0.674531 -0.701636
    outer loop
      vertex 65.8584 6.8933 0
      vertex 65.6564 6.18192 0.75
      vertex 65.848 6.89684 0
    endloop
  endfacet
  facet normal -0.229033 -0.674715 -0.701643
    outer loop
      vertex 66.4492 5.91282 0.75
      vertex 65.8584 6.8933 0
      vertex 66.7324 6.59662 0
    endloop
  endfacet
  facet normal -0.442295 -0.89687 0
    outer loop
      vertex 66.4492 5.91282 0.75
      vertex 67.2 5.54256 11.25
      vertex 66.4492 5.91282 11.25
    endloop
  endfacet
  facet normal -0.442295 -0.89687 -0
    outer loop
      vertex 67.2 5.54256 11.25
      vertex 66.4492 5.91282 0.75
      vertex 67.2 5.54256 0.75
    endloop
  endfacet
  facet normal -0.315141 -0.639051 0.701641
    outer loop
      vertex 66.7324 6.59662 12
      vertex 66.4492 5.91282 11.25
      vertex 67.5602 6.1884 12
    endloop
  endfacet
  facet normal -0.314519 -0.639371 0.701628
    outer loop
      vertex 67.5602 6.1884 12
      vertex 67.2 5.54256 11.25
      vertex 67.5701 6.18353 12
    endloop
  endfacet
  facet normal -0.315146 -0.639042 0.701646
    outer loop
      vertex 67.2 5.54256 11.25
      vertex 67.5602 6.1884 12
      vertex 66.4492 5.91282 11.25
    endloop
  endfacet
  facet normal -0.315146 -0.639043 -0.701646
    outer loop
      vertex 66.4492 5.91282 0.75
      vertex 66.7423 6.59175 0
      vertex 67.2 5.54256 0.75
    endloop
  endfacet
  facet normal -0.314503 -0.63934 -0.701664
    outer loop
      vertex 66.7423 6.59175 0
      vertex 66.4492 5.91282 0.75
      vertex 66.7324 6.59662 0
    endloop
  endfacet
  facet normal -0.315136 -0.639042 -0.701651
    outer loop
      vertex 67.2 5.54256 0.75
      vertex 66.7423 6.59175 0
      vertex 67.5701 6.18353 0
    endloop
  endfacet
  facet normal -0.555554 -0.83148 0
    outer loop
      vertex 67.2 5.54256 0.75
      vertex 67.8961 5.07746 11.25
      vertex 67.2 5.54256 11.25
    endloop
  endfacet
  facet normal -0.555554 -0.83148 -0
    outer loop
      vertex 67.8961 5.07746 11.25
      vertex 67.2 5.54256 0.75
      vertex 67.8961 5.07746 0.75
    endloop
  endfacet
  facet normal -0.395859 -0.592434 0.701653
    outer loop
      vertex 67.5701 6.18353 12
      vertex 67.2 5.54256 11.25
      vertex 68.3375 5.67076 12
    endloop
  endfacet
  facet normal -0.397167 -0.591525 0.701681
    outer loop
      vertex 68.3375 5.67076 12
      vertex 67.8961 5.07746 11.25
      vertex 68.3466 5.66465 12
    endloop
  endfacet
  facet normal -0.395849 -0.592455 0.701642
    outer loop
      vertex 67.8961 5.07746 11.25
      vertex 68.3375 5.67076 12
      vertex 67.2 5.54256 11.25
    endloop
  endfacet
  facet normal -0.395849 -0.592454 -0.701642
    outer loop
      vertex 67.2 5.54256 0.75
      vertex 67.5792 6.17742 0
      vertex 67.8961 5.07746 0.75
    endloop
  endfacet
  facet normal -0.397211 -0.591591 -0.7016
    outer loop
      vertex 67.5792 6.17742 0
      vertex 67.2 5.54256 0.75
      vertex 67.5701 6.18353 0
    endloop
  endfacet
  facet normal -0.395872 -0.592453 -0.70163
    outer loop
      vertex 67.8961 5.07746 0.75
      vertex 67.5792 6.17742 0
      vertex 68.3466 5.66465 0
    endloop
  endfacet
  facet normal -0.659353 -0.751833 0
    outer loop
      vertex 67.8961 5.07746 0.75
      vertex 68.5255 4.52548 11.25
      vertex 67.8961 5.07746 11.25
    endloop
  endfacet
  facet normal -0.659353 -0.751833 -0
    outer loop
      vertex 68.5255 4.52548 11.25
      vertex 67.8961 5.07746 0.75
      vertex 68.5255 4.52548 0.75
    endloop
  endfacet
  facet normal -0.469786 -0.535742 0.701628
    outer loop
      vertex 68.3466 5.66465 12
      vertex 67.8961 5.07746 11.25
      vertex 69.0406 5.05609 12
    endloop
  endfacet
  facet normal -0.472268 -0.533415 0.701734
    outer loop
      vertex 69.0406 5.05609 12
      vertex 68.5255 4.52548 11.25
      vertex 69.0488 5.04883 12
    endloop
  endfacet
  facet normal -0.469801 -0.535695 0.701653
    outer loop
      vertex 68.5255 4.52548 11.25
      vertex 69.0406 5.05609 12
      vertex 67.8961 5.07746 11.25
    endloop
  endfacet
  facet normal -0.469814 -0.53571 -0.701633
    outer loop
      vertex 67.8961 5.07746 0.75
      vertex 68.3549 5.65739 0
      vertex 68.5255 4.52548 0.75
    endloop
  endfacet
  facet normal -0.469103 -0.536302 -0.701657
    outer loop
      vertex 68.3549 5.65739 0
      vertex 67.8961 5.07746 0.75
      vertex 68.3466 5.66465 0
    endloop
  endfacet
  facet normal -0.469823 -0.535708 -0.701629
    outer loop
      vertex 68.5255 4.52548 0.75
      vertex 68.3549 5.65739 0
      vertex 69.0488 5.04883 0
    endloop
  endfacet
  facet normal -0.751827 -0.659361 -2.22013e-19
    outer loop
      vertex 69.0775 3.89607 0.75
      vertex 68.5255 4.52548 11.25
      vertex 68.5255 4.52548 0.75
    endloop
  endfacet
  facet normal -0.751827 -0.659361 -2.22013e-19
    outer loop
      vertex 68.5255 4.52548 11.25
      vertex 69.0775 3.89607 0.75
      vertex 69.0775 3.89607 11.25
    endloop
  endfacet
  facet normal -0.535701 -0.469834 0.701627
    outer loop
      vertex 69.0488 5.04883 12
      vertex 68.5255 4.52548 11.25
      vertex 69.6574 4.35491 12
    endloop
  endfacet
  facet normal -0.537357 -0.467832 0.701698
    outer loop
      vertex 69.6574 4.35491 12
      vertex 69.0775 3.89607 11.25
      vertex 69.6646 4.34664 12
    endloop
  endfacet
  facet normal -0.535704 -0.469819 0.701635
    outer loop
      vertex 69.0775 3.89607 11.25
      vertex 69.6574 4.35491 12
      vertex 68.5255 4.52548 11.25
    endloop
  endfacet
  facet normal -0.535698 -0.469813 -0.701643
    outer loop
      vertex 68.5255 4.52548 0.75
      vertex 69.0561 5.04056 0
      vertex 69.0775 3.89607 0.75
    endloop
  endfacet
  facet normal -0.534145 -0.471494 -0.7017
    outer loop
      vertex 69.0561 5.04056 0
      vertex 68.5255 4.52548 0.75
      vertex 69.0488 5.04883 0
    endloop
  endfacet
  facet normal -0.535746 -0.469797 -0.701617
    outer loop
      vertex 69.0775 3.89607 0.75
      vertex 69.0561 5.04056 0
      vertex 69.6646 4.34664 0
    endloop
  endfacet
  facet normal -0.831469 -0.555571 -3.08974e-18
    outer loop
      vertex 69.5426 3.2 10.9898
      vertex 69.0775 3.89607 11.25
      vertex 69.0775 3.89607 0.75
    endloop
  endfacet
  facet normal -0.831536 -0.55547 0.000388899
    outer loop
      vertex 69.5426 3.2 1.01018
      vertex 69.0775 3.89607 0.75
      vertex 69.3703 3.45775 0.75
    endloop
  endfacet
  facet normal -0.831469 -0.555571 -0
    outer loop
      vertex 69.5426 3.2 10.9898
      vertex 69.0775 3.89607 0.75
      vertex 69.5426 3.2 1.01018
    endloop
  endfacet
  facet normal -0.83153 -0.555479 -0.000354964
    outer loop
      vertex 69.0775 3.89607 11.25
      vertex 69.5426 3.2 10.9898
      vertex 69.3703 3.45776 11.25
    endloop
  endfacet
  facet normal -0.592408 -0.395913 0.701645
    outer loop
      vertex 69.6646 4.34664 12
      vertex 69.5324 3.76503 11.5602
      vertex 69.7621 4.20075 12
    endloop
  endfacet
  facet normal -0.592472 -0.395874 0.701613
    outer loop
      vertex 69.5324 3.76503 11.5602
      vertex 69.6646 4.34664 12
      vertex 69.0775 3.89607 11.25
    endloop
  endfacet
  facet normal -0.592478 -0.395787 0.701657
    outer loop
      vertex 69.5324 3.76503 11.5602
      vertex 69.0775 3.89607 11.25
      vertex 69.3703 3.45776 11.25
    endloop
  endfacet
  facet normal -0.587963 -0.397966 -0.704218
    outer loop
      vertex 69.6263 3.94321 0.259963
      vertex 69.6646 4.34664 0
      vertex 69.6708 4.33748 0
    endloop
  endfacet
  facet normal -0.592505 -0.395796 -0.701629
    outer loop
      vertex 69.0775 3.89607 0.75
      vertex 69.6263 3.94321 0.259963
      vertex 69.3703 3.45775 0.75
    endloop
  endfacet
  facet normal -0.592484 -0.395858 -0.701612
    outer loop
      vertex 69.6263 3.94321 0.259963
      vertex 69.0775 3.89607 0.75
      vertex 69.6646 4.34664 0
    endloop
  endfacet
  facet normal -0.59261 -0.395709 -0.70159
    outer loop
      vertex 69.7621 4.20075 0
      vertex 69.6263 3.94321 0.259963
      vertex 69.6708 4.33748 0
    endloop
  endfacet
  facet normal -0.897315 -0.441391 -3.7692e-20
    outer loop
      vertex 69.5672 3.14999 1.06065
      vertex 69.5426 3.2 10.9898
      vertex 69.5426 3.2 1.01018
    endloop
  endfacet
  facet normal -0.897315 -0.441391 -3.80773e-20
    outer loop
      vertex 69.5426 3.2 10.9898
      vertex 69.5672 3.14999 1.06065
      vertex 69.5672 3.14999 10.9393
    endloop
  endfacet
  facet normal -0.897315 0.441391 3.80773e-20
    outer loop
      vertex 69.5426 -3.2 1.01018
      vertex 69.5672 -3.14999 10.9393
      vertex 69.5672 -3.14999 1.06065
    endloop
  endfacet
  facet normal -0.897315 0.441391 3.7692e-20
    outer loop
      vertex 69.5672 -3.14999 10.9393
      vertex 69.5426 -3.2 1.01018
      vertex 69.5426 -3.2 10.9898
    endloop
  endfacet
  facet normal -0.831536 0.55547 0.000388899
    outer loop
      vertex 69.0775 -3.89607 0.75
      vertex 69.5426 -3.2 1.01018
      vertex 69.3703 -3.45775 0.75
    endloop
  endfacet
  facet normal -0.831469 0.555571 0
    outer loop
      vertex 69.5426 -3.2 1.01018
      vertex 69.0775 -3.89607 0.75
      vertex 69.5426 -3.2 10.9898
    endloop
  endfacet
  facet normal -0.831469 0.555571 0
    outer loop
      vertex 69.0775 -3.89607 11.25
      vertex 69.5426 -3.2 10.9898
      vertex 69.0775 -3.89607 0.75
    endloop
  endfacet
  facet normal -0.83153 0.555479 -0.000354964
    outer loop
      vertex 69.5426 -3.2 10.9898
      vertex 69.0775 -3.89607 11.25
      vertex 69.3703 -3.45776 11.25
    endloop
  endfacet
  facet normal -0.592658 0.395741 0.701531
    outer loop
      vertex 69.7621 -4.20075 12
      vertex 69.6263 -3.94322 11.74
      vertex 69.6708 -4.33748 12
    endloop
  endfacet
  facet normal -0.588011 0.397999 0.704159
    outer loop
      vertex 69.6263 -3.94322 11.74
      vertex 69.6646 -4.34664 12
      vertex 69.6708 -4.33748 12
    endloop
  endfacet
  facet normal -0.592477 0.395787 0.701658
    outer loop
      vertex 69.0775 -3.89607 11.25
      vertex 69.6263 -3.94322 11.74
      vertex 69.3703 -3.45776 11.25
    endloop
  endfacet
  facet normal -0.592425 0.39594 0.701615
    outer loop
      vertex 69.6263 -3.94322 11.74
      vertex 69.0775 -3.89607 11.25
      vertex 69.6646 -4.34664 12
    endloop
  endfacet
  facet normal -0.592456 0.395764 -0.701688
    outer loop
      vertex 69.5324 -3.76503 0.439823
      vertex 69.0775 -3.89607 0.75
      vertex 69.3703 -3.45775 0.75
    endloop
  endfacet
  facet normal -0.592423 0.395923 -0.701626
    outer loop
      vertex 69.6646 -4.34664 0
      vertex 69.5324 -3.76503 0.439823
      vertex 69.7621 -4.20075 0
    endloop
  endfacet
  facet normal -0.592448 0.395909 -0.701614
    outer loop
      vertex 69.5324 -3.76503 0.439823
      vertex 69.6646 -4.34664 0
      vertex 69.0775 -3.89607 0.75
    endloop
  endfacet
  facet normal -0.751827 0.659361 2.22013e-19
    outer loop
      vertex 68.5255 -4.52548 0.75
      vertex 69.0775 -3.89607 11.25
      vertex 69.0775 -3.89607 0.75
    endloop
  endfacet
  facet normal -0.751827 0.659361 2.22013e-19
    outer loop
      vertex 69.0775 -3.89607 11.25
      vertex 68.5255 -4.52548 0.75
      vertex 68.5255 -4.52548 11.25
    endloop
  endfacet
  facet normal -0.535746 0.469797 0.701617
    outer loop
      vertex 69.0775 -3.89607 11.25
      vertex 69.0561 -5.04056 12
      vertex 69.6646 -4.34664 12
    endloop
  endfacet
  facet normal -0.535698 0.469813 0.701643
    outer loop
      vertex 68.5255 -4.52548 11.25
      vertex 69.0561 -5.04056 12
      vertex 69.0775 -3.89607 11.25
    endloop
  endfacet
  facet normal -0.534145 0.471494 0.7017
    outer loop
      vertex 69.0561 -5.04056 12
      vertex 68.5255 -4.52548 11.25
      vertex 69.0488 -5.04883 12
    endloop
  endfacet
  facet normal -0.537357 0.467832 -0.701698
    outer loop
      vertex 69.6574 -4.35491 0
      vertex 69.0775 -3.89607 0.75
      vertex 69.6646 -4.34664 0
    endloop
  endfacet
  facet normal -0.535704 0.469819 -0.701635
    outer loop
      vertex 69.0775 -3.89607 0.75
      vertex 69.6574 -4.35491 0
      vertex 68.5255 -4.52548 0.75
    endloop
  endfacet
  facet normal -0.535701 0.469834 -0.701627
    outer loop
      vertex 69.0488 -5.04883 0
      vertex 68.5255 -4.52548 0.75
      vertex 69.6574 -4.35491 0
    endloop
  endfacet
  facet normal -0.659353 0.751833 0
    outer loop
      vertex 68.5255 -4.52548 0.75
      vertex 67.8961 -5.07746 11.25
      vertex 68.5255 -4.52548 11.25
    endloop
  endfacet
  facet normal -0.659353 0.751833 0
    outer loop
      vertex 67.8961 -5.07746 11.25
      vertex 68.5255 -4.52548 0.75
      vertex 67.8961 -5.07746 0.75
    endloop
  endfacet
  facet normal -0.469823 0.535708 0.701629
    outer loop
      vertex 68.5255 -4.52548 11.25
      vertex 68.3549 -5.65739 12
      vertex 69.0488 -5.04883 12
    endloop
  endfacet
  facet normal -0.469814 0.53571 0.701633
    outer loop
      vertex 67.8961 -5.07746 11.25
      vertex 68.3549 -5.65739 12
      vertex 68.5255 -4.52548 11.25
    endloop
  endfacet
  facet normal -0.469103 0.536302 0.701657
    outer loop
      vertex 68.3549 -5.65739 12
      vertex 67.8961 -5.07746 11.25
      vertex 68.3466 -5.66465 12
    endloop
  endfacet
  facet normal -0.472268 0.533415 -0.701734
    outer loop
      vertex 69.0406 -5.05609 0
      vertex 68.5255 -4.52548 0.75
      vertex 69.0488 -5.04883 0
    endloop
  endfacet
  facet normal -0.469801 0.535695 -0.701653
    outer loop
      vertex 68.5255 -4.52548 0.75
      vertex 69.0406 -5.05609 0
      vertex 67.8961 -5.07746 0.75
    endloop
  endfacet
  facet normal -0.469786 0.535742 -0.701628
    outer loop
      vertex 68.3466 -5.66465 0
      vertex 67.8961 -5.07746 0.75
      vertex 69.0406 -5.05609 0
    endloop
  endfacet
  facet normal -0.555554 0.83148 0
    outer loop
      vertex 67.8961 -5.07746 0.75
      vertex 67.2 -5.54256 11.25
      vertex 67.8961 -5.07746 11.25
    endloop
  endfacet
  facet normal -0.555554 0.83148 0
    outer loop
      vertex 67.2 -5.54256 11.25
      vertex 67.8961 -5.07746 0.75
      vertex 67.2 -5.54256 0.75
    endloop
  endfacet
  facet normal -0.395872 0.592453 0.70163
    outer loop
      vertex 67.8961 -5.07746 11.25
      vertex 67.5792 -6.17742 12
      vertex 68.3466 -5.66465 12
    endloop
  endfacet
  facet normal -0.395849 0.592454 0.701642
    outer loop
      vertex 67.2 -5.54256 11.25
      vertex 67.5792 -6.17742 12
      vertex 67.8961 -5.07746 11.25
    endloop
  endfacet
  facet normal -0.397211 0.591591 0.7016
    outer loop
      vertex 67.5792 -6.17742 12
      vertex 67.2 -5.54256 11.25
      vertex 67.5701 -6.18353 12
    endloop
  endfacet
  facet normal -0.397167 0.591525 -0.701681
    outer loop
      vertex 68.3375 -5.67076 0
      vertex 67.8961 -5.07746 0.75
      vertex 68.3466 -5.66465 0
    endloop
  endfacet
  facet normal -0.395849 0.592455 -0.701642
    outer loop
      vertex 67.8961 -5.07746 0.75
      vertex 68.3375 -5.67076 0
      vertex 67.2 -5.54256 0.75
    endloop
  endfacet
  facet normal -0.395859 0.592434 -0.701653
    outer loop
      vertex 67.5701 -6.18353 0
      vertex 67.2 -5.54256 0.75
      vertex 68.3375 -5.67076 0
    endloop
  endfacet
  facet normal -0.442295 0.89687 0
    outer loop
      vertex 67.2 -5.54256 0.75
      vertex 66.4492 -5.91282 11.25
      vertex 67.2 -5.54256 11.25
    endloop
  endfacet
  facet normal -0.442295 0.89687 0
    outer loop
      vertex 66.4492 -5.91282 11.25
      vertex 67.2 -5.54256 0.75
      vertex 66.4492 -5.91282 0.75
    endloop
  endfacet
  facet normal -0.315136 0.639042 0.701651
    outer loop
      vertex 67.2 -5.54256 11.25
      vertex 66.7423 -6.59175 12
      vertex 67.5701 -6.18353 12
    endloop
  endfacet
  facet normal -0.315146 0.639043 0.701646
    outer loop
      vertex 66.4492 -5.91282 11.25
      vertex 66.7423 -6.59175 12
      vertex 67.2 -5.54256 11.25
    endloop
  endfacet
  facet normal -0.314503 0.63934 0.701664
    outer loop
      vertex 66.7423 -6.59175 12
      vertex 66.4492 -5.91282 11.25
      vertex 66.7324 -6.59662 12
    endloop
  endfacet
  facet normal -0.314519 0.639371 -0.701628
    outer loop
      vertex 67.5602 -6.1884 0
      vertex 67.2 -5.54256 0.75
      vertex 67.5701 -6.18353 0
    endloop
  endfacet
  facet normal -0.315146 0.639042 -0.701646
    outer loop
      vertex 67.2 -5.54256 0.75
      vertex 67.5602 -6.1884 0
      vertex 66.4492 -5.91282 0.75
    endloop
  endfacet
  facet normal -0.315141 0.639051 -0.701641
    outer loop
      vertex 66.7324 -6.59662 0
      vertex 66.4492 -5.91282 0.75
      vertex 67.5602 -6.1884 0
    endloop
  endfacet
  facet normal -0.321419 0.946937 0
    outer loop
      vertex 66.4492 -5.91282 0.75
      vertex 65.6564 -6.18192 11.25
      vertex 66.4492 -5.91282 11.25
    endloop
  endfacet
  facet normal -0.321419 0.946937 0
    outer loop
      vertex 65.6564 -6.18192 11.25
      vertex 66.4492 -5.91282 0.75
      vertex 65.6564 -6.18192 0.75
    endloop
  endfacet
  facet normal -0.229033 0.674715 0.701643
    outer loop
      vertex 66.4492 -5.91282 11.25
      vertex 65.8584 -6.8933 12
      vertex 66.7324 -6.59662 12
    endloop
  endfacet
  facet normal -0.229018 0.674712 0.701651
    outer loop
      vertex 65.6564 -6.18192 11.25
      vertex 65.8584 -6.8933 12
      vertex 66.4492 -5.91282 11.25
    endloop
  endfacet
  facet normal -0.2296 0.674531 0.701636
    outer loop
      vertex 65.8584 -6.8933 12
      vertex 65.6564 -6.18192 11.25
      vertex 65.848 -6.89684 12
    endloop
  endfacet
  facet normal -0.229591 0.674505 -0.701663
    outer loop
      vertex 66.722 -6.60016 0
      vertex 66.4492 -5.91282 0.75
      vertex 66.7324 -6.59662 0
    endloop
  endfacet
  facet normal -0.229019 0.674716 -0.701647
    outer loop
      vertex 66.4492 -5.91282 0.75
      vertex 66.722 -6.60016 0
      vertex 65.6564 -6.18192 0.75
    endloop
  endfacet
  facet normal -0.229029 0.674704 -0.701655
    outer loop
      vertex 65.848 -6.89684 0
      vertex 65.6564 -6.18192 0.75
      vertex 66.722 -6.60016 0
    endloop
  endfacet
  facet normal -0.195105 0.980782 0
    outer loop
      vertex 65.6564 -6.18192 0.75
      vertex 64.8354 -6.34524 11.25
      vertex 65.6564 -6.18192 11.25
    endloop
  endfacet
  facet normal -0.195105 0.980782 0
    outer loop
      vertex 64.8354 -6.34524 11.25
      vertex 65.6564 -6.18192 0.75
      vertex 64.8354 -6.34524 0.75
    endloop
  endfacet
  facet normal -0.139009 0.698827 0.701653
    outer loop
      vertex 65.6564 -6.18192 11.25
      vertex 64.9428 -7.0769 12
      vertex 65.848 -6.89684 12
    endloop
  endfacet
  facet normal -0.139017 0.69883 0.701649
    outer loop
      vertex 64.8354 -6.34524 11.25
      vertex 64.9428 -7.0769 12
      vertex 65.6564 -6.18192 11.25
    endloop
  endfacet
  facet normal -0.139116 0.698813 0.701646
    outer loop
      vertex 64.9428 -7.0769 12
      vertex 64.8354 -6.34524 11.25
      vertex 64.932 -7.07905 12
    endloop
  endfacet
  facet normal -0.138495 0.698947 -0.701636
    outer loop
      vertex 65.8372 -6.89898 0
      vertex 65.6564 -6.18192 0.75
      vertex 65.848 -6.89684 0
    endloop
  endfacet
  facet normal -0.139017 0.698829 -0.701649
    outer loop
      vertex 65.6564 -6.18192 0.75
      vertex 65.8372 -6.89898 0
      vertex 64.8354 -6.34524 0.75
    endloop
  endfacet
  facet normal -0.139017 0.698829 -0.701649
    outer loop
      vertex 64.932 -7.07905 0
      vertex 64.8354 -6.34524 0.75
      vertex 65.8372 -6.89898 0
    endloop
  endfacet
  facet normal -0.0653972 0.997859 0
    outer loop
      vertex 64.8354 -6.34524 0.75
      vertex 64 -6.39999 11.25
      vertex 64.8354 -6.34524 11.25
    endloop
  endfacet
  facet normal -0.0653972 0.997859 0
    outer loop
      vertex 64 -6.39999 11.25
      vertex 64.8354 -6.34524 0.75
      vertex 64 -6.39999 0.75
    endloop
  endfacet
  facet normal -0.0465969 0.710996 0.70165
    outer loop
      vertex 64.8354 -6.34524 11.25
      vertex 64.011 -7.13941 12
      vertex 64.932 -7.07905 12
    endloop
  endfacet
  facet normal -0.0465969 0.710996 0.70165
    outer loop
      vertex 64 -6.39999 11.25
      vertex 64.011 -7.13941 12
      vertex 64.8354 -6.34524 11.25
    endloop
  endfacet
  facet normal -0.0465381 0.710999 0.701652
    outer loop
      vertex 64.011 -7.13941 12
      vertex 64 -6.39999 11.25
      vertex 64 -7.14013 12
    endloop
  endfacet
  facet normal -0.0465383 0.711002 -0.701648
    outer loop
      vertex 64.921 -7.07977 0
      vertex 64.8354 -6.34524 0.75
      vertex 64.932 -7.07905 0
    endloop
  endfacet
  facet normal -0.0465969 0.710997 -0.70165
    outer loop
      vertex 64.8354 -6.34524 0.75
      vertex 64.921 -7.07977 0
      vertex 64 -6.39999 0.75
    endloop
  endfacet
  facet normal -0.0465969 0.710997 -0.70165
    outer loop
      vertex 64.921 -7.07977 0
      vertex 64 -7.14013 0
      vertex 64 -6.39999 0.75
    endloop
  endfacet
  facet normal 0 1 -0
    outer loop
      vertex 76 -4.21066 1.05065
      vertex 75.99 -4.21066 10.9593
      vertex 76 -4.21066 10.9493
    endloop
  endfacet
  facet normal 0 1 0
    outer loop
      vertex 75.99 -4.21066 10.9593
      vertex 76 -4.21066 1.05065
      vertex 75.99 -4.21066 1.04066
    endloop
  endfacet
  facet normal 0 -1 0
    outer loop
      vertex 75.99 4.21066 10.9593
      vertex 76 4.21066 1.05065
      vertex 76 4.21066 10.9493
    endloop
  endfacet
  facet normal -0 -1 0
    outer loop
      vertex 76 4.21066 1.05065
      vertex 75.99 4.21066 10.9593
      vertex 75.99 4.21066 1.04066
    endloop
  endfacet
  facet normal 0.707093 0.70712 1.36457e-05
    outer loop
      vertex 75.99 -4.21066 10.9593
      vertex 74.9293 -3.15 10.9393
      vertex 75.4671 -3.68779 11.4822
    endloop
  endfacet
  facet normal 0.707093 0.70712 3.75345e-18
    outer loop
      vertex 75.99 -4.21066 10.9593
      vertex 74.9293 -3.15 1.06065
      vertex 74.9293 -3.15 10.9393
    endloop
  endfacet
  facet normal 0.707093 0.70712 -0
    outer loop
      vertex 75.99 -4.21066 1.04066
      vertex 74.9293 -3.15 1.06065
      vertex 75.99 -4.21066 10.9593
    endloop
  endfacet
  facet normal 0.707093 0.70712 -1.36465e-05
    outer loop
      vertex 74.9293 -3.15 1.06065
      vertex 75.99 -4.21066 1.04066
      vertex 75.4671 -3.68779 0.517789
    endloop
  endfacet
  facet normal 0.707093 -0.70712 1.36457e-05
    outer loop
      vertex 74.9293 3.15 10.9393
      vertex 75.99 4.21066 10.9593
      vertex 75.4671 3.68779 11.4822
    endloop
  endfacet
  facet normal 0.707093 -0.70712 0
    outer loop
      vertex 74.9293 3.15 1.06065
      vertex 75.99 4.21066 10.9593
      vertex 74.9293 3.15 10.9393
    endloop
  endfacet
  facet normal 0.707093 -0.70712 -3.73832e-18
    outer loop
      vertex 74.9293 3.15 1.06065
      vertex 75.99 4.21066 1.04066
      vertex 75.99 4.21066 10.9593
    endloop
  endfacet
  facet normal 0.707093 -0.70712 -1.36465e-05
    outer loop
      vertex 75.99 4.21066 1.04066
      vertex 74.9293 3.15 1.06065
      vertex 75.4671 3.68779 0.517789
    endloop
  endfacet
  facet normal 1 -0 0
    outer loop
      vertex 74.9293 -3.15 10.9393
      vertex 74.9293 -3.14999 1.06065
      vertex 74.9293 -3.14999 10.9393
    endloop
  endfacet
  facet normal 1 0 0
    outer loop
      vertex 74.9293 -3.14999 1.06065
      vertex 74.9293 -3.15 10.9393
      vertex 74.9293 -3.15 1.06065
    endloop
  endfacet
  facet normal 1 -0 0
    outer loop
      vertex 74.9293 3.14999 10.9393
      vertex 74.9293 3.15 1.06065
      vertex 74.9293 3.15 10.9393
    endloop
  endfacet
  facet normal 1 0 0
    outer loop
      vertex 74.9293 3.15 1.06065
      vertex 74.9293 3.14999 10.9393
      vertex 74.9293 3.14999 1.06065
    endloop
  endfacet
  facet normal -0.500007 -0.500007 -0.707096
    outer loop
      vertex -66.8245 -40.6557 1.05065
      vertex -64.4676 -41.5268 0
      vertex -64.9543 -42.5259 1.05065
    endloop
  endfacet
  facet normal -0.500006 -0.49998 -0.707116
    outer loop
      vertex -64.4676 -41.5268 0
      vertex -66.8245 -40.6557 1.05065
      vertex -66.3893 -39.605 0
    endloop
  endfacet
  facet normal -0.500032 -0.499973 -0.707103
    outer loop
      vertex -56.7104 -50.7557 1.04066
      vertex -55.9676 -50.0268 0
      vertex -55.971 -50.7557 0.517789
    endloop
  endfacet
  facet normal -0.500003 -0.500003 -0.707103
    outer loop
      vertex -56.7104 -50.7557 1.04066
      vertex -59.6995 -46.2949 0
      vertex -55.9676 -50.0268 0
    endloop
  endfacet
  facet normal -0.500689 -0.5003 -0.706406
    outer loop
      vertex -56.7175 -50.7627 1.05065
      vertex -59.6995 -46.2949 0
      vertex -56.7104 -50.7557 1.04066
    endloop
  endfacet
  facet normal -0.499985 -0.499998 -0.707119
    outer loop
      vertex -59.6995 -46.2949 0
      vertex -56.7175 -50.7627 1.05065
      vertex -60.6986 -46.7817 1.05065
    endloop
  endfacet
  facet normal -0.500007 -0.500007 -0.707096
    outer loop
      vertex -40.6557 -66.8245 1.05065
      vertex -41.5268 -64.4676 0
      vertex -39.6051 -66.3893 0
    endloop
  endfacet
  facet normal -0.500007 -0.500007 -0.707096
    outer loop
      vertex -41.5268 -64.4676 0
      vertex -40.6557 -66.8245 1.05065
      vertex -42.5259 -64.9543 1.05065
    endloop
  endfacet
  facet normal -0.499998 -0.499985 -0.707119
    outer loop
      vertex -50.7627 -56.7175 1.05065
      vertex -46.2949 -59.6995 0
      vertex -46.7817 -60.6986 1.05065
    endloop
  endfacet
  facet normal -0.500003 -0.500003 -0.707103
    outer loop
      vertex -46.2949 -59.6995 0
      vertex -50.7557 -56.7104 1.04066
      vertex -50.0268 -55.9676 0
    endloop
  endfacet
  facet normal -0.5003 -0.500689 -0.706406
    outer loop
      vertex -46.2949 -59.6995 0
      vertex -50.7627 -56.7175 1.05065
      vertex -50.7557 -56.7104 1.04066
    endloop
  endfacet
  facet normal -0.499973 -0.500032 -0.707103
    outer loop
      vertex -50.0268 -55.9676 0
      vertex -50.7557 -56.7104 1.04066
      vertex -50.7557 -55.971 0.517789
    endloop
  endfacet
  facet normal -0.145295 -0.85604 -0.496069
    outer loop
      vertex -40.348 -67.1323 1.48586
      vertex -38.855 -67.1393 1.06065
      vertex -40.3409 -67.1393 1.49586
    endloop
  endfacet
  facet normal -0.146408 -0.85355 -0.500016
    outer loop
      vertex -38.855 -67.1393 1.06065
      vertex -40.348 -67.1323 1.48586
      vertex -39.6051 -66.3893 0
    endloop
  endfacet
  facet normal -0.500009 0.500009 0.707094
    outer loop
      vertex -48.2843 -20 10.9393
      vertex -66.3893 -39.605 12
      vertex -45.7236 -18.9393 12
    endloop
  endfacet
  facet normal -0.500009 0.500009 0.707094
    outer loop
      vertex -66.3893 -39.605 12
      vertex -48.2843 -20 10.9393
      vertex -67.1393 -38.855 10.9393
    endloop
  endfacet
  facet normal -0.500026 0.500026 0.70707
    outer loop
      vertex -8.28427 20 10.9393
      vertex 39.598 66.3823 12
      vertex 38.848 67.1322 10.9393
    endloop
  endfacet
  facet normal -0.500003 0.500002 0.707103
    outer loop
      vertex 39.598 66.3823 12
      vertex -8.28427 20 10.9393
      vertex -7.84493 18.9393 12
    endloop
  endfacet
  facet normal -0.853559 -0.146432 0.499995
    outer loop
      vertex -66.8316 -40.6486 10.9393
      vertex -66.3893 -39.605 12
      vertex -67.1393 -38.855 10.9393
    endloop
  endfacet
  facet normal -0.852894 -0.147536 0.500804
    outer loop
      vertex -66.3893 -39.605 12
      vertex -66.8316 -40.6486 10.9393
      vertex -66.8245 -40.6557 10.9493
    endloop
  endfacet
  facet normal -0.146459 -0.853558 0.499989
    outer loop
      vertex -40.3409 -67.1393 10.5041
      vertex -39.6051 -66.3893 12
      vertex -40.6557 -66.8245 10.9493
    endloop
  endfacet
  facet normal -0.146438 -0.853565 0.499982
    outer loop
      vertex -39.6051 -66.3893 12
      vertex -40.3409 -67.1393 10.5041
      vertex -38.855 -67.1393 10.9393
    endloop
  endfacet
  facet normal -0.499998 0.499998 -0.70711
    outer loop
      vertex -66.3893 -39.605 0
      vertex -48.2843 -20 1.06065
      vertex -45.7236 -18.9393 0
    endloop
  endfacet
  facet normal -0.499998 0.499998 -0.70711
    outer loop
      vertex -48.2843 -20 1.06065
      vertex -66.3893 -39.605 0
      vertex -67.1393 -38.855 1.06065
    endloop
  endfacet
  facet normal -0.499991 0.499991 -0.707119
    outer loop
      vertex -8.28427 20 1.06065
      vertex 39.598 66.3823 0
      vertex -7.84493 18.9393 0
    endloop
  endfacet
  facet normal -0.500014 0.500015 -0.707087
    outer loop
      vertex 39.598 66.3823 0
      vertex -8.28427 20 1.06065
      vertex 38.848 67.1322 1.06065
    endloop
  endfacet
  facet normal -0.853552 -0.146447 -0.500003
    outer loop
      vertex -66.3893 -39.605 0
      vertex -67.1393 -40.3409 1.49586
      vertex -67.1393 -38.855 1.06065
    endloop
  endfacet
  facet normal -0.853558 -0.14643 -0.499997
    outer loop
      vertex -67.1393 -40.3409 1.49586
      vertex -66.3893 -39.605 0
      vertex -66.8245 -40.6557 1.05065
    endloop
  endfacet
  facet normal 0.499981 -0.499981 -0.707134
    outer loop
      vertex -39.6051 -66.3893 0
      vertex 8.28427 -20 1.06065
      vertex -38.855 -67.1393 1.06065
    endloop
  endfacet
  facet normal 0.499991 -0.499991 -0.70712
    outer loop
      vertex 8.28427 -20 1.06065
      vertex -39.6051 -66.3893 0
      vertex 7.84493 -18.9393 0
    endloop
  endfacet
  facet normal 0.707154 0.70706 0
    outer loop
      vertex 67.1393 38.855 1.06065
      vertex 66.3893 39.6051 0
      vertex 66.3893 39.6051 1.07894e-05
    endloop
  endfacet
  facet normal 0.499981 -0.499981 -0.707134
    outer loop
      vertex 48.2843 20 1.06065
      vertex 66.3893 39.6051 0
      vertex 67.1393 38.855 1.06065
    endloop
  endfacet
  facet normal 0.499997 -0.499995 -0.707112
    outer loop
      vertex 66.3893 39.6051 0
      vertex 48.2843 20 1.06065
      vertex 45.7236 18.9393 0
    endloop
  endfacet
  facet normal 0.500003 -0.500003 0.707103
    outer loop
      vertex -39.6051 -66.3893 12
      vertex 8.28427 -20 10.9393
      vertex 7.84493 -18.9393 12
    endloop
  endfacet
  facet normal 0.499993 -0.499993 0.707117
    outer loop
      vertex 8.28427 -20 10.9393
      vertex -39.6051 -66.3893 12
      vertex -38.855 -67.1393 10.9393
    endloop
  endfacet
  facet normal 0.499993 -0.499993 0.707117
    outer loop
      vertex 66.3893 39.6051 12
      vertex 48.2843 20 10.9393
      vertex 67.1393 38.855 10.9393
    endloop
  endfacet
  facet normal 0.500009 -0.500007 0.707096
    outer loop
      vertex 48.2843 20 10.9393
      vertex 66.3893 39.6051 12
      vertex 45.7236 18.9393 12
    endloop
  endfacet
  facet normal -0.500019 -0.500019 0.70708
    outer loop
      vertex -41.5268 -64.4676 12
      vertex -40.6557 -66.8245 10.9493
      vertex -39.6051 -66.3893 12
    endloop
  endfacet
  facet normal -0.500019 -0.500019 0.70708
    outer loop
      vertex -40.6557 -66.8245 10.9493
      vertex -41.5268 -64.4676 12
      vertex -42.5259 -64.9543 10.9493
    endloop
  endfacet
  facet normal -0.500012 -0.500012 0.707089
    outer loop
      vertex -50.7557 -56.7104 10.9593
      vertex -46.2949 -59.6995 12
      vertex -50.0268 -55.9676 12
    endloop
  endfacet
  facet normal -0.499974 -0.50005 0.70709
    outer loop
      vertex -50.7557 -56.7104 10.9593
      vertex -50.0268 -55.9676 12
      vertex -50.7557 -55.971 11.4822
    endloop
  endfacet
  facet normal -0.500455 -0.501034 0.706052
    outer loop
      vertex -50.7627 -56.7175 10.9493
      vertex -46.2949 -59.6995 12
      vertex -50.7557 -56.7104 10.9593
    endloop
  endfacet
  facet normal -0.50001 -0.499997 0.707102
    outer loop
      vertex -46.2949 -59.6995 12
      vertex -50.7627 -56.7175 10.9493
      vertex -46.7817 -60.6986 10.9493
    endloop
  endfacet
  facet normal -0.500018 -0.499992 0.7071
    outer loop
      vertex -66.8245 -40.6557 10.9493
      vertex -64.4676 -41.5268 12
      vertex -66.3893 -39.605 12
    endloop
  endfacet
  facet normal -0.500019 -0.500019 0.70708
    outer loop
      vertex -64.4676 -41.5268 12
      vertex -66.8245 -40.6557 10.9493
      vertex -64.9543 -42.5259 10.9493
    endloop
  endfacet
  facet normal -0.50005 -0.499974 0.70709
    outer loop
      vertex -55.9676 -50.0268 12
      vertex -56.7104 -50.7557 10.9593
      vertex -55.971 -50.7557 11.4822
    endloop
  endfacet
  facet normal -0.500012 -0.500012 0.707089
    outer loop
      vertex -59.6995 -46.2949 12
      vertex -56.7104 -50.7557 10.9593
      vertex -55.9676 -50.0268 12
    endloop
  endfacet
  facet normal -0.501034 -0.500455 0.706052
    outer loop
      vertex -59.6995 -46.2949 12
      vertex -56.7175 -50.7627 10.9493
      vertex -56.7104 -50.7557 10.9593
    endloop
  endfacet
  facet normal -0.499997 -0.50001 0.707102
    outer loop
      vertex -56.7175 -50.7627 10.9493
      vertex -59.6995 -46.2949 12
      vertex -60.6986 -46.7817 10.9493
    endloop
  endfacet
  facet normal 0.707107 -0.707107 1.26438e-16
    outer loop
      vertex -38.855 -67.1393 10.9393
      vertex 8.28427 -20 1.06065
      vertex 8.28427 -20 10.9393
    endloop
  endfacet
  facet normal 0.707107 -0.707107 1.26438e-16
    outer loop
      vertex 8.28427 -20 1.06065
      vertex -38.855 -67.1393 10.9393
      vertex -38.855 -67.1393 1.06065
    endloop
  endfacet
  facet normal 0.707107 -0.707107 6.63822e-18
    outer loop
      vertex 48.2843 20 10.9393
      vertex 67.1393 38.855 1.06065
      vertex 67.1393 38.855 10.9393
    endloop
  endfacet
  facet normal 0.707107 -0.707107 6.63822e-18
    outer loop
      vertex 67.1393 38.855 1.06065
      vertex 48.2843 20 10.9393
      vertex 48.2843 20 1.06065
    endloop
  endfacet
  facet normal -1 0 0
    outer loop
      vertex -67.1393 -40.3409 1.49586
      vertex -67.1393 -38.855 10.9393
      vertex -67.1393 -38.855 1.06065
    endloop
  endfacet
  facet normal -1 0 0
    outer loop
      vertex -67.1393 -38.855 10.9393
      vertex -67.1393 -40.3409 1.49586
      vertex -67.1393 -40.3409 10.5041
    endloop
  endfacet
  facet normal -0.707107 0.707107 6.63822e-18
    outer loop
      vertex -67.1393 -38.855 1.06065
      vertex -48.2843 -20 10.9393
      vertex -48.2843 -20 1.06065
    endloop
  endfacet
  facet normal -0.707107 0.707107 6.63822e-18
    outer loop
      vertex -48.2843 -20 10.9393
      vertex -67.1393 -38.855 1.06065
      vertex -67.1393 -38.855 10.9393
    endloop
  endfacet
  facet normal -0.712104 0.702074 2.19698e-20
    outer loop
      vertex 38.848 67.1322 1.06065
      vertex 38.855 67.1393 10.9393
      vertex 38.855 67.1393 1.06065
    endloop
  endfacet
  facet normal -0.712104 0.702074 0
    outer loop
      vertex 38.848 67.1322 1.06065
      vertex 38.848 67.1322 10.9393
      vertex 38.855 67.1393 10.9393
    endloop
  endfacet
  facet normal -0.707106 0.707107 2.14807e-16
    outer loop
      vertex -8.28427 20 1.06065
      vertex 38.848 67.1322 10.9393
      vertex 38.848 67.1322 1.06065
    endloop
  endfacet
  facet normal -0.707106 0.707107 2.14807e-16
    outer loop
      vertex 38.848 67.1322 10.9393
      vertex -8.28427 20 1.06065
      vertex -8.28427 20 10.9393
    endloop
  endfacet
  facet normal 0 -1 0
    outer loop
      vertex -40.3409 -67.1393 1.49586
      vertex -38.855 -67.1393 10.9393
      vertex -40.3409 -67.1393 10.5041
    endloop
  endfacet
  facet normal 0 -1 -0
    outer loop
      vertex -38.855 -67.1393 10.9393
      vertex -40.3409 -67.1393 1.49586
      vertex -38.855 -67.1393 1.06065
    endloop
  endfacet
  facet normal -0.853573 -0.146434 0.499969
    outer loop
      vertex -67.1393 -38.855 10.9393
      vertex -67.1393 -40.3409 10.5041
      vertex -66.8316 -40.6486 10.9393
    endloop
  endfacet
  facet normal -0.146517 -0.853511 -0.500051
    outer loop
      vertex -40.348 -67.1323 1.48586
      vertex -40.6557 -66.8245 1.05065
      vertex -39.6051 -66.3893 0
    endloop
  endfacet
  facet normal 0.500007 0.500007 -0.707096
    outer loop
      vertex 41.5268 64.4676 0
      vertex 40.6557 66.8245 1.05065
      vertex 42.5259 64.9543 1.05065
    endloop
  endfacet
  facet normal 0.500007 0.500007 -0.707096
    outer loop
      vertex 40.6557 66.8245 1.05065
      vertex 41.5268 64.4676 0
      vertex 39.6051 66.3893 0
    endloop
  endfacet
  facet normal 0.500007 0.500007 -0.707096
    outer loop
      vertex 46.2949 59.6995 0
      vertex 51.5905 55.8897 1.05065
      vertex 51.5905 54.4039 0
    endloop
  endfacet
  facet normal 0.499997 0.499986 -0.707119
    outer loop
      vertex 51.5905 55.8897 1.05065
      vertex 46.2949 59.6995 0
      vertex 46.7817 60.6986 1.05065
    endloop
  endfacet
  facet normal 0.923871 -0.382704 0
    outer loop
      vertex 66.3893 39.6051 0
      vertex 66.8245 40.6557 1.05065
      vertex 66.3893 39.6051 1.07894e-05
    endloop
  endfacet
  facet normal 0.500007 0.500007 -0.707096
    outer loop
      vertex 64.4676 41.5268 0
      vertex 66.8245 40.6557 1.05065
      vertex 66.3893 39.6051 0
    endloop
  endfacet
  facet normal 0.500007 0.500007 -0.707096
    outer loop
      vertex 66.8245 40.6557 1.05065
      vertex 64.4676 41.5268 0
      vertex 64.9543 42.5259 1.05065
    endloop
  endfacet
  facet normal 0.499986 0.499997 -0.707119
    outer loop
      vertex 59.6995 46.2949 0
      vertex 55.8897 51.5905 1.05065
      vertex 60.6986 46.7817 1.05065
    endloop
  endfacet
  facet normal 0.500007 0.500007 -0.707096
    outer loop
      vertex 55.8897 51.5905 1.05065
      vertex 59.6995 46.2949 0
      vertex 54.4039 51.5905 0
    endloop
  endfacet
  facet normal 0.145295 0.85604 -0.496069
    outer loop
      vertex 40.348 67.1323 1.48586
      vertex 38.855 67.1393 1.06065
      vertex 40.3409 67.1393 1.49586
    endloop
  endfacet
  facet normal 0.146408 0.85355 -0.500016
    outer loop
      vertex 38.855 67.1393 1.06065
      vertex 40.348 67.1323 1.48586
      vertex 39.6051 66.3893 0
    endloop
  endfacet
  facet normal 0.852895 0.147544 0.500799
    outer loop
      vertex 66.3893 39.6051 12
      vertex 66.8316 40.6486 10.9393
      vertex 66.8245 40.6557 10.9493
    endloop
  endfacet
  facet normal 0.853565 0.146433 0.499985
    outer loop
      vertex 66.8316 40.6486 10.9393
      vertex 66.3893 39.6051 12
      vertex 67.1393 38.855 10.9393
    endloop
  endfacet
  facet normal 0.146459 0.853558 0.499989
    outer loop
      vertex 40.3409 67.1393 10.5041
      vertex 39.6051 66.3893 12
      vertex 40.6557 66.8245 10.9493
    endloop
  endfacet
  facet normal 0.146438 0.853565 0.499982
    outer loop
      vertex 39.6051 66.3893 12
      vertex 40.3409 67.1393 10.5041
      vertex 38.855 67.1393 10.9393
    endloop
  endfacet
  facet normal 0.853559 0.146435 -0.499994
    outer loop
      vertex 67.1393 40.3409 1.49586
      vertex 66.3893 39.6051 1.07894e-05
      vertex 66.8245 40.6557 1.05065
    endloop
  endfacet
  facet normal 0.853555 0.146446 -0.499998
    outer loop
      vertex 66.3893 39.6051 1.07894e-05
      vertex 67.1393 40.3409 1.49586
      vertex 67.1393 38.855 1.06065
    endloop
  endfacet
  facet normal -0.499981 0.499981 -0.707134
    outer loop
      vertex 39.598 66.3822 0
      vertex 38.855 67.1393 1.06065
      vertex 39.6051 66.3893 0
    endloop
  endfacet
  facet normal -0.503537 0.496445 -0.707101
    outer loop
      vertex 38.855 67.1393 1.06065
      vertex 39.598 66.3822 0
      vertex 38.848 67.1322 1.06065
    endloop
  endfacet
  facet normal -0.499993 0.499993 0.707117
    outer loop
      vertex 38.855 67.1393 10.9393
      vertex 39.598 66.3822 12
      vertex 39.6051 66.3893 12
    endloop
  endfacet
  facet normal -0.503549 0.496457 0.707085
    outer loop
      vertex 39.598 66.3822 12
      vertex 38.855 67.1393 10.9393
      vertex 38.848 67.1322 10.9393
    endloop
  endfacet
  facet normal 0.500019 0.500019 0.70708
    outer loop
      vertex 40.6557 66.8245 10.9493
      vertex 41.5268 64.4676 12
      vertex 42.5259 64.9543 10.9493
    endloop
  endfacet
  facet normal 0.500019 0.500019 0.70708
    outer loop
      vertex 41.5268 64.4676 12
      vertex 40.6557 66.8245 10.9493
      vertex 39.6051 66.3893 12
    endloop
  endfacet
  facet normal 0.500008 0.499998 0.707102
    outer loop
      vertex 46.2949 59.6995 12
      vertex 51.5905 55.8897 10.9493
      vertex 46.7817 60.6986 10.9493
    endloop
  endfacet
  facet normal 0.500019 0.500019 0.70708
    outer loop
      vertex 51.5905 55.8897 10.9493
      vertex 46.2949 59.6995 12
      vertex 51.5905 54.4039 12
    endloop
  endfacet
  facet normal 0.500019 0.500019 0.70708
    outer loop
      vertex 64.4676 41.5268 12
      vertex 66.8245 40.6557 10.9493
      vertex 64.9543 42.5259 10.9493
    endloop
  endfacet
  facet normal 0.500019 0.500019 0.70708
    outer loop
      vertex 66.8245 40.6557 10.9493
      vertex 64.4676 41.5268 12
      vertex 66.3893 39.6051 12
    endloop
  endfacet
  facet normal 0.499998 0.500008 0.707102
    outer loop
      vertex 55.8897 51.5905 10.9493
      vertex 59.6995 46.2949 12
      vertex 60.6986 46.7817 10.9493
    endloop
  endfacet
  facet normal 0.500019 0.500019 0.70708
    outer loop
      vertex 59.6995 46.2949 12
      vertex 55.8897 51.5905 10.9493
      vertex 54.4039 51.5905 12
    endloop
  endfacet
  facet normal 1 0 0
    outer loop
      vertex 67.1393 38.855 10.9393
      vertex 67.1393 40.3409 1.49586
      vertex 67.1393 40.3409 10.5041
    endloop
  endfacet
  facet normal 1 0 0
    outer loop
      vertex 67.1393 40.3409 1.49586
      vertex 67.1393 38.855 10.9393
      vertex 67.1393 38.855 1.06065
    endloop
  endfacet
  facet normal 0 1 -0
    outer loop
      vertex 40.3409 67.1393 1.49586
      vertex 38.855 67.1393 10.9393
      vertex 40.3409 67.1393 10.5041
    endloop
  endfacet
  facet normal 0 1 0
    outer loop
      vertex 38.855 67.1393 10.9393
      vertex 40.3409 67.1393 1.49586
      vertex 38.855 67.1393 1.06065
    endloop
  endfacet
  facet normal 0.853573 0.146434 0.499969
    outer loop
      vertex 67.1393 40.3409 10.5041
      vertex 66.8316 40.6486 10.9393
      vertex 67.1393 38.855 10.9393
    endloop
  endfacet
  facet normal 0.146517 0.853511 -0.500051
    outer loop
      vertex 40.6557 66.8245 1.05065
      vertex 39.6051 66.3893 0
      vertex 40.348 67.1323 1.48586
    endloop
  endfacet
  facet normal 0.816507 0 -0.577336
    outer loop
      vertex 39.598 66.3822 12
      vertex 38.848 67.1322 10.9393
      vertex 39.598 66.3823 12
    endloop
  endfacet
  facet normal 0.816494 0 0.577354
    outer loop
      vertex 39.598 66.3823 0
      vertex 38.848 67.1322 1.06065
      vertex 39.598 66.3822 0
    endloop
  endfacet
  facet normal 0.707114 0.707099 -1.044e-05
    outer loop
      vertex 46.7817 60.6986 10.9493
      vertex 51.5905 55.8897 10.9493
      vertex 51.5834 55.8968 10.9393
    endloop
  endfacet
  facet normal 0.707107 0.707107 -1.20605e-17
    outer loop
      vertex 42.9744 64.5058 9.10999
      vertex 40.3409 67.1393 1.49586
      vertex 40.3409 67.1393 10.5041
    endloop
  endfacet
  facet normal 0.707107 0.707107 8.13962e-17
    outer loop
      vertex 42.5259 64.9543 10.9493
      vertex 40.3409 67.1393 10.5041
      vertex 40.6557 66.8245 10.9493
    endloop
  endfacet
  facet normal 0.707107 0.707107 -0
    outer loop
      vertex 42.9744 64.5058 2.89
      vertex 40.3409 67.1393 1.49586
      vertex 42.9744 64.5058 9.10999
    endloop
  endfacet
  facet normal 0.707107 0.707107 -2.66462e-15
    outer loop
      vertex 40.3409 67.1393 10.5041
      vertex 42.5259 64.9543 10.9493
      vertex 42.9744 64.5058 9.10999
    endloop
  endfacet
  facet normal 0.705733 0.708459 0.00514919
    outer loop
      vertex 40.3409 67.1393 1.49586
      vertex 42.9744 64.5058 2.89
      vertex 40.348 67.1323 1.48586
    endloop
  endfacet
  facet normal 0.707122 0.707091 -7.54873e-06
    outer loop
      vertex 42.5259 64.9543 1.05065
      vertex 40.348 67.1323 1.48586
      vertex 42.9744 64.5058 2.89
    endloop
  endfacet
  facet normal 0.707107 0.707107 -0.000162475
    outer loop
      vertex 40.348 67.1323 1.48586
      vertex 42.5259 64.9543 1.05065
      vertex 40.6557 66.8245 1.05065
    endloop
  endfacet
  facet normal 0.707096 0.707117 -2.69795e-17
    outer loop
      vertex 46.3332 61.1471 9.10999
      vertex 42.9744 64.5058 2.89
      vertex 42.9744 64.5058 9.10999
    endloop
  endfacet
  facet normal 0.707096 0.707117 0
    outer loop
      vertex 46.3332 61.1471 9.10999
      vertex 46.3332 61.1471 2.89
      vertex 42.9744 64.5058 2.89
    endloop
  endfacet
  facet normal 0.707114 0.7071 -3.05752e-17
    outer loop
      vertex 51.5834 55.8968 1.06065
      vertex 46.3332 61.1471 2.89
      vertex 46.3332 61.1471 9.10999
    endloop
  endfacet
  facet normal 0.707114 0.707099 -3.58899e-06
    outer loop
      vertex 51.5834 55.8968 10.9393
      vertex 46.3332 61.1471 9.10999
      vertex 46.7817 60.6986 10.9493
    endloop
  endfacet
  facet normal 0.707114 0.7071 -0
    outer loop
      vertex 51.5834 55.8968 1.06065
      vertex 46.3332 61.1471 9.10999
      vertex 51.5834 55.8968 10.9393
    endloop
  endfacet
  facet normal 0.707114 0.707099 3.58891e-06
    outer loop
      vertex 46.3332 61.1471 2.89
      vertex 51.5834 55.8968 1.06065
      vertex 46.7817 60.6986 1.05065
    endloop
  endfacet
  facet normal 0.707114 0.707099 1.044e-05
    outer loop
      vertex 46.7817 60.6986 1.05065
      vertex 51.5834 55.8968 1.06065
      vertex 51.5905 55.8897 1.05065
    endloop
  endfacet
  facet normal 0.707107 0.707107 -5.02427e-13
    outer loop
      vertex 66.8316 40.6486 10.9393
      vertex 64.9543 42.5259 10.9493
      vertex 66.8245 40.6557 10.9493
    endloop
  endfacet
  facet normal 0.707107 0.707107 1.34591e-14
    outer loop
      vertex 67.1393 40.3409 10.5041
      vertex 64.9543 42.5259 10.9493
      vertex 66.8316 40.6486 10.9393
    endloop
  endfacet
  facet normal 0.707107 0.707107 -2.66462e-15
    outer loop
      vertex 67.1393 40.3409 10.5041
      vertex 64.5058 42.9744 9.10999
      vertex 64.9543 42.5259 10.9493
    endloop
  endfacet
  facet normal 0.707117 0.707096 0
    outer loop
      vertex 64.5058 42.9744 9.10999
      vertex 64.5058 42.9744 2.89
      vertex 61.1471 46.3332 9.10999
    endloop
  endfacet
  facet normal 0.707107 0.707107 -1.74668e-17
    outer loop
      vertex 67.1393 40.3409 10.5041
      vertex 64.5058 42.9744 2.89
      vertex 64.5058 42.9744 9.10999
    endloop
  endfacet
  facet normal 0.707107 0.707107 -0
    outer loop
      vertex 67.1393 40.3409 1.49586
      vertex 64.5058 42.9744 2.89
      vertex 67.1393 40.3409 10.5041
    endloop
  endfacet
  facet normal 0.707107 0.707107 8.13944e-17
    outer loop
      vertex 64.9543 42.5259 1.05065
      vertex 67.1393 40.3409 1.49586
      vertex 66.8245 40.6557 1.05065
    endloop
  endfacet
  facet normal 0.707107 0.707107 2.61739e-15
    outer loop
      vertex 67.1393 40.3409 1.49586
      vertex 64.9543 42.5259 1.05065
      vertex 64.5058 42.9744 2.89
    endloop
  endfacet
  facet normal 0.707099 0.707114 -1.044e-05
    outer loop
      vertex 60.6986 46.7817 10.9493
      vertex 55.8968 51.5834 10.9393
      vertex 55.8897 51.5905 10.9493
    endloop
  endfacet
  facet normal 0.707099 0.707114 -3.58899e-06
    outer loop
      vertex 61.1471 46.3332 9.10999
      vertex 55.8968 51.5834 10.9393
      vertex 60.6986 46.7817 10.9493
    endloop
  endfacet
  facet normal 0.707117 0.707096 -0
    outer loop
      vertex 61.1471 46.3332 2.89
      vertex 61.1471 46.3332 9.10999
      vertex 64.5058 42.9744 2.89
    endloop
  endfacet
  facet normal 0.7071 0.707114 0
    outer loop
      vertex 61.1471 46.3332 9.10999
      vertex 61.1471 46.3332 2.89
      vertex 55.8968 51.5834 10.9393
    endloop
  endfacet
  facet normal 0.7071 0.707114 -1.92514e-17
    outer loop
      vertex 61.1471 46.3332 2.89
      vertex 55.8968 51.5834 1.06065
      vertex 55.8968 51.5834 10.9393
    endloop
  endfacet
  facet normal 0.707099 0.707114 3.58891e-06
    outer loop
      vertex 60.6986 46.7817 1.05065
      vertex 55.8968 51.5834 1.06065
      vertex 61.1471 46.3332 2.89
    endloop
  endfacet
  facet normal 0.707099 0.707114 1.044e-05
    outer loop
      vertex 55.8968 51.5834 1.06065
      vertex 60.6986 46.7817 1.05065
      vertex 55.8897 51.5905 1.05065
    endloop
  endfacet
  facet normal -0.707107 -0.707107 -1.20605e-17
    outer loop
      vertex -64.5058 -42.9744 9.10999
      vertex -67.1393 -40.3409 10.5041
      vertex -67.1393 -40.3409 1.49586
    endloop
  endfacet
  facet normal -0.707107 -0.707107 8.13944e-17
    outer loop
      vertex -64.9543 -42.5259 1.05065
      vertex -67.1393 -40.3409 1.49586
      vertex -66.8245 -40.6557 1.05065
    endloop
  endfacet
  facet normal -0.707107 -0.707107 -2.59834e-15
    outer loop
      vertex -64.9543 -42.5259 10.9493
      vertex -67.1393 -40.3409 10.5041
      vertex -64.5058 -42.9744 9.10999
    endloop
  endfacet
  facet normal -0.707107 -0.707107 1.34591e-14
    outer loop
      vertex -67.1393 -40.3409 10.5041
      vertex -64.9543 -42.5259 10.9493
      vertex -66.8316 -40.6486 10.9393
    endloop
  endfacet
  facet normal -0.707107 -0.707107 2.61739e-15
    outer loop
      vertex -67.1393 -40.3409 1.49586
      vertex -64.9543 -42.5259 1.05065
      vertex -64.5058 -42.9744 2.89
    endloop
  endfacet
  facet normal -0.707107 -0.707107 -1.74668e-17
    outer loop
      vertex -67.1393 -40.3409 1.49586
      vertex -64.5058 -42.9744 2.89
      vertex -64.5058 -42.9744 9.10999
    endloop
  endfacet
  facet normal -0.707107 -0.707107 -5.02427e-13
    outer loop
      vertex -66.8316 -40.6486 10.9393
      vertex -64.9543 -42.5259 10.9493
      vertex -66.8245 -40.6557 10.9493
    endloop
  endfacet
  facet normal -0.707117 -0.707096 -2.69795e-17
    outer loop
      vertex -61.1471 -46.3332 2.89
      vertex -64.5058 -42.9744 9.10999
      vertex -64.5058 -42.9744 2.89
    endloop
  endfacet
  facet normal -0.707117 -0.707096 0
    outer loop
      vertex -61.1471 -46.3332 2.89
      vertex -61.1471 -46.3332 9.10999
      vertex -64.5058 -42.9744 9.10999
    endloop
  endfacet
  facet normal -0.707098 -0.707116 4.33097e-06
    outer loop
      vertex -56.7175 -50.7627 1.05065
      vertex -61.1471 -46.3332 2.89
      vertex -60.6986 -46.7817 1.05065
    endloop
  endfacet
  facet normal -0.707099 -0.707115 0
    outer loop
      vertex -61.1471 -46.3332 2.89
      vertex -56.7175 -50.7627 1.05065
      vertex -61.1471 -46.3332 9.10999
    endloop
  endfacet
  facet normal -0.707099 -0.707115 -0
    outer loop
      vertex -56.7175 -50.7627 10.9493
      vertex -61.1471 -46.3332 9.10999
      vertex -56.7175 -50.7627 1.05065
    endloop
  endfacet
  facet normal -0.707098 -0.707116 -4.33107e-06
    outer loop
      vertex -61.1471 -46.3332 9.10999
      vertex -56.7175 -50.7627 10.9493
      vertex -60.6986 -46.7817 10.9493
    endloop
  endfacet
  facet normal -0.707115 -0.707099 1.30087e-17
    outer loop
      vertex -46.3332 -61.1471 9.10999
      vertex -50.7627 -56.7175 10.9493
      vertex -50.7627 -56.7175 1.05065
    endloop
  endfacet
  facet normal -0.707116 -0.707098 4.33097e-06
    outer loop
      vertex -46.3332 -61.1471 2.89
      vertex -50.7627 -56.7175 1.05065
      vertex -46.7817 -60.6986 1.05065
    endloop
  endfacet
  facet normal -0.707115 -0.707099 -0
    outer loop
      vertex -46.3332 -61.1471 9.10999
      vertex -50.7627 -56.7175 1.05065
      vertex -46.3332 -61.1471 2.89
    endloop
  endfacet
  facet normal -0.707116 -0.707098 -4.33107e-06
    outer loop
      vertex -50.7627 -56.7175 10.9493
      vertex -46.3332 -61.1471 9.10999
      vertex -46.7817 -60.6986 10.9493
    endloop
  endfacet
  facet normal -0.707096 -0.707117 -2.69795e-17
    outer loop
      vertex -42.9744 -64.5058 2.89
      vertex -46.3332 -61.1471 9.10999
      vertex -46.3332 -61.1471 2.89
    endloop
  endfacet
  facet normal -0.707096 -0.707117 0
    outer loop
      vertex -42.9744 -64.5058 2.89
      vertex -42.9744 -64.5058 9.10999
      vertex -46.3332 -61.1471 9.10999
    endloop
  endfacet
  facet normal -0.707122 -0.707091 -7.54873e-06
    outer loop
      vertex -40.348 -67.1323 1.48586
      vertex -42.9744 -64.5058 2.89
      vertex -42.5259 -64.9543 1.05065
    endloop
  endfacet
  facet normal -0.707107 -0.707107 0
    outer loop
      vertex -42.9744 -64.5058 2.89
      vertex -40.3409 -67.1393 1.49586
      vertex -42.9744 -64.5058 9.10999
    endloop
  endfacet
  facet normal -0.707107 -0.707107 -0.000162475
    outer loop
      vertex -40.348 -67.1323 1.48586
      vertex -42.5259 -64.9543 1.05065
      vertex -40.6557 -66.8245 1.05065
    endloop
  endfacet
  facet normal -0.705733 -0.708459 0.00514919
    outer loop
      vertex -42.9744 -64.5058 2.89
      vertex -40.348 -67.1323 1.48586
      vertex -40.3409 -67.1393 1.49586
    endloop
  endfacet
  facet normal -0.707107 -0.707107 -0
    outer loop
      vertex -40.3409 -67.1393 10.5041
      vertex -42.9744 -64.5058 9.10999
      vertex -40.3409 -67.1393 1.49586
    endloop
  endfacet
  facet normal -0.707107 -0.707107 -2.61087e-15
    outer loop
      vertex -42.9744 -64.5058 9.10999
      vertex -40.3409 -67.1393 10.5041
      vertex -42.5259 -64.9543 10.9493
    endloop
  endfacet
  facet normal -0.707107 -0.707107 8.13962e-17
    outer loop
      vertex -42.5259 -64.9543 10.9493
      vertex -40.3409 -67.1393 10.5041
      vertex -40.6557 -66.8245 10.9493
    endloop
  endfacet
  facet normal 0.49961 -0.499794 0.707528
    outer loop
      vertex 55.8897 51.5905 10.9493
      vertex 60.0255 57.1131 11.93
      vertex 60.0113 57.198 12
    endloop
  endfacet
  facet normal 0.499998 -0.499998 0.70711
    outer loop
      vertex 60.2006 56.3266 11.25
      vertex 55.8968 51.5834 10.9393
      vertex 60.5286 56.2152 10.9393
    endloop
  endfacet
  facet normal 0.499997 -0.500003 0.707107
    outer loop
      vertex 55.8897 51.5905 10.9493
      vertex 60.2006 56.3266 11.25
      vertex 60.0491 56.9713 11.813
    endloop
  endfacet
  facet normal 0.500127 -0.50008 0.70696
    outer loop
      vertex 60.0255 57.1131 11.93
      vertex 55.8897 51.5905 10.9493
      vertex 60.0491 56.9713 11.813
    endloop
  endfacet
  facet normal 0.498879 -0.499077 0.708549
    outer loop
      vertex 60.2006 56.3266 11.25
      vertex 55.8897 51.5905 10.9493
      vertex 55.8968 51.5834 10.9393
    endloop
  endfacet
  facet normal 0.500021 -0.500013 0.707083
    outer loop
      vertex 55.8897 51.5905 10.9493
      vertex 60.0113 57.198 12
      vertex 54.4039 51.5905 12
    endloop
  endfacet
  facet normal 0.707107 -0.707107 -1.96504e-17
    outer loop
      vertex 55.8968 51.5834 10.9393
      vertex 60.5286 56.2152 1.06065
      vertex 60.5286 56.2152 10.9393
    endloop
  endfacet
  facet normal 0.707107 -0.707107 -1.96504e-17
    outer loop
      vertex 60.5286 56.2152 1.06065
      vertex 55.8968 51.5834 10.9393
      vertex 55.8968 51.5834 1.06065
    endloop
  endfacet
  facet normal -0.499077 0.498879 0.708549
    outer loop
      vertex 56.3266 60.2006 11.25
      vertex 51.5834 55.8968 10.9393
      vertex 51.5905 55.8897 10.9493
    endloop
  endfacet
  facet normal -0.499956 0.499918 0.707195
    outer loop
      vertex 51.5905 55.8897 10.9493
      vertex 57.1132 60.0255 11.93
      vertex 56.9713 60.0491 11.813
    endloop
  endfacet
  facet normal -0.499998 0.499998 0.70711
    outer loop
      vertex 51.5834 55.8968 10.9393
      vertex 56.3266 60.2006 11.25
      vertex 56.2152 60.5286 10.9393
    endloop
  endfacet
  facet normal -0.500003 0.499997 0.707107
    outer loop
      vertex 51.5905 55.8897 10.9493
      vertex 56.9713 60.0491 11.813
      vertex 56.3266 60.2006 11.25
    endloop
  endfacet
  facet normal -0.499991 0.49998 0.707127
    outer loop
      vertex 57.1132 60.0255 11.93
      vertex 51.5905 55.8897 10.9493
      vertex 57.198 60.0113 12
    endloop
  endfacet
  facet normal -0.500013 0.500021 0.707083
    outer loop
      vertex 57.198 60.0113 12
      vertex 51.5905 55.8897 10.9493
      vertex 51.5905 54.4039 12
    endloop
  endfacet
  facet normal 0.499958 -0.499958 -0.707167
    outer loop
      vertex 55.8968 51.5834 1.06065
      vertex 60.2006 56.3266 0.75
      vertex 60.5286 56.2152 1.06065
    endloop
  endfacet
  facet normal 0.498883 -0.499073 -0.708549
    outer loop
      vertex 55.8897 51.5905 1.05065
      vertex 60.2006 56.3266 0.75
      vertex 55.8968 51.5834 1.06065
    endloop
  endfacet
  facet normal 0.500016 -0.500011 -0.707088
    outer loop
      vertex 60.2006 56.3266 0.75
      vertex 55.8897 51.5905 1.05065
      vertex 60.0491 56.9713 0.186973
    endloop
  endfacet
  facet normal 0.500131 -0.500079 -0.706958
    outer loop
      vertex 60.0491 56.9713 0.186973
      vertex 55.8897 51.5905 1.05065
      vertex 60.0255 57.1131 0.0699727
    endloop
  endfacet
  facet normal 0.499473 -0.499715 -0.707681
    outer loop
      vertex 60.0255 57.1131 0.0699727
      vertex 55.8897 51.5905 1.05065
      vertex 60.0113 57.198 0
    endloop
  endfacet
  facet normal 0.50001 -0.500001 -0.7071
    outer loop
      vertex 60.0113 57.198 0
      vertex 55.8897 51.5905 1.05065
      vertex 54.4039 51.5905 0
    endloop
  endfacet
  facet normal -0.707107 0.707107 -1.96504e-17
    outer loop
      vertex 51.5834 55.8968 1.06065
      vertex 56.2152 60.5286 10.9393
      vertex 56.2152 60.5286 1.06065
    endloop
  endfacet
  facet normal -0.707107 0.707107 -1.96504e-17
    outer loop
      vertex 56.2152 60.5286 10.9393
      vertex 51.5834 55.8968 1.06065
      vertex 51.5834 55.8968 10.9393
    endloop
  endfacet
  facet normal -0.499897 0.499816 -0.70731
    outer loop
      vertex 51.5905 55.8897 1.05065
      vertex 57.1132 60.0255 0.0699675
      vertex 57.198 60.0113 0
    endloop
  endfacet
  facet normal -0.499073 0.498883 -0.708549
    outer loop
      vertex 51.5834 55.8968 1.06065
      vertex 56.3266 60.2006 0.75
      vertex 51.5905 55.8897 1.05065
    endloop
  endfacet
  facet normal -0.500017 0.500023 -0.707079
    outer loop
      vertex 56.9713 60.0491 0.186959
      vertex 51.5905 55.8897 1.05065
      vertex 56.3266 60.2006 0.75
    endloop
  endfacet
  facet normal -0.499941 0.499894 -0.707223
    outer loop
      vertex 57.1132 60.0255 0.0699675
      vertex 51.5905 55.8897 1.05065
      vertex 56.9713 60.0491 0.186959
    endloop
  endfacet
  facet normal -0.500001 0.50001 -0.7071
    outer loop
      vertex 51.5905 55.8897 1.05065
      vertex 57.198 60.0113 0
      vertex 51.5905 54.4039 0
    endloop
  endfacet
  facet normal -0.499958 0.499958 -0.707167
    outer loop
      vertex 56.3266 60.2006 0.75
      vertex 51.5834 55.8968 1.06065
      vertex 56.2152 60.5286 1.06065
    endloop
  endfacet
  facet normal -0.947238 -0.32053 0
    outer loop
      vertex 56.1884 60.6078 0.75
      vertex 56.2152 60.5286 1.06065
      vertex 56.1884 60.6078 11.25
    endloop
  endfacet
  facet normal -0.946948 -0.321386 -0.000243144
    outer loop
      vertex 56.2152 60.5286 1.06065
      vertex 56.1884 60.6078 0.75
      vertex 56.3266 60.2006 0.75
    endloop
  endfacet
  facet normal -0.947238 -0.32053 -0
    outer loop
      vertex 56.2152 60.5286 10.9393
      vertex 56.1884 60.6078 11.25
      vertex 56.2152 60.5286 1.06065
    endloop
  endfacet
  facet normal -0.946948 -0.321386 0.000243105
    outer loop
      vertex 56.1884 60.6078 11.25
      vertex 56.2152 60.5286 10.9393
      vertex 56.3266 60.2006 11.25
    endloop
  endfacet
  facet normal -0.946969 0.321324 -6.91493e-19
    outer loop
      vertex 56.1884 63.843 0.75
      vertex 56.4511 64.6172 11.25
      vertex 56.4511 64.6172 0.75
    endloop
  endfacet
  facet normal -0.946969 0.321324 -6.91493e-19
    outer loop
      vertex 56.4511 64.6172 11.25
      vertex 56.1884 63.843 0.75
      vertex 56.1884 63.843 11.25
    endloop
  endfacet
  facet normal -0.393229 0.588545 -0.706389
    outer loop
      vertex 58.8772 66.5888 0
      vertex 58.4206 67.1839 0.75
      vertex 59.1004 67.6381 0.75
    endloop
  endfacet
  facet normal -0.466793 0.532166 0.706331
    outer loop
      vertex 58.4206 67.1839 11.25
      vertex 57.806 66.6448 11.25
      vertex 58.3363 66.1145 12
    endloop
  endfacet
  facet normal 0.466793 -0.532166 -0.706331
    outer loop
      vertex 66.6448 57.806 0.75
      vertex 66.0302 57.2669 0.75
      vertex 66.1145 58.3363 0
    endloop
  endfacet
  facet normal -0.321386 -0.946948 0.000243105
    outer loop
      vertex 60.5286 56.2152 10.9393
      vertex 60.6078 56.1884 11.25
      vertex 60.2006 56.3266 11.25
    endloop
  endfacet
  facet normal -0.32053 -0.947238 0
    outer loop
      vertex 60.5286 56.2152 1.06065
      vertex 60.6078 56.1884 11.25
      vertex 60.5286 56.2152 10.9393
    endloop
  endfacet
  facet normal -0.32053 -0.947238 2.46028e-20
    outer loop
      vertex 60.5286 56.2152 1.06065
      vertex 60.6078 56.1884 0.75
      vertex 60.6078 56.1884 11.25
    endloop
  endfacet
  facet normal -0.321386 -0.946948 -0.000243144
    outer loop
      vertex 60.6078 56.1884 0.75
      vertex 60.5286 56.2152 1.06065
      vertex 60.2006 56.3266 0.75
    endloop
  endfacet
  facet normal 0.634824 0.313083 0.706384
    outer loop
      vertex 67.6381 65.3504 11.25
      vertex 66.9885 64.9754 12
      vertex 67.3067 64.3302 12
    endloop
  endfacet
  facet normal 0.138106 0.694253 -0.706356
    outer loop
      vertex 63.843 68.2624 0.75
      vertex 62.9433 67.6783 0
      vertex 63.0412 68.4219 0.75
    endloop
  endfacet
  facet normal -0.466793 0.532166 -0.706331
    outer loop
      vertex 58.3363 66.1145 0
      vertex 57.806 66.6448 0.75
      vertex 58.4206 67.1839 0.75
    endloop
  endfacet
  facet normal 0.466793 -0.532166 0.706331
    outer loop
      vertex 66.1145 58.3363 12
      vertex 66.0302 57.2669 11.25
      vertex 66.6448 57.806 11.25
    endloop
  endfacet
  facet normal -0.138115 -0.694299 0.70631
    outer loop
      vertex 61.5075 56.7724 12
      vertex 60.6078 56.1884 11.25
      vertex 61.4096 56.0289 11.25
    endloop
  endfacet
  facet normal -0.532166 0.466793 0.706331
    outer loop
      vertex 57.806 66.6448 11.25
      vertex 57.2669 66.0302 11.25
      vertex 58.3363 66.1145 12
    endloop
  endfacet
  facet normal 0.321324 -0.946969 0
    outer loop
      vertex 63.843 56.1884 0.75
      vertex 64.6172 56.4511 11.25
      vertex 63.843 56.1884 11.25
    endloop
  endfacet
  facet normal 0.321324 -0.946969 0
    outer loop
      vertex 64.6172 56.4511 11.25
      vertex 63.843 56.1884 0.75
      vertex 64.6172 56.4511 0.75
    endloop
  endfacet
  facet normal -0.70635 0.0462439 0.70635
    outer loop
      vertex 56.7724 62.9433 12
      vertex 55.9754 62.2254 11.25
      vertex 56.7254 62.2254 12
    endloop
  endfacet
  facet normal -0.0463246 -0.706385 -0.70631
    outer loop
      vertex 62.2254 55.9754 0.75
      vertex 61.4096 56.0289 0.75
      vertex 61.5075 56.7724 0
    endloop
  endfacet
  facet normal 0.046342 0.706347 0.706347
    outer loop
      vertex 62.2254 68.4754 11.25
      vertex 62.2254 67.7254 12
      vertex 62.9433 67.6783 12
    endloop
  endfacet
  facet normal 0.694253 -0.138106 0.706356
    outer loop
      vertex 68.4219 61.4096 11.25
      vertex 67.6783 61.5075 12
      vertex 68.2624 60.6078 11.25
    endloop
  endfacet
  facet normal 0.532166 -0.466793 0.706331
    outer loop
      vertex 67.1839 58.4206 11.25
      vertex 66.1145 58.3363 12
      vertex 66.6448 57.806 11.25
    endloop
  endfacet
  facet normal 0.670305 0.227533 0.706342
    outer loop
      vertex 67.9996 64.6172 11.25
      vertex 67.3067 64.3302 12
      vertex 68.2624 63.843 11.25
    endloop
  endfacet
  facet normal -0.70635 0.0462439 -0.70635
    outer loop
      vertex 56.7254 62.2254 0
      vertex 55.9754 62.2254 0.75
      vertex 56.7724 62.9433 0
    endloop
  endfacet
  facet normal 0.313031 0.634894 -0.706344
    outer loop
      vertex 65.3504 67.6381 0.75
      vertex 64.3302 67.3067 0
      vertex 64.6172 67.9996 0.75
    endloop
  endfacet
  facet normal 0.532198 0.466669 0.706389
    outer loop
      vertex 67.1839 66.0302 11.25
      vertex 66.1145 66.1145 12
      vertex 66.5888 65.5736 12
    endloop
  endfacet
  facet normal 0.227533 0.670305 0.706342
    outer loop
      vertex 64.6172 67.9996 11.25
      vertex 63.843 68.2624 11.25
      vertex 64.3302 67.3067 12
    endloop
  endfacet
  facet normal -0.670311 -0.227569 -0.706326
    outer loop
      vertex 57.1441 60.1206 0
      vertex 56.1884 60.6078 0.75
      vertex 56.9128 60.8019 0
    endloop
  endfacet
  facet normal -0.670311 -0.227569 0.706326
    outer loop
      vertex 56.9128 60.8019 12
      vertex 56.1884 60.6078 11.25
      vertex 57.1441 60.1206 12
    endloop
  endfacet
  facet normal -0.227533 0.670305 -0.706342
    outer loop
      vertex 60.1206 67.3067 0
      vertex 59.8336 67.9996 0.75
      vertex 60.6078 68.2624 0.75
    endloop
  endfacet
  facet normal -0.751773 0.659422 1.67352e-18
    outer loop
      vertex 57.2669 66.0302 0.75
      vertex 57.806 66.6448 11.25
      vertex 57.806 66.6448 0.75
    endloop
  endfacet
  facet normal -0.751773 0.659422 1.67352e-18
    outer loop
      vertex 57.806 66.6448 11.25
      vertex 57.2669 66.0302 0.75
      vertex 57.2669 66.0302 11.25
    endloop
  endfacet
  facet normal -0.634824 0.313083 0.706384
    outer loop
      vertex 56.8127 65.3504 11.25
      vertex 56.4511 64.6172 11.25
      vertex 57.1441 64.3302 12
    endloop
  endfacet
  facet normal -0.670292 0.227442 0.706384
    outer loop
      vertex 56.4511 64.6172 11.25
      vertex 56.1884 63.843 11.25
      vertex 57.1441 64.3302 12
    endloop
  endfacet
  facet normal 0.227442 -0.670292 0.706384
    outer loop
      vertex 64.3302 57.1441 12
      vertex 63.843 56.1884 11.25
      vertex 64.6172 56.4511 11.25
    endloop
  endfacet
  facet normal 0.313083 -0.634824 0.706384
    outer loop
      vertex 65.3504 56.8127 11.25
      vertex 64.3302 57.1441 12
      vertex 64.6172 56.4511 11.25
    endloop
  endfacet
  facet normal -0.466669 0.532198 0.706389
    outer loop
      vertex 58.4206 67.1839 11.25
      vertex 58.3363 66.1145 12
      vertex 58.8772 66.5888 12
    endloop
  endfacet
  facet normal 0.588545 0.393229 0.706389
    outer loop
      vertex 67.1839 66.0302 11.25
      vertex 66.5888 65.5736 12
      vertex 67.6381 65.3504 11.25
    endloop
  endfacet
  facet normal 0.831485 -0.555547 1.6545e-18
    outer loop
      vertex 67.1839 58.4206 11.25
      vertex 67.6381 59.1004 0.75
      vertex 67.6381 59.1004 11.25
    endloop
  endfacet
  facet normal 0.831485 -0.555547 1.6545e-18
    outer loop
      vertex 67.6381 59.1004 0.75
      vertex 67.1839 58.4206 11.25
      vertex 67.1839 58.4206 0.75
    endloop
  endfacet
  facet normal 0.670311 0.227569 0.706326
    outer loop
      vertex 68.2624 63.843 11.25
      vertex 67.3067 64.3302 12
      vertex 67.538 63.6489 12
    endloop
  endfacet
  facet normal 0.659422 0.751773 -0
    outer loop
      vertex 66.6448 66.6448 0.75
      vertex 66.0302 67.1839 11.25
      vertex 66.6448 66.6448 11.25
    endloop
  endfacet
  facet normal 0.659422 0.751773 0
    outer loop
      vertex 66.0302 67.1839 11.25
      vertex 66.6448 66.6448 0.75
      vertex 66.0302 67.1839 0.75
    endloop
  endfacet
  facet normal 0.393229 0.588545 -0.706389
    outer loop
      vertex 65.5736 66.5888 0
      vertex 65.3504 67.6381 0.75
      vertex 66.0302 67.1839 0.75
    endloop
  endfacet
  facet normal 0.694253 0.138106 -0.706356
    outer loop
      vertex 68.4219 63.0412 0.75
      vertex 67.6783 62.9433 0
      vertex 68.2624 63.843 0.75
    endloop
  endfacet
  facet normal -0.0463215 0.706338 -0.706357
    outer loop
      vertex 61.5075 67.6783 0
      vertex 61.4096 68.4219 0.75
      vertex 62.2254 68.4754 0.75
    endloop
  endfacet
  facet normal 0.0654392 0.997857 -0
    outer loop
      vertex 63.0412 68.4219 0.75
      vertex 62.2254 68.4754 11.25
      vertex 63.0412 68.4219 11.25
    endloop
  endfacet
  facet normal 0.0654392 0.997857 0
    outer loop
      vertex 62.2254 68.4754 11.25
      vertex 63.0412 68.4219 0.75
      vertex 62.2254 68.4754 0.75
    endloop
  endfacet
  facet normal 0.227533 0.670305 -0.706342
    outer loop
      vertex 64.3302 67.3067 0
      vertex 63.843 68.2624 0.75
      vertex 64.6172 67.9996 0.75
    endloop
  endfacet
  facet normal -0.313083 0.634824 0.706384
    outer loop
      vertex 60.1206 67.3067 12
      vertex 59.1004 67.6381 11.25
      vertex 59.4754 66.9885 12
    endloop
  endfacet
  facet normal -0.313031 0.634894 0.706344
    outer loop
      vertex 59.8336 67.9996 11.25
      vertex 59.1004 67.6381 11.25
      vertex 60.1206 67.3067 12
    endloop
  endfacet
  facet normal 0.313083 0.634824 0.706384
    outer loop
      vertex 65.3504 67.6381 11.25
      vertex 64.3302 67.3067 12
      vertex 64.9754 66.9885 12
    endloop
  endfacet
  facet normal -0.138115 -0.694299 -0.70631
    outer loop
      vertex 61.4096 56.0289 0.75
      vertex 60.6078 56.1884 0.75
      vertex 61.5075 56.7724 0
    endloop
  endfacet
  facet normal -0.227471 -0.670296 0.706371
    outer loop
      vertex 60.0491 56.9713 11.813
      vertex 60.6078 56.1884 11.25
      vertex 60.1206 57.1441 12
    endloop
  endfacet
  facet normal -0.227495 -0.670303 0.706357
    outer loop
      vertex 60.6078 56.1884 11.25
      vertex 60.0491 56.9713 11.813
      vertex 60.2006 56.3266 11.25
    endloop
  endfacet
  facet normal 0.532166 -0.466793 -0.706331
    outer loop
      vertex 66.6448 57.806 0.75
      vertex 66.1145 58.3363 0
      vertex 67.1839 58.4206 0.75
    endloop
  endfacet
  facet normal 0.555547 -0.831485 0
    outer loop
      vertex 65.3504 56.8127 0.75
      vertex 66.0302 57.2669 11.25
      vertex 65.3504 56.8127 11.25
    endloop
  endfacet
  facet normal 0.555547 -0.831485 0
    outer loop
      vertex 66.0302 57.2669 11.25
      vertex 65.3504 56.8127 0.75
      vertex 66.0302 57.2669 0.75
    endloop
  endfacet
  facet normal -0.634561 -0.313545 -0.706415
    outer loop
      vertex 57.1132 60.0255 0.0699675
      vertex 56.9713 60.0491 0.186959
      vertex 57.1441 60.1206 0
    endloop
  endfacet
  facet normal -0.70635 -0.0462439 0.70635
    outer loop
      vertex 56.7254 62.2254 12
      vertex 55.9754 62.2254 11.25
      vertex 56.7724 61.5075 12
    endloop
  endfacet
  facet normal -0.588545 0.393229 -0.706389
    outer loop
      vertex 57.862 65.5736 0
      vertex 56.8127 65.3504 0.75
      vertex 57.2669 66.0302 0.75
    endloop
  endfacet
  facet normal 0.313083 -0.634824 0.706384
    outer loop
      vertex 64.9754 57.4623 12
      vertex 64.3302 57.1441 12
      vertex 65.3504 56.8127 11.25
    endloop
  endfacet
  facet normal 0.393229 -0.588545 0.706389
    outer loop
      vertex 65.5736 57.862 12
      vertex 65.3504 56.8127 11.25
      vertex 66.0302 57.2669 11.25
    endloop
  endfacet
  facet normal 0.588545 -0.393229 0.706389
    outer loop
      vertex 67.6381 59.1004 11.25
      vertex 66.5888 58.8772 12
      vertex 67.1839 58.4206 11.25
    endloop
  endfacet
  facet normal 0.588543 -0.393248 0.706381
    outer loop
      vertex 66.9885 59.4754 12
      vertex 66.5888 58.8772 12
      vertex 67.6381 59.1004 11.25
    endloop
  endfacet
  facet normal 0.634824 -0.313083 0.706384
    outer loop
      vertex 67.3067 60.1206 12
      vertex 66.9885 59.4754 12
      vertex 67.6381 59.1004 11.25
    endloop
  endfacet
  facet normal 0.980782 0.195105 -7.40475e-19
    outer loop
      vertex 68.4219 63.0412 11.25
      vertex 68.2624 63.843 0.75
      vertex 68.2624 63.843 11.25
    endloop
  endfacet
  facet normal 0.980782 0.195105 -7.40475e-19
    outer loop
      vertex 68.2624 63.843 0.75
      vertex 68.4219 63.0412 11.25
      vertex 68.4219 63.0412 0.75
    endloop
  endfacet
  facet normal 0.634824 0.313083 -0.706384
    outer loop
      vertex 67.3067 64.3302 0
      vertex 66.9885 64.9754 0
      vertex 67.6381 65.3504 0.75
    endloop
  endfacet
  facet normal 0.694296 -0.138052 0.706325
    outer loop
      vertex 67.6783 61.5075 12
      vertex 67.538 60.8019 12
      vertex 68.2624 60.6078 11.25
    endloop
  endfacet
  facet normal 0.694296 0.138052 -0.706325
    outer loop
      vertex 67.6783 62.9433 0
      vertex 67.538 63.6489 0
      vertex 68.2624 63.843 0.75
    endloop
  endfacet
  facet normal 0.706338 -0.0463215 0.706357
    outer loop
      vertex 68.4754 62.2254 11.25
      vertex 67.6783 61.5075 12
      vertex 68.4219 61.4096 11.25
    endloop
  endfacet
  facet normal 0.670311 -0.227569 -0.706326
    outer loop
      vertex 68.2624 60.6078 0.75
      vertex 67.3067 60.1206 0
      vertex 67.538 60.8019 0
    endloop
  endfacet
  facet normal -0.321433 0.946932 0
    outer loop
      vertex 60.6078 68.2624 0.75
      vertex 59.8336 67.9996 11.25
      vertex 60.6078 68.2624 11.25
    endloop
  endfacet
  facet normal -0.321433 0.946932 0
    outer loop
      vertex 59.8336 67.9996 11.25
      vertex 60.6078 68.2624 0.75
      vertex 59.8336 67.9996 0.75
    endloop
  endfacet
  facet normal 0.046342 0.706347 -0.706347
    outer loop
      vertex 62.9433 67.6783 0
      vertex 62.2254 67.7254 0
      vertex 62.2254 68.4754 0.75
    endloop
  endfacet
  facet normal -0.227569 0.670311 -0.706326
    outer loop
      vertex 60.8019 67.538 0
      vertex 60.1206 67.3067 0
      vertex 60.6078 68.2624 0.75
    endloop
  endfacet
  facet normal 0.321433 0.946932 -0
    outer loop
      vertex 64.6172 67.9996 0.75
      vertex 63.843 68.2624 11.25
      vertex 64.6172 67.9996 11.25
    endloop
  endfacet
  facet normal 0.321433 0.946932 0
    outer loop
      vertex 63.843 68.2624 11.25
      vertex 64.6172 67.9996 0.75
      vertex 63.843 68.2624 0.75
    endloop
  endfacet
  facet normal 0.466793 0.532166 0.706331
    outer loop
      vertex 66.6448 66.6448 11.25
      vertex 66.0302 67.1839 11.25
      vertex 66.1145 66.1145 12
    endloop
  endfacet
  facet normal 0.138052 0.694296 0.706325
    outer loop
      vertex 63.843 68.2624 11.25
      vertex 62.9433 67.6783 12
      vertex 63.6489 67.538 12
    endloop
  endfacet
  facet normal -0.227569 0.670311 0.706326
    outer loop
      vertex 60.6078 68.2624 11.25
      vertex 60.1206 67.3067 12
      vertex 60.8019 67.538 12
    endloop
  endfacet
  facet normal -0.046342 0.706347 0.706347
    outer loop
      vertex 62.2254 68.4754 11.25
      vertex 61.5075 67.6783 12
      vertex 62.2254 67.7254 12
    endloop
  endfacet
  facet normal 0.227569 0.670311 0.706326
    outer loop
      vertex 63.843 68.2624 11.25
      vertex 63.6489 67.538 12
      vertex 64.3302 67.3067 12
    endloop
  endfacet
  facet normal 0.555547 0.831485 -0
    outer loop
      vertex 66.0302 67.1839 0.75
      vertex 65.3504 67.6381 11.25
      vertex 66.0302 67.1839 11.25
    endloop
  endfacet
  facet normal 0.555547 0.831485 0
    outer loop
      vertex 65.3504 67.6381 11.25
      vertex 66.0302 67.1839 0.75
      vertex 65.3504 67.6381 0.75
    endloop
  endfacet
  facet normal 0.634894 0.313031 0.706344
    outer loop
      vertex 67.6381 65.3504 11.25
      vertex 67.3067 64.3302 12
      vertex 67.9996 64.6172 11.25
    endloop
  endfacet
  facet normal 0.532166 0.466793 0.706331
    outer loop
      vertex 66.6448 66.6448 11.25
      vertex 66.1145 66.1145 12
      vertex 67.1839 66.0302 11.25
    endloop
  endfacet
  facet normal 0.751773 0.659422 4.67323e-19
    outer loop
      vertex 67.1839 66.0302 11.25
      vertex 66.6448 66.6448 0.75
      vertex 66.6448 66.6448 11.25
    endloop
  endfacet
  facet normal 0.751773 0.659422 4.67323e-19
    outer loop
      vertex 66.6448 66.6448 0.75
      vertex 67.1839 66.0302 11.25
      vertex 67.1839 66.0302 0.75
    endloop
  endfacet
  facet normal 0.532166 0.466793 -0.706331
    outer loop
      vertex 67.1839 66.0302 0.75
      vertex 66.1145 66.1145 0
      vertex 66.6448 66.6448 0.75
    endloop
  endfacet
  facet normal -0.0462439 -0.70635 -0.70635
    outer loop
      vertex 62.2254 55.9754 0.75
      vertex 61.5075 56.7724 0
      vertex 62.2254 56.7254 0
    endloop
  endfacet
  facet normal 0.393248 -0.588543 -0.706381
    outer loop
      vertex 65.3504 56.8127 0.75
      vertex 64.9754 57.4623 0
      vertex 65.5736 57.862 0
    endloop
  endfacet
  facet normal -0.694274 -0.138146 -0.706328
    outer loop
      vertex 56.9128 60.8019 0
      vertex 56.1884 60.6078 0.75
      vertex 56.7724 61.5075 0
    endloop
  endfacet
  facet normal -0.694274 0.138146 0.706328
    outer loop
      vertex 56.9128 63.6489 12
      vertex 56.1884 63.843 11.25
      vertex 56.7724 62.9433 12
    endloop
  endfacet
  facet normal -0.670292 0.227442 -0.706384
    outer loop
      vertex 57.1441 64.3302 0
      vertex 56.1884 63.843 0.75
      vertex 56.4511 64.6172 0.75
    endloop
  endfacet
  facet normal -0.831485 0.555547 1.6545e-18
    outer loop
      vertex 56.8127 65.3504 0.75
      vertex 57.2669 66.0302 11.25
      vertex 57.2669 66.0302 0.75
    endloop
  endfacet
  facet normal -0.831485 0.555547 1.6545e-18
    outer loop
      vertex 57.2669 66.0302 11.25
      vertex 56.8127 65.3504 0.75
      vertex 56.8127 65.3504 11.25
    endloop
  endfacet
  facet normal -0.634824 0.313083 0.706384
    outer loop
      vertex 57.4623 64.9754 12
      vertex 56.8127 65.3504 11.25
      vertex 57.1441 64.3302 12
    endloop
  endfacet
  facet normal 0.466669 -0.532198 0.706389
    outer loop
      vertex 66.1145 58.3363 12
      vertex 65.5736 57.862 12
      vertex 66.0302 57.2669 11.25
    endloop
  endfacet
  facet normal 0.659422 -0.751773 0
    outer loop
      vertex 66.0302 57.2669 0.75
      vertex 66.6448 57.806 11.25
      vertex 66.0302 57.2669 11.25
    endloop
  endfacet
  facet normal 0.659422 -0.751773 0
    outer loop
      vertex 66.6448 57.806 11.25
      vertex 66.0302 57.2669 0.75
      vertex 66.6448 57.806 0.75
    endloop
  endfacet
  facet normal 0.588543 -0.393248 -0.706381
    outer loop
      vertex 67.6381 59.1004 0.75
      vertex 66.5888 58.8772 0
      vertex 66.9885 59.4754 0
    endloop
  endfacet
  facet normal 0.532198 -0.466669 0.706389
    outer loop
      vertex 66.5888 58.8772 12
      vertex 66.1145 58.3363 12
      vertex 67.1839 58.4206 11.25
    endloop
  endfacet
  facet normal 0.946932 -0.321433 -8.20918e-19
    outer loop
      vertex 67.9996 59.8336 11.25
      vertex 68.2624 60.6078 0.75
      vertex 68.2624 60.6078 11.25
    endloop
  endfacet
  facet normal 0.946932 -0.321433 -8.20918e-19
    outer loop
      vertex 68.2624 60.6078 0.75
      vertex 67.9996 59.8336 11.25
      vertex 67.9996 59.8336 0.75
    endloop
  endfacet
  facet normal 0.980782 -0.195105 7.40475e-19
    outer loop
      vertex 68.2624 60.6078 11.25
      vertex 68.4219 61.4096 0.75
      vertex 68.4219 61.4096 11.25
    endloop
  endfacet
  facet normal 0.980782 -0.195105 7.40475e-19
    outer loop
      vertex 68.4219 61.4096 0.75
      vertex 68.2624 60.6078 11.25
      vertex 68.2624 60.6078 0.75
    endloop
  endfacet
  facet normal 0.634894 -0.313031 0.706344
    outer loop
      vertex 67.9996 59.8336 11.25
      vertex 67.3067 60.1206 12
      vertex 67.6381 59.1004 11.25
    endloop
  endfacet
  facet normal 0.670305 -0.227533 0.706342
    outer loop
      vertex 68.2624 60.6078 11.25
      vertex 67.3067 60.1206 12
      vertex 67.9996 59.8336 11.25
    endloop
  endfacet
  facet normal 0.997857 0.0654392 5.64406e-20
    outer loop
      vertex 68.4754 62.2254 11.25
      vertex 68.4219 63.0412 0.75
      vertex 68.4219 63.0412 11.25
    endloop
  endfacet
  facet normal 0.997857 0.0654392 5.64406e-20
    outer loop
      vertex 68.4219 63.0412 0.75
      vertex 68.4754 62.2254 11.25
      vertex 68.4754 62.2254 0.75
    endloop
  endfacet
  facet normal 0.532198 0.466669 -0.706389
    outer loop
      vertex 66.5888 65.5736 0
      vertex 66.1145 66.1145 0
      vertex 67.1839 66.0302 0.75
    endloop
  endfacet
  facet normal 0.706347 -0.046342 -0.706347
    outer loop
      vertex 68.4754 62.2254 0.75
      vertex 67.6783 61.5075 0
      vertex 67.7254 62.2254 0
    endloop
  endfacet
  facet normal 0.694253 -0.138106 -0.706356
    outer loop
      vertex 68.2624 60.6078 0.75
      vertex 67.6783 61.5075 0
      vertex 68.4219 61.4096 0.75
    endloop
  endfacet
  facet normal 0.706347 0.046342 0.706347
    outer loop
      vertex 68.4754 62.2254 11.25
      vertex 67.6783 62.9433 12
      vertex 67.7254 62.2254 12
    endloop
  endfacet
  facet normal 0.706347 -0.046342 0.706347
    outer loop
      vertex 67.7254 62.2254 12
      vertex 67.6783 61.5075 12
      vertex 68.4754 62.2254 11.25
    endloop
  endfacet
  facet normal -0.659422 0.751773 0
    outer loop
      vertex 58.4206 67.1839 0.75
      vertex 57.806 66.6448 11.25
      vertex 58.4206 67.1839 11.25
    endloop
  endfacet
  facet normal -0.659422 0.751773 0
    outer loop
      vertex 57.806 66.6448 11.25
      vertex 58.4206 67.1839 0.75
      vertex 57.806 66.6448 0.75
    endloop
  endfacet
  facet normal -0.393229 0.588545 0.706389
    outer loop
      vertex 59.1004 67.6381 11.25
      vertex 58.4206 67.1839 11.25
      vertex 58.8772 66.5888 12
    endloop
  endfacet
  facet normal -0.393248 0.588543 0.706381
    outer loop
      vertex 59.1004 67.6381 11.25
      vertex 58.8772 66.5888 12
      vertex 59.4754 66.9885 12
    endloop
  endfacet
  facet normal 0.195105 0.980782 -0
    outer loop
      vertex 63.843 68.2624 0.75
      vertex 63.0412 68.4219 11.25
      vertex 63.843 68.2624 11.25
    endloop
  endfacet
  facet normal 0.195105 0.980782 0
    outer loop
      vertex 63.0412 68.4219 11.25
      vertex 63.843 68.2624 0.75
      vertex 63.0412 68.4219 0.75
    endloop
  endfacet
  facet normal 0.0463215 0.706338 -0.706357
    outer loop
      vertex 62.9433 67.6783 0
      vertex 62.2254 68.4754 0.75
      vertex 63.0412 68.4219 0.75
    endloop
  endfacet
  facet normal 0.393248 0.588543 -0.706381
    outer loop
      vertex 65.5736 66.5888 0
      vertex 64.9754 66.9885 0
      vertex 65.3504 67.6381 0.75
    endloop
  endfacet
  facet normal -0.0463215 0.706338 0.706357
    outer loop
      vertex 62.2254 68.4754 11.25
      vertex 61.4096 68.4219 11.25
      vertex 61.5075 67.6783 12
    endloop
  endfacet
  facet normal 0.313031 0.634894 0.706344
    outer loop
      vertex 64.6172 67.9996 11.25
      vertex 64.3302 67.3067 12
      vertex 65.3504 67.6381 11.25
    endloop
  endfacet
  facet normal 0.442216 0.896909 -0
    outer loop
      vertex 65.3504 67.6381 0.75
      vertex 64.6172 67.9996 11.25
      vertex 65.3504 67.6381 11.25
    endloop
  endfacet
  facet normal 0.442216 0.896909 0
    outer loop
      vertex 64.6172 67.9996 11.25
      vertex 65.3504 67.6381 0.75
      vertex 64.6172 67.9996 0.75
    endloop
  endfacet
  facet normal 0.393229 0.588545 0.706389
    outer loop
      vertex 66.0302 67.1839 11.25
      vertex 65.3504 67.6381 11.25
      vertex 65.5736 66.5888 12
    endloop
  endfacet
  facet normal 0.466669 0.532198 0.706389
    outer loop
      vertex 66.0302 67.1839 11.25
      vertex 65.5736 66.5888 12
      vertex 66.1145 66.1145 12
    endloop
  endfacet
  facet normal -0.138146 -0.694274 -0.706328
    outer loop
      vertex 61.5075 56.7724 0
      vertex 60.6078 56.1884 0.75
      vertex 60.8019 56.9128 0
    endloop
  endfacet
  facet normal 0.227569 -0.670311 -0.706326
    outer loop
      vertex 63.843 56.1884 0.75
      vertex 63.6489 56.9128 0
      vertex 64.3302 57.1441 0
    endloop
  endfacet
  facet normal 0.313083 -0.634824 -0.706384
    outer loop
      vertex 64.6172 56.4511 0.75
      vertex 64.3302 57.1441 0
      vertex 65.3504 56.8127 0.75
    endloop
  endfacet
  facet normal 0.393229 -0.588545 -0.706389
    outer loop
      vertex 66.0302 57.2669 0.75
      vertex 65.3504 56.8127 0.75
      vertex 65.5736 57.862 0
    endloop
  endfacet
  facet normal -0.227569 -0.670311 -0.706326
    outer loop
      vertex 60.6078 56.1884 0.75
      vertex 60.1206 57.1441 0
      vertex 60.8019 56.9128 0
    endloop
  endfacet
  facet normal -0.2275 -0.670319 -0.70634
    outer loop
      vertex 60.0491 56.9713 0.186973
      vertex 60.6078 56.1884 0.75
      vertex 60.2006 56.3266 0.75
    endloop
  endfacet
  facet normal -0.227367 -0.670281 -0.706419
    outer loop
      vertex 60.6078 56.1884 0.75
      vertex 60.0491 56.9713 0.186973
      vertex 60.1206 57.1441 0
    endloop
  endfacet
  facet normal -0.635208 -0.313246 0.705966
    outer loop
      vertex 57.1441 60.1206 12
      vertex 57.1132 60.0255 11.93
      vertex 57.198 60.0113 12
    endloop
  endfacet
  facet normal -0.706385 -0.0463246 0.70631
    outer loop
      vertex 56.7724 61.5075 12
      vertex 55.9754 62.2254 11.25
      vertex 56.0289 61.4096 11.25
    endloop
  endfacet
  facet normal -0.694299 -0.138115 0.70631
    outer loop
      vertex 56.7724 61.5075 12
      vertex 56.0289 61.4096 11.25
      vertex 56.1884 60.6078 11.25
    endloop
  endfacet
  facet normal -0.670327 -0.227503 -0.706331
    outer loop
      vertex 56.1884 60.6078 0.75
      vertex 56.9713 60.0491 0.186959
      vertex 56.3266 60.2006 0.75
    endloop
  endfacet
  facet normal -0.670273 -0.227313 -0.706444
    outer loop
      vertex 56.9713 60.0491 0.186959
      vertex 56.1884 60.6078 0.75
      vertex 57.1441 60.1206 0
    endloop
  endfacet
  facet normal -0.997857 -0.0654392 5.64406e-20
    outer loop
      vertex 56.0289 61.4096 0.75
      vertex 55.9754 62.2254 11.25
      vertex 55.9754 62.2254 0.75
    endloop
  endfacet
  facet normal -0.997857 -0.0654392 5.64406e-20
    outer loop
      vertex 55.9754 62.2254 11.25
      vertex 56.0289 61.4096 0.75
      vertex 56.0289 61.4096 11.25
    endloop
  endfacet
  facet normal -0.706385 0.0463246 0.70631
    outer loop
      vertex 56.0289 63.0412 11.25
      vertex 55.9754 62.2254 11.25
      vertex 56.7724 62.9433 12
    endloop
  endfacet
  facet normal -0.694299 0.138115 0.70631
    outer loop
      vertex 56.1884 63.843 11.25
      vertex 56.0289 63.0412 11.25
      vertex 56.7724 62.9433 12
    endloop
  endfacet
  facet normal -0.980782 0.195105 -1.04203e-19
    outer loop
      vertex 56.0289 63.0412 0.75
      vertex 56.1884 63.843 11.25
      vertex 56.1884 63.843 0.75
    endloop
  endfacet
  facet normal -0.980782 0.195105 -1.04203e-19
    outer loop
      vertex 56.1884 63.843 11.25
      vertex 56.0289 63.0412 0.75
      vertex 56.0289 63.0412 11.25
    endloop
  endfacet
  facet normal -0.670311 0.227569 -0.706326
    outer loop
      vertex 56.9128 63.6489 0
      vertex 56.1884 63.843 0.75
      vertex 57.1441 64.3302 0
    endloop
  endfacet
  facet normal -0.634824 0.313083 -0.706384
    outer loop
      vertex 57.1441 64.3302 0
      vertex 56.4511 64.6172 0.75
      vertex 56.8127 65.3504 0.75
    endloop
  endfacet
  facet normal -0.89686 0.442314 2.75347e-18
    outer loop
      vertex 56.4511 64.6172 0.75
      vertex 56.8127 65.3504 11.25
      vertex 56.8127 65.3504 0.75
    endloop
  endfacet
  facet normal -0.89686 0.442314 2.75347e-18
    outer loop
      vertex 56.8127 65.3504 11.25
      vertex 56.4511 64.6172 0.75
      vertex 56.4511 64.6172 11.25
    endloop
  endfacet
  facet normal -0.670311 0.227569 0.706326
    outer loop
      vertex 57.1441 64.3302 12
      vertex 56.1884 63.843 11.25
      vertex 56.9128 63.6489 12
    endloop
  endfacet
  facet normal -0.532198 0.466669 0.706389
    outer loop
      vertex 58.3363 66.1145 12
      vertex 57.2669 66.0302 11.25
      vertex 57.862 65.5736 12
    endloop
  endfacet
  facet normal -0.588545 0.393229 0.706389
    outer loop
      vertex 57.2669 66.0302 11.25
      vertex 56.8127 65.3504 11.25
      vertex 57.862 65.5736 12
    endloop
  endfacet
  facet normal 0.0462439 -0.70635 0.70635
    outer loop
      vertex 62.2254 56.7254 12
      vertex 62.2254 55.9754 11.25
      vertex 62.9433 56.7724 12
    endloop
  endfacet
  facet normal 0.0654392 -0.997857 0
    outer loop
      vertex 62.2254 55.9754 0.75
      vertex 63.0412 56.0289 11.25
      vertex 62.2254 55.9754 11.25
    endloop
  endfacet
  facet normal 0.0654392 -0.997857 0
    outer loop
      vertex 63.0412 56.0289 11.25
      vertex 62.2254 55.9754 0.75
      vertex 63.0412 56.0289 0.75
    endloop
  endfacet
  facet normal -0.0462439 -0.70635 0.70635
    outer loop
      vertex 62.2254 56.7254 12
      vertex 61.5075 56.7724 12
      vertex 62.2254 55.9754 11.25
    endloop
  endfacet
  facet normal -0.0463246 -0.706385 0.70631
    outer loop
      vertex 61.5075 56.7724 12
      vertex 61.4096 56.0289 11.25
      vertex 62.2254 55.9754 11.25
    endloop
  endfacet
  facet normal 0.138115 -0.694299 -0.70631
    outer loop
      vertex 63.0412 56.0289 0.75
      vertex 62.9433 56.7724 0
      vertex 63.843 56.1884 0.75
    endloop
  endfacet
  facet normal 0.195105 -0.980782 0
    outer loop
      vertex 63.0412 56.0289 0.75
      vertex 63.843 56.1884 11.25
      vertex 63.0412 56.0289 11.25
    endloop
  endfacet
  facet normal 0.195105 -0.980782 0
    outer loop
      vertex 63.843 56.1884 11.25
      vertex 63.0412 56.0289 0.75
      vertex 63.843 56.1884 0.75
    endloop
  endfacet
  facet normal -0.227569 -0.670311 0.706326
    outer loop
      vertex 60.8019 56.9128 12
      vertex 60.1206 57.1441 12
      vertex 60.6078 56.1884 11.25
    endloop
  endfacet
  facet normal 0.393248 -0.588543 0.706381
    outer loop
      vertex 65.5736 57.862 12
      vertex 64.9754 57.4623 12
      vertex 65.3504 56.8127 11.25
    endloop
  endfacet
  facet normal 0.831485 0.555547 -1.6545e-18
    outer loop
      vertex 67.6381 65.3504 11.25
      vertex 67.1839 66.0302 0.75
      vertex 67.1839 66.0302 11.25
    endloop
  endfacet
  facet normal 0.831485 0.555547 -1.6545e-18
    outer loop
      vertex 67.1839 66.0302 0.75
      vertex 67.6381 65.3504 11.25
      vertex 67.6381 65.3504 0.75
    endloop
  endfacet
  facet normal 0.694296 0.138052 0.706325
    outer loop
      vertex 68.2624 63.843 11.25
      vertex 67.538 63.6489 12
      vertex 67.6783 62.9433 12
    endloop
  endfacet
  facet normal 0.670311 -0.227569 0.706326
    outer loop
      vertex 67.538 60.8019 12
      vertex 67.3067 60.1206 12
      vertex 68.2624 60.6078 11.25
    endloop
  endfacet
  facet normal 0.466669 0.532198 -0.706389
    outer loop
      vertex 66.1145 66.1145 0
      vertex 65.5736 66.5888 0
      vertex 66.0302 67.1839 0.75
    endloop
  endfacet
  facet normal 0.466793 0.532166 -0.706331
    outer loop
      vertex 66.1145 66.1145 0
      vertex 66.0302 67.1839 0.75
      vertex 66.6448 66.6448 0.75
    endloop
  endfacet
  facet normal 0.588543 0.393248 -0.706381
    outer loop
      vertex 66.9885 64.9754 0
      vertex 66.5888 65.5736 0
      vertex 67.6381 65.3504 0.75
    endloop
  endfacet
  facet normal 0.588545 0.393229 -0.706389
    outer loop
      vertex 67.6381 65.3504 0.75
      vertex 66.5888 65.5736 0
      vertex 67.1839 66.0302 0.75
    endloop
  endfacet
  facet normal 0.896909 -0.442216 -2.35573e-18
    outer loop
      vertex 67.6381 59.1004 11.25
      vertex 67.9996 59.8336 0.75
      vertex 67.9996 59.8336 11.25
    endloop
  endfacet
  facet normal 0.896909 -0.442216 -2.35573e-18
    outer loop
      vertex 67.9996 59.8336 0.75
      vertex 67.6381 59.1004 11.25
      vertex 67.6381 59.1004 0.75
    endloop
  endfacet
  facet normal 0.670305 -0.227533 -0.706342
    outer loop
      vertex 67.9996 59.8336 0.75
      vertex 67.3067 60.1206 0
      vertex 68.2624 60.6078 0.75
    endloop
  endfacet
  facet normal 0.706338 -0.0463215 -0.706357
    outer loop
      vertex 68.4219 61.4096 0.75
      vertex 67.6783 61.5075 0
      vertex 68.4754 62.2254 0.75
    endloop
  endfacet
  facet normal 0.997857 -0.0654392 -5.64406e-20
    outer loop
      vertex 68.4219 61.4096 11.25
      vertex 68.4754 62.2254 0.75
      vertex 68.4754 62.2254 11.25
    endloop
  endfacet
  facet normal 0.997857 -0.0654392 -5.64406e-20
    outer loop
      vertex 68.4754 62.2254 0.75
      vertex 68.4219 61.4096 11.25
      vertex 68.4219 61.4096 0.75
    endloop
  endfacet
  facet normal 0.670311 0.227569 -0.706326
    outer loop
      vertex 67.538 63.6489 0
      vertex 67.3067 64.3302 0
      vertex 68.2624 63.843 0.75
    endloop
  endfacet
  facet normal 0.670305 0.227533 -0.706342
    outer loop
      vertex 68.2624 63.843 0.75
      vertex 67.3067 64.3302 0
      vertex 67.9996 64.6172 0.75
    endloop
  endfacet
  facet normal 0.946932 0.321433 -7.41984e-20
    outer loop
      vertex 68.2624 63.843 11.25
      vertex 67.9996 64.6172 0.75
      vertex 67.9996 64.6172 11.25
    endloop
  endfacet
  facet normal 0.946932 0.321433 -7.41984e-20
    outer loop
      vertex 67.9996 64.6172 0.75
      vertex 68.2624 63.843 11.25
      vertex 68.2624 63.843 0.75
    endloop
  endfacet
  facet normal -0.466669 0.532198 -0.706389
    outer loop
      vertex 58.8772 66.5888 0
      vertex 58.3363 66.1145 0
      vertex 58.4206 67.1839 0.75
    endloop
  endfacet
  facet normal -0.313031 0.634894 -0.706344
    outer loop
      vertex 60.1206 67.3067 0
      vertex 59.1004 67.6381 0.75
      vertex 59.8336 67.9996 0.75
    endloop
  endfacet
  facet normal -0.227533 0.670305 0.706342
    outer loop
      vertex 60.6078 68.2624 11.25
      vertex 59.8336 67.9996 11.25
      vertex 60.1206 67.3067 12
    endloop
  endfacet
  facet normal -0.138106 0.694253 -0.706356
    outer loop
      vertex 61.5075 67.6783 0
      vertex 60.6078 68.2624 0.75
      vertex 61.4096 68.4219 0.75
    endloop
  endfacet
  facet normal -0.046342 0.706347 -0.706347
    outer loop
      vertex 62.2254 67.7254 0
      vertex 61.5075 67.6783 0
      vertex 62.2254 68.4754 0.75
    endloop
  endfacet
  facet normal 0.227569 0.670311 -0.706326
    outer loop
      vertex 64.3302 67.3067 0
      vertex 63.6489 67.538 0
      vertex 63.843 68.2624 0.75
    endloop
  endfacet
  facet normal 0.313083 0.634824 -0.706384
    outer loop
      vertex 64.9754 66.9885 0
      vertex 64.3302 67.3067 0
      vertex 65.3504 67.6381 0.75
    endloop
  endfacet
  facet normal -0.138106 0.694253 0.706356
    outer loop
      vertex 61.4096 68.4219 11.25
      vertex 60.6078 68.2624 11.25
      vertex 61.5075 67.6783 12
    endloop
  endfacet
  facet normal -0.138052 0.694296 0.706325
    outer loop
      vertex 61.5075 67.6783 12
      vertex 60.6078 68.2624 11.25
      vertex 60.8019 67.538 12
    endloop
  endfacet
  facet normal -0.195105 0.980782 0
    outer loop
      vertex 61.4096 68.4219 0.75
      vertex 60.6078 68.2624 11.25
      vertex 61.4096 68.4219 11.25
    endloop
  endfacet
  facet normal -0.195105 0.980782 0
    outer loop
      vertex 60.6078 68.2624 11.25
      vertex 61.4096 68.4219 0.75
      vertex 60.6078 68.2624 0.75
    endloop
  endfacet
  facet normal -0.0654392 0.997857 0
    outer loop
      vertex 62.2254 68.4754 0.75
      vertex 61.4096 68.4219 11.25
      vertex 62.2254 68.4754 11.25
    endloop
  endfacet
  facet normal -0.0654392 0.997857 0
    outer loop
      vertex 61.4096 68.4219 11.25
      vertex 62.2254 68.4754 0.75
      vertex 61.4096 68.4219 0.75
    endloop
  endfacet
  facet normal 0.138106 0.694253 0.706356
    outer loop
      vertex 63.0412 68.4219 11.25
      vertex 62.9433 67.6783 12
      vertex 63.843 68.2624 11.25
    endloop
  endfacet
  facet normal 0.0463215 0.706338 0.706357
    outer loop
      vertex 63.0412 68.4219 11.25
      vertex 62.2254 68.4754 11.25
      vertex 62.9433 67.6783 12
    endloop
  endfacet
  facet normal 0.393248 0.588543 0.706381
    outer loop
      vertex 65.3504 67.6381 11.25
      vertex 64.9754 66.9885 12
      vertex 65.5736 66.5888 12
    endloop
  endfacet
  facet normal 0.313083 -0.634824 -0.706384
    outer loop
      vertex 65.3504 56.8127 0.75
      vertex 64.3302 57.1441 0
      vertex 64.9754 57.4623 0
    endloop
  endfacet
  facet normal 0.227442 -0.670292 -0.706384
    outer loop
      vertex 64.6172 56.4511 0.75
      vertex 63.843 56.1884 0.75
      vertex 64.3302 57.1441 0
    endloop
  endfacet
  facet normal 0.588545 -0.393229 -0.706389
    outer loop
      vertex 67.1839 58.4206 0.75
      vertex 66.5888 58.8772 0
      vertex 67.6381 59.1004 0.75
    endloop
  endfacet
  facet normal 0.466669 -0.532198 -0.706389
    outer loop
      vertex 66.0302 57.2669 0.75
      vertex 65.5736 57.862 0
      vertex 66.1145 58.3363 0
    endloop
  endfacet
  facet normal -0.634565 -0.313724 0.706332
    outer loop
      vertex 57.1441 60.1206 12
      vertex 56.9713 60.0491 11.813
      vertex 57.1132 60.0255 11.93
    endloop
  endfacet
  facet normal -0.670296 -0.227471 0.706371
    outer loop
      vertex 56.1884 60.6078 11.25
      vertex 56.9713 60.0491 11.813
      vertex 57.1441 60.1206 12
    endloop
  endfacet
  facet normal -0.670303 -0.227495 0.706357
    outer loop
      vertex 56.9713 60.0491 11.813
      vertex 56.1884 60.6078 11.25
      vertex 56.3266 60.2006 11.25
    endloop
  endfacet
  facet normal -0.694274 -0.138146 0.706328
    outer loop
      vertex 56.7724 61.5075 12
      vertex 56.1884 60.6078 11.25
      vertex 56.9128 60.8019 12
    endloop
  endfacet
  facet normal -0.635061 -0.313173 -0.70613
    outer loop
      vertex 57.198 60.0113 0
      vertex 57.1132 60.0255 0.0699675
      vertex 57.1441 60.1206 0
    endloop
  endfacet
  facet normal -0.997857 0.0654392 -5.64406e-20
    outer loop
      vertex 55.9754 62.2254 0.75
      vertex 56.0289 63.0412 11.25
      vertex 56.0289 63.0412 0.75
    endloop
  endfacet
  facet normal -0.997857 0.0654392 -5.64406e-20
    outer loop
      vertex 56.0289 63.0412 11.25
      vertex 55.9754 62.2254 0.75
      vertex 55.9754 62.2254 11.25
    endloop
  endfacet
  facet normal -0.694299 -0.138115 -0.70631
    outer loop
      vertex 56.1884 60.6078 0.75
      vertex 56.0289 61.4096 0.75
      vertex 56.7724 61.5075 0
    endloop
  endfacet
  facet normal -0.980782 -0.195105 1.04203e-19
    outer loop
      vertex 56.1884 60.6078 0.75
      vertex 56.0289 61.4096 11.25
      vertex 56.0289 61.4096 0.75
    endloop
  endfacet
  facet normal -0.980782 -0.195105 1.04203e-19
    outer loop
      vertex 56.0289 61.4096 11.25
      vertex 56.1884 60.6078 0.75
      vertex 56.1884 60.6078 11.25
    endloop
  endfacet
  facet normal -0.706385 0.0463246 -0.70631
    outer loop
      vertex 56.7724 62.9433 0
      vertex 55.9754 62.2254 0.75
      vertex 56.0289 63.0412 0.75
    endloop
  endfacet
  facet normal -0.694299 0.138115 -0.70631
    outer loop
      vertex 56.7724 62.9433 0
      vertex 56.0289 63.0412 0.75
      vertex 56.1884 63.843 0.75
    endloop
  endfacet
  facet normal -0.532166 0.466793 -0.706331
    outer loop
      vertex 58.3363 66.1145 0
      vertex 57.2669 66.0302 0.75
      vertex 57.806 66.6448 0.75
    endloop
  endfacet
  facet normal -0.532198 0.466669 -0.706389
    outer loop
      vertex 57.862 65.5736 0
      vertex 57.2669 66.0302 0.75
      vertex 58.3363 66.1145 0
    endloop
  endfacet
  facet normal -0.634824 0.313083 -0.706384
    outer loop
      vertex 57.1441 64.3302 0
      vertex 56.8127 65.3504 0.75
      vertex 57.4623 64.9754 0
    endloop
  endfacet
  facet normal -0.588543 0.393248 -0.706381
    outer loop
      vertex 57.4623 64.9754 0
      vertex 56.8127 65.3504 0.75
      vertex 57.862 65.5736 0
    endloop
  endfacet
  facet normal -0.588543 0.393248 0.706381
    outer loop
      vertex 57.862 65.5736 12
      vertex 56.8127 65.3504 11.25
      vertex 57.4623 64.9754 12
    endloop
  endfacet
  facet normal 0.0463246 -0.706385 -0.70631
    outer loop
      vertex 63.0412 56.0289 0.75
      vertex 62.2254 55.9754 0.75
      vertex 62.9433 56.7724 0
    endloop
  endfacet
  facet normal 0.0462439 -0.70635 -0.70635
    outer loop
      vertex 62.9433 56.7724 0
      vertex 62.2254 55.9754 0.75
      vertex 62.2254 56.7254 0
    endloop
  endfacet
  facet normal -0.0654392 -0.997857 0
    outer loop
      vertex 61.4096 56.0289 0.75
      vertex 62.2254 55.9754 11.25
      vertex 61.4096 56.0289 11.25
    endloop
  endfacet
  facet normal -0.0654392 -0.997857 -0
    outer loop
      vertex 62.2254 55.9754 11.25
      vertex 61.4096 56.0289 0.75
      vertex 62.2254 55.9754 0.75
    endloop
  endfacet
  facet normal -0.195105 -0.980782 0
    outer loop
      vertex 60.6078 56.1884 0.75
      vertex 61.4096 56.0289 11.25
      vertex 60.6078 56.1884 11.25
    endloop
  endfacet
  facet normal -0.195105 -0.980782 -0
    outer loop
      vertex 61.4096 56.0289 11.25
      vertex 60.6078 56.1884 0.75
      vertex 61.4096 56.0289 0.75
    endloop
  endfacet
  facet normal -0.138146 -0.694274 0.706328
    outer loop
      vertex 60.8019 56.9128 12
      vertex 60.6078 56.1884 11.25
      vertex 61.5075 56.7724 12
    endloop
  endfacet
  facet normal -0.312965 -0.634909 0.70636
    outer loop
      vertex 60.1206 57.1441 12
      vertex 60.0255 57.1131 11.93
      vertex 60.0491 56.9713 11.813
    endloop
  endfacet
  facet normal -0.313045 -0.634802 0.70642
    outer loop
      vertex 60.1206 57.1441 12
      vertex 60.0113 57.198 12
      vertex 60.0255 57.1131 11.93
    endloop
  endfacet
  facet normal -0.312984 -0.634678 -0.706558
    outer loop
      vertex 60.0255 57.1131 0.0699727
      vertex 60.0113 57.198 0
      vertex 60.1206 57.1441 0
    endloop
  endfacet
  facet normal -0.312797 -0.634929 -0.706416
    outer loop
      vertex 60.0491 56.9713 0.186973
      vertex 60.0255 57.1131 0.0699727
      vertex 60.1206 57.1441 0
    endloop
  endfacet
  facet normal 0.588543 0.393248 0.706381
    outer loop
      vertex 67.6381 65.3504 11.25
      vertex 66.5888 65.5736 12
      vertex 66.9885 64.9754 12
    endloop
  endfacet
  facet normal 0.706338 0.0463215 0.706357
    outer loop
      vertex 68.4219 63.0412 11.25
      vertex 67.6783 62.9433 12
      vertex 68.4754 62.2254 11.25
    endloop
  endfacet
  facet normal 0.694253 0.138106 0.706356
    outer loop
      vertex 68.2624 63.843 11.25
      vertex 67.6783 62.9433 12
      vertex 68.4219 63.0412 11.25
    endloop
  endfacet
  facet normal 0.896909 0.442216 2.35573e-18
    outer loop
      vertex 67.9996 64.6172 11.25
      vertex 67.6381 65.3504 0.75
      vertex 67.6381 65.3504 11.25
    endloop
  endfacet
  facet normal 0.896909 0.442216 2.35573e-18
    outer loop
      vertex 67.6381 65.3504 0.75
      vertex 67.9996 64.6172 11.25
      vertex 67.9996 64.6172 0.75
    endloop
  endfacet
  facet normal 0.634894 0.313031 -0.706344
    outer loop
      vertex 67.9996 64.6172 0.75
      vertex 67.3067 64.3302 0
      vertex 67.6381 65.3504 0.75
    endloop
  endfacet
  facet normal 0.634894 -0.313031 -0.706344
    outer loop
      vertex 67.6381 59.1004 0.75
      vertex 67.3067 60.1206 0
      vertex 67.9996 59.8336 0.75
    endloop
  endfacet
  facet normal 0.634824 -0.313083 -0.706384
    outer loop
      vertex 67.6381 59.1004 0.75
      vertex 66.9885 59.4754 0
      vertex 67.3067 60.1206 0
    endloop
  endfacet
  facet normal 0.706347 0.046342 -0.706347
    outer loop
      vertex 67.7254 62.2254 0
      vertex 67.6783 62.9433 0
      vertex 68.4754 62.2254 0.75
    endloop
  endfacet
  facet normal 0.706338 0.0463215 -0.706357
    outer loop
      vertex 68.4754 62.2254 0.75
      vertex 67.6783 62.9433 0
      vertex 68.4219 63.0412 0.75
    endloop
  endfacet
  facet normal 0.694296 -0.138052 -0.706325
    outer loop
      vertex 68.2624 60.6078 0.75
      vertex 67.538 60.8019 0
      vertex 67.6783 61.5075 0
    endloop
  endfacet
  facet normal -0.313083 0.634824 -0.706384
    outer loop
      vertex 59.4754 66.9885 0
      vertex 59.1004 67.6381 0.75
      vertex 60.1206 67.3067 0
    endloop
  endfacet
  facet normal -0.393248 0.588543 -0.706381
    outer loop
      vertex 59.4754 66.9885 0
      vertex 58.8772 66.5888 0
      vertex 59.1004 67.6381 0.75
    endloop
  endfacet
  facet normal -0.555547 0.831485 0
    outer loop
      vertex 59.1004 67.6381 0.75
      vertex 58.4206 67.1839 11.25
      vertex 59.1004 67.6381 11.25
    endloop
  endfacet
  facet normal -0.555547 0.831485 0
    outer loop
      vertex 58.4206 67.1839 11.25
      vertex 59.1004 67.6381 0.75
      vertex 58.4206 67.1839 0.75
    endloop
  endfacet
  facet normal -0.442216 0.896909 0
    outer loop
      vertex 59.8336 67.9996 0.75
      vertex 59.1004 67.6381 11.25
      vertex 59.8336 67.9996 11.25
    endloop
  endfacet
  facet normal -0.442216 0.896909 0
    outer loop
      vertex 59.1004 67.6381 11.25
      vertex 59.8336 67.9996 0.75
      vertex 59.1004 67.6381 0.75
    endloop
  endfacet
  facet normal 0.138052 0.694296 -0.706325
    outer loop
      vertex 63.6489 67.538 0
      vertex 62.9433 67.6783 0
      vertex 63.843 68.2624 0.75
    endloop
  endfacet
  facet normal 0.442314 -0.89686 0
    outer loop
      vertex 64.6172 56.4511 0.75
      vertex 65.3504 56.8127 11.25
      vertex 64.6172 56.4511 11.25
    endloop
  endfacet
  facet normal 0.442314 -0.89686 0
    outer loop
      vertex 65.3504 56.8127 11.25
      vertex 64.6172 56.4511 0.75
      vertex 65.3504 56.8127 0.75
    endloop
  endfacet
  facet normal 0.751773 -0.659422 -4.35747e-19
    outer loop
      vertex 66.6448 57.806 11.25
      vertex 67.1839 58.4206 0.75
      vertex 67.1839 58.4206 11.25
    endloop
  endfacet
  facet normal 0.751773 -0.659422 -4.35747e-19
    outer loop
      vertex 67.1839 58.4206 0.75
      vertex 66.6448 57.806 11.25
      vertex 66.6448 57.806 0.75
    endloop
  endfacet
  facet normal 0.532198 -0.466669 -0.706389
    outer loop
      vertex 67.1839 58.4206 0.75
      vertex 66.1145 58.3363 0
      vertex 66.5888 58.8772 0
    endloop
  endfacet
  facet normal -0.706385 -0.0463246 -0.70631
    outer loop
      vertex 56.0289 61.4096 0.75
      vertex 55.9754 62.2254 0.75
      vertex 56.7724 61.5075 0
    endloop
  endfacet
  facet normal -0.70635 -0.0462439 -0.70635
    outer loop
      vertex 56.7724 61.5075 0
      vertex 55.9754 62.2254 0.75
      vertex 56.7254 62.2254 0
    endloop
  endfacet
  facet normal -0.694274 0.138146 -0.706328
    outer loop
      vertex 56.7724 62.9433 0
      vertex 56.1884 63.843 0.75
      vertex 56.9128 63.6489 0
    endloop
  endfacet
  facet normal 0.138115 -0.694299 0.70631
    outer loop
      vertex 63.843 56.1884 11.25
      vertex 62.9433 56.7724 12
      vertex 63.0412 56.0289 11.25
    endloop
  endfacet
  facet normal 0.0463246 -0.706385 0.70631
    outer loop
      vertex 62.9433 56.7724 12
      vertex 62.2254 55.9754 11.25
      vertex 63.0412 56.0289 11.25
    endloop
  endfacet
  facet normal 0.138146 -0.694274 0.706328
    outer loop
      vertex 63.6489 56.9128 12
      vertex 62.9433 56.7724 12
      vertex 63.843 56.1884 11.25
    endloop
  endfacet
  facet normal 0.227569 -0.670311 0.706326
    outer loop
      vertex 64.3302 57.1441 12
      vertex 63.6489 56.9128 12
      vertex 63.843 56.1884 11.25
    endloop
  endfacet
  facet normal 0.138146 -0.694274 -0.706328
    outer loop
      vertex 63.843 56.1884 0.75
      vertex 62.9433 56.7724 0
      vertex 63.6489 56.9128 0
    endloop
  endfacet
  facet normal -0.138052 0.694296 -0.706325
    outer loop
      vertex 60.8019 67.538 0
      vertex 60.6078 68.2624 0.75
      vertex 61.5075 67.6783 0
    endloop
  endfacet
  facet normal -0.707107 0.707107 8.80942e-18
    outer loop
      vertex -50.7557 -55.2104 1.06065
      vertex -46.9641 -51.4188 10.9393
      vertex -46.9641 -51.4188 1.06065
    endloop
  endfacet
  facet normal -0.707107 0.707107 8.80942e-18
    outer loop
      vertex -46.9641 -51.4188 10.9393
      vertex -50.7557 -55.2104 1.06065
      vertex -50.7557 -55.2104 10.9393
    endloop
  endfacet
  facet normal -0.502406 0.502294 0.703767
    outer loop
      vertex -46.9113 -51.4368 10.9898
      vertex -46.5045 -51.8291 11.5602
      vertex -46.6072 -51.4972 11.25
    endloop
  endfacet
  facet normal -0.501575 0.50314 0.703756
    outer loop
      vertex -46.9641 -51.4188 10.9393
      vertex -46.5045 -51.8291 11.5602
      vertex -46.9113 -51.4368 10.9898
    endloop
  endfacet
  facet normal -0.502236 0.502441 0.703784
    outer loop
      vertex -46.5045 -51.8291 11.5602
      vertex -46.9641 -51.4188 10.9393
      vertex -46.3589 -52.2996 12
    endloop
  endfacet
  facet normal -0.502348 0.502348 0.70377
    outer loop
      vertex -50.7557 -55.2104 10.9393
      vertex -46.3589 -52.2996 12
      vertex -46.9641 -51.4188 10.9393
    endloop
  endfacet
  facet normal -0.502338 0.502325 0.703794
    outer loop
      vertex -46.3589 -52.2996 12
      vertex -50.7557 -55.2104 10.9393
      vertex -50.0268 -55.9676 12
    endloop
  endfacet
  facet normal -0.502309 0.502354 0.703795
    outer loop
      vertex -50.0268 -55.9676 12
      vertex -50.7557 -55.2104 10.9393
      vertex -50.7557 -55.971 11.4822
    endloop
  endfacet
  facet normal 0.502299 -0.502404 0.703766
    outer loop
      vertex -52.0215 -46.445 11.74
      vertex -51.4368 -46.9113 10.9898
      vertex -51.4972 -46.6072 11.25
    endloop
  endfacet
  facet normal 0.50292 -0.501709 0.703818
    outer loop
      vertex -52.0215 -46.445 11.74
      vertex -51.4188 -46.9641 10.9393
      vertex -51.4368 -46.9113 10.9898
    endloop
  endfacet
  facet normal 0.502531 -0.502128 0.703797
    outer loop
      vertex -52.2996 -46.3589 12
      vertex -51.4188 -46.9641 10.9393
      vertex -52.0215 -46.445 11.74
    endloop
  endfacet
  facet normal 0.502348 -0.502348 0.70377
    outer loop
      vertex -55.2104 -50.7557 10.9393
      vertex -51.4188 -46.9641 10.9393
      vertex -52.2996 -46.3589 12
    endloop
  endfacet
  facet normal 0.502325 -0.502338 0.703794
    outer loop
      vertex -55.9676 -50.0268 12
      vertex -55.2104 -50.7557 10.9393
      vertex -52.2996 -46.3589 12
    endloop
  endfacet
  facet normal 0.502354 -0.502309 0.703795
    outer loop
      vertex -55.2104 -50.7557 10.9393
      vertex -55.9676 -50.0268 12
      vertex -55.971 -50.7557 11.4822
    endloop
  endfacet
  facet normal 0.707107 -0.707107 0
    outer loop
      vertex -55.2104 -50.7557 1.06065
      vertex -51.4188 -46.9641 10.9393
      vertex -55.2104 -50.7557 10.9393
    endloop
  endfacet
  facet normal 0.707107 -0.707107 0
    outer loop
      vertex -51.4188 -46.9641 10.9393
      vertex -55.2104 -50.7557 1.06065
      vertex -51.4188 -46.9641 1.06065
    endloop
  endfacet
  facet normal 0.502277 -0.502386 -0.703794
    outer loop
      vertex -51.4368 -46.9113 1.01018
      vertex -51.8291 -46.5045 0.439823
      vertex -51.4972 -46.6072 0.75
    endloop
  endfacet
  facet normal 0.503675 -0.501011 -0.703775
    outer loop
      vertex -51.4188 -46.9641 1.06065
      vertex -51.8291 -46.5045 0.439823
      vertex -51.4368 -46.9113 1.01018
    endloop
  endfacet
  facet normal 0.502562 -0.502065 -0.70382
    outer loop
      vertex -51.4188 -46.9641 1.06065
      vertex -52.2996 -46.3589 0
      vertex -51.8291 -46.5045 0.439823
    endloop
  endfacet
  facet normal 0.502336 -0.502336 -0.703787
    outer loop
      vertex -51.4188 -46.9641 1.06065
      vertex -55.2104 -50.7557 1.06065
      vertex -52.2996 -46.3589 0
    endloop
  endfacet
  facet normal 0.502313 -0.502327 -0.703811
    outer loop
      vertex -55.2104 -50.7557 1.06065
      vertex -55.9676 -50.0268 0
      vertex -52.2996 -46.3589 0
    endloop
  endfacet
  facet normal 0.502329 -0.50231 -0.703811
    outer loop
      vertex -55.9676 -50.0268 0
      vertex -55.2104 -50.7557 1.06065
      vertex -55.971 -50.7557 0.517789
    endloop
  endfacet
  facet normal -0.502342 0.502365 -0.703763
    outer loop
      vertex -46.445 -52.0215 0.259963
      vertex -46.9113 -51.4368 1.01018
      vertex -46.6072 -51.4972 0.75
    endloop
  endfacet
  facet normal -0.502269 0.502393 -0.703795
    outer loop
      vertex -46.9641 -51.4188 1.06065
      vertex -46.445 -52.0215 0.259963
      vertex -46.3589 -52.2996 0
    endloop
  endfacet
  facet normal -0.501173 0.503409 -0.70385
    outer loop
      vertex -46.445 -52.0215 0.259963
      vertex -46.9641 -51.4188 1.06065
      vertex -46.9113 -51.4368 1.01018
    endloop
  endfacet
  facet normal -0.502327 0.502313 -0.703811
    outer loop
      vertex -50.7557 -55.2104 1.06065
      vertex -46.3589 -52.2996 0
      vertex -50.0268 -55.9676 0
    endloop
  endfacet
  facet normal -0.50231 0.502329 -0.703811
    outer loop
      vertex -50.7557 -55.2104 1.06065
      vertex -50.0268 -55.9676 0
      vertex -50.7557 -55.971 0.517789
    endloop
  endfacet
  facet normal -0.502336 0.502336 -0.703787
    outer loop
      vertex -46.3589 -52.2996 0
      vertex -50.7557 -55.2104 1.06065
      vertex -46.9641 -51.4188 1.06065
    endloop
  endfacet
  facet normal 0.659367 -0.751821 0
    outer loop
      vertex -49.7803 -40.7294 0.75
      vertex -49.1509 -40.1774 11.25
      vertex -49.7803 -40.7294 11.25
    endloop
  endfacet
  facet normal 0.659367 -0.751821 0
    outer loop
      vertex -49.1509 -40.1774 11.25
      vertex -49.7803 -40.7294 0.75
      vertex -49.1509 -40.1774 0.75
    endloop
  endfacet
  facet normal 0.469771 -0.53569 0.701678
    outer loop
      vertex -49.6097 -39.5974 12
      vertex -50.3037 -40.206 12
      vertex -49.7803 -40.7294 11.25
    endloop
  endfacet
  facet normal 0.470124 -0.535419 0.701648
    outer loop
      vertex -49.6097 -39.5974 12
      vertex -49.1509 -40.1774 11.25
      vertex -49.6015 -39.5902 12
    endloop
  endfacet
  facet normal 0.469808 -0.535683 0.701658
    outer loop
      vertex -49.1509 -40.1774 11.25
      vertex -49.6097 -39.5974 12
      vertex -49.7803 -40.7294 11.25
    endloop
  endfacet
  facet normal 0.46979 -0.535662 -0.701686
    outer loop
      vertex -49.7803 -40.7294 0.75
      vertex -50.2954 -40.1987 0
      vertex -49.1509 -40.1774 0.75
    endloop
  endfacet
  facet normal 0.470527 -0.534982 -0.701711
    outer loop
      vertex -50.2954 -40.1987 0
      vertex -49.7803 -40.7294 0.75
      vertex -50.3037 -40.206 0
    endloop
  endfacet
  facet normal 0.469775 -0.535706 -0.701663
    outer loop
      vertex -49.1509 -40.1774 0.75
      vertex -50.2954 -40.1987 0
      vertex -49.6015 -39.5902 0
    endloop
  endfacet
  facet normal 0.555554 -0.83148 0
    outer loop
      vertex -49.1509 -40.1774 0.75
      vertex -48.4548 -39.7123 11.25
      vertex -49.1509 -40.1774 11.25
    endloop
  endfacet
  facet normal 0.555554 -0.83148 0
    outer loop
      vertex -48.4548 -39.7123 11.25
      vertex -49.1509 -40.1774 0.75
      vertex -48.4548 -39.7123 0.75
    endloop
  endfacet
  facet normal 0.395871 -0.592416 0.701662
    outer loop
      vertex -48.8341 -39.0774 12
      vertex -49.6015 -39.5902 12
      vertex -49.1509 -40.1774 11.25
    endloop
  endfacet
  facet normal 0.393693 -0.593766 0.701746
    outer loop
      vertex -48.8341 -39.0774 12
      vertex -48.4548 -39.7123 11.25
      vertex -48.8249 -39.0713 12
    endloop
  endfacet
  facet normal 0.395826 -0.592419 0.701685
    outer loop
      vertex -48.4548 -39.7123 11.25
      vertex -48.8341 -39.0774 12
      vertex -49.1509 -40.1774 11.25
    endloop
  endfacet
  facet normal 0.395849 -0.592455 -0.701642
    outer loop
      vertex -49.1509 -40.1774 0.75
      vertex -49.5923 -39.5841 0
      vertex -48.4548 -39.7123 0.75
    endloop
  endfacet
  facet normal 0.393786 -0.593906 -0.701575
    outer loop
      vertex -49.5923 -39.5841 0
      vertex -49.1509 -40.1774 0.75
      vertex -49.6015 -39.5902 0
    endloop
  endfacet
  facet normal 0.395869 -0.592414 -0.701665
    outer loop
      vertex -48.4548 -39.7123 0.75
      vertex -49.5923 -39.5841 0
      vertex -48.8249 -39.0713 0
    endloop
  endfacet
  facet normal 0.442333 -0.896851 0
    outer loop
      vertex -48.4548 -39.7123 0.75
      vertex -47.704 -39.342 11.25
      vertex -48.4548 -39.7123 11.25
    endloop
  endfacet
  facet normal 0.442333 -0.896851 0
    outer loop
      vertex -47.704 -39.342 11.25
      vertex -48.4548 -39.7123 0.75
      vertex -47.704 -39.342 0.75
    endloop
  endfacet
  facet normal 0.315118 -0.639037 0.701664
    outer loop
      vertex -47.9971 -38.6631 12
      vertex -48.8249 -39.0713 12
      vertex -48.4548 -39.7123 11.25
    endloop
  endfacet
  facet normal 0.316086 -0.638622 0.701607
    outer loop
      vertex -47.9971 -38.6631 12
      vertex -47.704 -39.342 11.25
      vertex -47.9872 -38.6582 12
    endloop
  endfacet
  facet normal 0.31518 -0.639041 0.701632
    outer loop
      vertex -47.704 -39.342 11.25
      vertex -47.9971 -38.6631 12
      vertex -48.4548 -39.7123 11.25
    endloop
  endfacet
  facet normal 0.315162 -0.639005 -0.701673
    outer loop
      vertex -48.4548 -39.7123 0.75
      vertex -48.815 -39.0664 0
      vertex -47.704 -39.342 0.75
    endloop
  endfacet
  facet normal 0.316046 -0.638541 -0.701698
    outer loop
      vertex -48.815 -39.0664 0
      vertex -48.4548 -39.7123 0.75
      vertex -48.8249 -39.0713 0
    endloop
  endfacet
  facet normal 0.315128 -0.639057 -0.701642
    outer loop
      vertex -47.704 -39.342 0.75
      vertex -48.815 -39.0664 0
      vertex -47.9872 -38.6582 0
    endloop
  endfacet
  facet normal 0.321455 -0.946925 0
    outer loop
      vertex -47.704 -39.342 0.75
      vertex -46.9113 -39.0729 11.25
      vertex -47.704 -39.342 11.25
    endloop
  endfacet
  facet normal 0.321455 -0.946925 0
    outer loop
      vertex -46.9113 -39.0729 11.25
      vertex -47.704 -39.342 0.75
      vertex -46.9113 -39.0729 0.75
    endloop
  endfacet
  facet normal 0.22907 -0.674701 0.701645
    outer loop
      vertex -47.1133 -38.3615 12
      vertex -47.9872 -38.6582 12
      vertex -47.704 -39.342 11.25
    endloop
  endfacet
  facet normal 0.225287 -0.675861 0.701754
    outer loop
      vertex -47.1133 -38.3615 12
      vertex -46.9113 -39.0729 11.25
      vertex -47.1028 -38.358 12
    endloop
  endfacet
  facet normal 0.229041 -0.674696 0.70166
    outer loop
      vertex -46.9113 -39.0729 11.25
      vertex -47.1133 -38.3615 12
      vertex -47.704 -39.342 11.25
    endloop
  endfacet
  facet normal 0.22905 -0.674723 -0.70163
    outer loop
      vertex -47.704 -39.342 0.75
      vertex -47.9768 -38.6547 0
      vertex -46.9113 -39.0729 0.75
    endloop
  endfacet
  facet normal 0.227288 -0.67537 -0.701581
    outer loop
      vertex -47.9768 -38.6547 0
      vertex -47.704 -39.342 0.75
      vertex -47.9872 -38.6582 0
    endloop
  endfacet
  facet normal 0.229051 -0.674723 -0.70163
    outer loop
      vertex -46.9113 -39.0729 0.75
      vertex -47.9768 -38.6547 0
      vertex -47.1028 -38.358 0
    endloop
  endfacet
  facet normal 0.195059 -0.980791 0
    outer loop
      vertex -46.9113 -39.0729 0.75
      vertex -46.0902 -38.9096 11.25
      vertex -46.9113 -39.0729 11.25
    endloop
  endfacet
  facet normal 0.195059 -0.980791 0
    outer loop
      vertex -46.0902 -38.9096 11.25
      vertex -46.9113 -39.0729 0.75
      vertex -46.0902 -38.9096 0.75
    endloop
  endfacet
  facet normal 0.139042 -0.698839 0.701635
    outer loop
      vertex -46.1976 -38.1779 12
      vertex -47.1028 -38.358 12
      vertex -46.9113 -39.0729 11.25
    endloop
  endfacet
  facet normal 0.135981 -0.699333 0.701742
    outer loop
      vertex -46.1976 -38.1779 12
      vertex -46.0902 -38.9096 11.25
      vertex -46.1868 -38.1758 12
    endloop
  endfacet
  facet normal 0.138981 -0.698818 0.701668
    outer loop
      vertex -46.0902 -38.9096 11.25
      vertex -46.1976 -38.1779 12
      vertex -46.9113 -39.0729 11.25
    endloop
  endfacet
  facet normal 0.138992 -0.698873 -0.701611
    outer loop
      vertex -46.9113 -39.0729 0.75
      vertex -47.092 -38.3559 0
      vertex -46.0902 -38.9096 0.75
    endloop
  endfacet
  facet normal 0.136021 -0.699538 -0.70153
    outer loop
      vertex -47.092 -38.3559 0
      vertex -46.9113 -39.0729 0.75
      vertex -47.1028 -38.358 0
    endloop
  endfacet
  facet normal 0.13904 -0.69883 -0.701644
    outer loop
      vertex -46.0902 -38.9096 0.75
      vertex -47.092 -38.3559 0
      vertex -46.1868 -38.1758 0
    endloop
  endfacet
  facet normal 0.0654566 -0.997855 0
    outer loop
      vertex -46.0902 -38.9096 0.75
      vertex -45.2548 -38.8548 11.25
      vertex -46.0902 -38.9096 11.25
    endloop
  endfacet
  facet normal 0.0654566 -0.997855 0
    outer loop
      vertex -45.2548 -38.8548 11.25
      vertex -46.0902 -38.9096 0.75
      vertex -45.2548 -38.8548 0.75
    endloop
  endfacet
  facet normal 0.0466279 -0.710998 0.701646
    outer loop
      vertex -45.2658 -38.1154 12
      vertex -46.1868 -38.1758 12
      vertex -46.0902 -38.9096 11.25
    endloop
  endfacet
  facet normal 0.04664 -0.711004 0.701639
    outer loop
      vertex -45.2548 -38.8548 11.25
      vertex -45.2658 -38.1154 12
      vertex -46.0902 -38.9096 11.25
    endloop
  endfacet
  facet normal 0.0452493 -0.71106 0.701674
    outer loop
      vertex -45.2658 -38.1154 12
      vertex -45.2548 -38.8548 11.25
      vertex -45.2548 -38.1147 12
    endloop
  endfacet
  facet normal 0.0452539 -0.711132 -0.7016
    outer loop
      vertex -46.1758 -38.1751 0
      vertex -46.0902 -38.9096 0.75
      vertex -46.1868 -38.1758 0
    endloop
  endfacet
  facet normal 0.0466402 -0.711007 -0.701636
    outer loop
      vertex -46.0902 -38.9096 0.75
      vertex -46.1758 -38.1751 0
      vertex -45.2548 -38.8548 0.75
    endloop
  endfacet
  facet normal 0.046629 -0.711015 -0.701629
    outer loop
      vertex -45.2548 -38.8548 0.75
      vertex -46.1758 -38.1751 0
      vertex -45.2548 -38.1147 0
    endloop
  endfacet
  facet normal -0.0654644 -0.997855 0
    outer loop
      vertex -45.2548 -38.8548 0.75
      vertex -44.4195 -38.9096 11.25
      vertex -45.2548 -38.8548 11.25
    endloop
  endfacet
  facet normal -0.0654644 -0.997855 -0
    outer loop
      vertex -44.4195 -38.9096 11.25
      vertex -45.2548 -38.8548 0.75
      vertex -44.4195 -38.9096 0.75
    endloop
  endfacet
  facet normal -0.046629 -0.711015 0.701629
    outer loop
      vertex -45.2548 -38.1147 12
      vertex -45.2548 -38.8548 11.25
      vertex -44.3338 -38.1751 12
    endloop
  endfacet
  facet normal -0.0466455 -0.711004 0.70164
    outer loop
      vertex -44.4195 -38.9096 11.25
      vertex -44.3338 -38.1751 12
      vertex -45.2548 -38.8548 11.25
    endloop
  endfacet
  facet normal -0.0456665 -0.711092 0.701614
    outer loop
      vertex -44.3338 -38.1751 12
      vertex -44.4195 -38.9096 11.25
      vertex -44.3229 -38.1758 12
    endloop
  endfacet
  facet normal -0.0452493 -0.71106 -0.701674
    outer loop
      vertex -45.2438 -38.1154 0
      vertex -45.2548 -38.8548 0.75
      vertex -45.2548 -38.1147 0
    endloop
  endfacet
  facet normal -0.0466455 -0.711004 -0.701639
    outer loop
      vertex -45.2548 -38.8548 0.75
      vertex -45.2438 -38.1154 0
      vertex -44.4195 -38.9096 0.75
    endloop
  endfacet
  facet normal -0.0466329 -0.710998 -0.701646
    outer loop
      vertex -44.4195 -38.9096 0.75
      vertex -45.2438 -38.1154 0
      vertex -44.3229 -38.1758 0
    endloop
  endfacet
  facet normal -0.195059 -0.980791 0
    outer loop
      vertex -44.4195 -38.9096 0.75
      vertex -43.5984 -39.0729 11.25
      vertex -44.4195 -38.9096 11.25
    endloop
  endfacet
  facet normal -0.195059 -0.980791 -0
    outer loop
      vertex -43.5984 -39.0729 11.25
      vertex -44.4195 -38.9096 0.75
      vertex -43.5984 -39.0729 0.75
    endloop
  endfacet
  facet normal -0.139025 -0.698833 0.701644
    outer loop
      vertex -44.3229 -38.1758 12
      vertex -44.4195 -38.9096 11.25
      vertex -43.4176 -38.3559 12
    endloop
  endfacet
  facet normal -0.13602 -0.699529 0.70154
    outer loop
      vertex -43.4176 -38.3559 12
      vertex -43.5984 -39.0729 11.25
      vertex -43.4068 -38.358 12
    endloop
  endfacet
  facet normal -0.13899 -0.698864 0.70162
    outer loop
      vertex -43.5984 -39.0729 11.25
      vertex -43.4176 -38.3559 12
      vertex -44.4195 -38.9096 11.25
    endloop
  endfacet
  facet normal -0.138981 -0.698818 -0.701668
    outer loop
      vertex -44.4195 -38.9096 0.75
      vertex -44.3121 -38.1779 0
      vertex -43.5984 -39.0729 0.75
    endloop
  endfacet
  facet normal -0.135981 -0.699333 -0.701742
    outer loop
      vertex -44.3121 -38.1779 0
      vertex -44.4195 -38.9096 0.75
      vertex -44.3229 -38.1758 0
    endloop
  endfacet
  facet normal -0.139026 -0.698833 -0.701644
    outer loop
      vertex -43.5984 -39.0729 0.75
      vertex -44.3121 -38.1779 0
      vertex -43.4068 -38.358 0
    endloop
  endfacet
  facet normal -0.321455 -0.946925 0
    outer loop
      vertex -43.5984 -39.0729 0.75
      vertex -42.8057 -39.342 11.25
      vertex -43.5984 -39.0729 11.25
    endloop
  endfacet
  facet normal -0.321455 -0.946925 -0
    outer loop
      vertex -42.8057 -39.342 11.25
      vertex -43.5984 -39.0729 0.75
      vertex -42.8057 -39.342 0.75
    endloop
  endfacet
  facet normal -0.229046 -0.674708 0.701646
    outer loop
      vertex -43.4068 -38.358 12
      vertex -43.5984 -39.0729 11.25
      vertex -42.5328 -38.6547 12
    endloop
  endfacet
  facet normal -0.227283 -0.675355 0.701596
    outer loop
      vertex -42.5328 -38.6547 12
      vertex -42.8057 -39.342 11.25
      vertex -42.5224 -38.6582 12
    endloop
  endfacet
  facet normal -0.229045 -0.674709 0.701645
    outer loop
      vertex -42.8057 -39.342 11.25
      vertex -42.5328 -38.6547 12
      vertex -43.5984 -39.0729 11.25
    endloop
  endfacet
  facet normal -0.229041 -0.674696 -0.70166
    outer loop
      vertex -43.5984 -39.0729 0.75
      vertex -43.3964 -38.3615 0
      vertex -42.8057 -39.342 0.75
    endloop
  endfacet
  facet normal -0.227249 -0.675253 -0.701706
    outer loop
      vertex -43.3964 -38.3615 0
      vertex -43.5984 -39.0729 0.75
      vertex -43.4068 -38.358 0
    endloop
  endfacet
  facet normal -0.229041 -0.674696 -0.701659
    outer loop
      vertex -42.8057 -39.342 0.75
      vertex -43.3964 -38.3615 0
      vertex -42.5224 -38.6582 0
    endloop
  endfacet
  facet normal -0.442286 -0.896874 0
    outer loop
      vertex -42.8057 -39.342 0.75
      vertex -42.0548 -39.7123 11.25
      vertex -42.8057 -39.342 11.25
    endloop
  endfacet
  facet normal -0.442286 -0.896874 -0
    outer loop
      vertex -42.0548 -39.7123 11.25
      vertex -42.8057 -39.342 0.75
      vertex -42.0548 -39.7123 0.75
    endloop
  endfacet
  facet normal -0.315119 -0.639038 0.701663
    outer loop
      vertex -42.5224 -38.6582 12
      vertex -42.8057 -39.342 11.25
      vertex -41.6946 -39.0664 12
    endloop
  endfacet
  facet normal -0.318598 -0.637197 0.701766
    outer loop
      vertex -41.6946 -39.0664 12
      vertex -42.0548 -39.7123 11.25
      vertex -41.6848 -39.0713 12
    endloop
  endfacet
  facet normal -0.315129 -0.639023 0.701672
    outer loop
      vertex -42.0548 -39.7123 11.25
      vertex -41.6946 -39.0664 12
      vertex -42.8057 -39.342 11.25
    endloop
  endfacet
  facet normal -0.315146 -0.639057 -0.701633
    outer loop
      vertex -42.8057 -39.342 0.75
      vertex -42.5126 -38.6631 0
      vertex -42.0548 -39.7123 0.75
    endloop
  endfacet
  facet normal -0.318703 -0.637406 -0.701529
    outer loop
      vertex -42.5126 -38.6631 0
      vertex -42.8057 -39.342 0.75
      vertex -42.5224 -38.6582 0
    endloop
  endfacet
  facet normal -0.315128 -0.639056 -0.701643
    outer loop
      vertex -42.0548 -39.7123 0.75
      vertex -42.5126 -38.6631 0
      vertex -41.6848 -39.0713 0
    endloop
  endfacet
  facet normal -0.55561 -0.831443 0
    outer loop
      vertex -42.0548 -39.7123 0.75
      vertex -41.3588 -40.1774 11.25
      vertex -42.0548 -39.7123 11.25
    endloop
  endfacet
  facet normal -0.55561 -0.831443 -0
    outer loop
      vertex -41.3588 -40.1774 11.25
      vertex -42.0548 -39.7123 0.75
      vertex -41.3588 -40.1774 0.75
    endloop
  endfacet
  facet normal -0.395884 -0.592436 0.701638
    outer loop
      vertex -41.6848 -39.0713 12
      vertex -42.0548 -39.7123 11.25
      vertex -40.9174 -39.5841 12
    endloop
  endfacet
  facet normal -0.393786 -0.593906 0.701575
    outer loop
      vertex -40.9174 -39.5841 12
      vertex -41.3588 -40.1774 11.25
      vertex -40.9082 -39.5902 12
    endloop
  endfacet
  facet normal -0.395888 -0.592427 0.701643
    outer loop
      vertex -41.3588 -40.1774 11.25
      vertex -40.9174 -39.5841 12
      vertex -42.0548 -39.7123 11.25
    endloop
  endfacet
  facet normal -0.39588 -0.592416 -0.701657
    outer loop
      vertex -42.0548 -39.7123 0.75
      vertex -41.6756 -39.0774 0
      vertex -41.3588 -40.1774 0.75
    endloop
  endfacet
  facet normal -0.393707 -0.593788 -0.70172
    outer loop
      vertex -41.6756 -39.0774 0
      vertex -42.0548 -39.7123 0.75
      vertex -41.6848 -39.0713 0
    endloop
  endfacet
  facet normal -0.395871 -0.592416 -0.701662
    outer loop
      vertex -41.3588 -40.1774 0.75
      vertex -41.6756 -39.0774 0
      vertex -40.9082 -39.5902 0
    endloop
  endfacet
  facet normal -0.659367 -0.751821 0
    outer loop
      vertex -41.3588 -40.1774 0.75
      vertex -40.7294 -40.7294 11.25
      vertex -41.3588 -40.1774 11.25
    endloop
  endfacet
  facet normal -0.659367 -0.751821 -0
    outer loop
      vertex -40.7294 -40.7294 11.25
      vertex -41.3588 -40.1774 0.75
      vertex -40.7294 -40.7294 0.75
    endloop
  endfacet
  facet normal -0.469775 -0.535706 0.701663
    outer loop
      vertex -40.9082 -39.5902 12
      vertex -41.3588 -40.1774 11.25
      vertex -40.2143 -40.1987 12
    endloop
  endfacet
  facet normal -0.470527 -0.534982 0.701711
    outer loop
      vertex -40.2143 -40.1987 12
      vertex -40.7294 -40.7294 11.25
      vertex -40.206 -40.206 12
    endloop
  endfacet
  facet normal -0.46979 -0.535662 0.701686
    outer loop
      vertex -40.7294 -40.7294 11.25
      vertex -40.2143 -40.1987 12
      vertex -41.3588 -40.1774 11.25
    endloop
  endfacet
  facet normal -0.469787 -0.535659 -0.70169
    outer loop
      vertex -41.3588 -40.1774 0.75
      vertex -40.8999 -39.5974 0
      vertex -40.7294 -40.7294 0.75
    endloop
  endfacet
  facet normal -0.466813 -0.538132 -0.701783
    outer loop
      vertex -40.8999 -39.5974 0
      vertex -41.3588 -40.1774 0.75
      vertex -40.9082 -39.5902 0
    endloop
  endfacet
  facet normal -0.469808 -0.535655 -0.701679
    outer loop
      vertex -40.7294 -40.7294 0.75
      vertex -40.8999 -39.5974 0
      vertex -40.206 -40.206 0
    endloop
  endfacet
  facet normal -0.751821 -0.659367 9.62063e-19
    outer loop
      vertex -40.1774 -41.3588 0.75
      vertex -40.7294 -40.7294 11.25
      vertex -40.7294 -40.7294 0.75
    endloop
  endfacet
  facet normal -0.751821 -0.659367 9.62063e-19
    outer loop
      vertex -40.7294 -40.7294 11.25
      vertex -40.1774 -41.3588 0.75
      vertex -40.1774 -41.3588 11.25
    endloop
  endfacet
  facet normal -0.535655 -0.469808 0.701679
    outer loop
      vertex -40.206 -40.206 12
      vertex -40.7294 -40.7294 11.25
      vertex -39.5974 -40.8999 12
    endloop
  endfacet
  facet normal -0.538132 -0.466813 0.701783
    outer loop
      vertex -39.5974 -40.8999 12
      vertex -40.1774 -41.3588 11.25
      vertex -39.5902 -40.9082 12
    endloop
  endfacet
  facet normal -0.535659 -0.469787 0.70169
    outer loop
      vertex -40.1774 -41.3588 11.25
      vertex -39.5974 -40.8999 12
      vertex -40.7294 -40.7294 11.25
    endloop
  endfacet
  facet normal -0.535662 -0.46979 -0.701686
    outer loop
      vertex -40.7294 -40.7294 0.75
      vertex -40.1987 -40.2143 0
      vertex -40.1774 -41.3588 0.75
    endloop
  endfacet
  facet normal -0.534982 -0.470527 -0.701711
    outer loop
      vertex -40.1987 -40.2143 0
      vertex -40.7294 -40.7294 0.75
      vertex -40.206 -40.206 0
    endloop
  endfacet
  facet normal -0.535706 -0.469775 -0.701663
    outer loop
      vertex -40.1774 -41.3588 0.75
      vertex -40.1987 -40.2143 0
      vertex -39.5902 -40.9082 0
    endloop
  endfacet
  facet normal -0.831443 -0.55561 2.51637e-18
    outer loop
      vertex -39.7123 -42.0548 0.75
      vertex -40.1774 -41.3588 11.25
      vertex -40.1774 -41.3588 0.75
    endloop
  endfacet
  facet normal -0.831443 -0.55561 2.51637e-18
    outer loop
      vertex -40.1774 -41.3588 11.25
      vertex -39.7123 -42.0548 0.75
      vertex -39.7123 -42.0548 11.25
    endloop
  endfacet
  facet normal -0.592416 -0.395871 0.701662
    outer loop
      vertex -39.5902 -40.9082 12
      vertex -40.1774 -41.3588 11.25
      vertex -39.0774 -41.6756 12
    endloop
  endfacet
  facet normal -0.593788 -0.393707 0.70172
    outer loop
      vertex -39.0774 -41.6756 12
      vertex -39.7123 -42.0548 11.25
      vertex -39.0713 -41.6848 12
    endloop
  endfacet
  facet normal -0.592416 -0.39588 0.701657
    outer loop
      vertex -39.7123 -42.0548 11.25
      vertex -39.0774 -41.6756 12
      vertex -40.1774 -41.3588 11.25
    endloop
  endfacet
  facet normal -0.592427 -0.395888 -0.701643
    outer loop
      vertex -40.1774 -41.3588 0.75
      vertex -39.5841 -40.9174 0
      vertex -39.7123 -42.0548 0.75
    endloop
  endfacet
  facet normal -0.593906 -0.393786 -0.701575
    outer loop
      vertex -39.5841 -40.9174 0
      vertex -40.1774 -41.3588 0.75
      vertex -39.5902 -40.9082 0
    endloop
  endfacet
  facet normal -0.592436 -0.395884 -0.701638
    outer loop
      vertex -39.0713 -41.6848 0
      vertex -39.7123 -42.0548 0.75
      vertex -39.5841 -40.9174 0
    endloop
  endfacet
  facet normal -0.896874 -0.442286 -1.43372e-18
    outer loop
      vertex -39.342 -42.8057 0.75
      vertex -39.7123 -42.0548 11.25
      vertex -39.7123 -42.0548 0.75
    endloop
  endfacet
  facet normal -0.896874 -0.442286 -1.43372e-18
    outer loop
      vertex -39.7123 -42.0548 11.25
      vertex -39.342 -42.8057 0.75
      vertex -39.342 -42.8057 11.25
    endloop
  endfacet
  facet normal -0.639056 -0.315128 0.701643
    outer loop
      vertex -39.0713 -41.6848 12
      vertex -39.7123 -42.0548 11.25
      vertex -38.6631 -42.5126 12
    endloop
  endfacet
  facet normal -0.637406 -0.318703 0.701529
    outer loop
      vertex -38.6631 -42.5126 12
      vertex -39.342 -42.8057 11.25
      vertex -38.6582 -42.5224 12
    endloop
  endfacet
  facet normal -0.639057 -0.315146 0.701633
    outer loop
      vertex -39.342 -42.8057 11.25
      vertex -38.6631 -42.5126 12
      vertex -39.7123 -42.0548 11.25
    endloop
  endfacet
  facet normal -0.639023 -0.315129 -0.701672
    outer loop
      vertex -39.7123 -42.0548 0.75
      vertex -39.0664 -41.6946 0
      vertex -39.342 -42.8057 0.75
    endloop
  endfacet
  facet normal -0.637197 -0.318598 -0.701766
    outer loop
      vertex -39.0664 -41.6946 0
      vertex -39.7123 -42.0548 0.75
      vertex -39.0713 -41.6848 0
    endloop
  endfacet
  facet normal -0.639038 -0.315119 -0.701663
    outer loop
      vertex -38.6582 -42.5224 0
      vertex -39.342 -42.8057 0.75
      vertex -39.0664 -41.6946 0
    endloop
  endfacet
  facet normal -0.946925 -0.321455 -1.44624e-18
    outer loop
      vertex -39.0729 -43.5984 0.75
      vertex -39.342 -42.8057 11.25
      vertex -39.342 -42.8057 0.75
    endloop
  endfacet
  facet normal -0.946925 -0.321455 -1.44624e-18
    outer loop
      vertex -39.342 -42.8057 11.25
      vertex -39.0729 -43.5984 0.75
      vertex -39.0729 -43.5984 11.25
    endloop
  endfacet
  facet normal -0.674696 -0.229041 0.701659
    outer loop
      vertex -38.6582 -42.5224 12
      vertex -39.342 -42.8057 11.25
      vertex -38.3615 -43.3964 12
    endloop
  endfacet
  facet normal -0.675253 -0.227249 0.701706
    outer loop
      vertex -38.3615 -43.3964 12
      vertex -39.0729 -43.5984 11.25
      vertex -38.358 -43.4068 12
    endloop
  endfacet
  facet normal -0.674696 -0.229041 0.70166
    outer loop
      vertex -39.0729 -43.5984 11.25
      vertex -38.3615 -43.3964 12
      vertex -39.342 -42.8057 11.25
    endloop
  endfacet
  facet normal -0.674709 -0.229045 -0.701645
    outer loop
      vertex -39.342 -42.8057 0.75
      vertex -38.6547 -42.5328 0
      vertex -39.0729 -43.5984 0.75
    endloop
  endfacet
  facet normal -0.675355 -0.227283 -0.701596
    outer loop
      vertex -38.6547 -42.5328 0
      vertex -39.342 -42.8057 0.75
      vertex -38.6582 -42.5224 0
    endloop
  endfacet
  facet normal -0.674708 -0.229046 -0.701646
    outer loop
      vertex -38.358 -43.4068 0
      vertex -39.0729 -43.5984 0.75
      vertex -38.6547 -42.5328 0
    endloop
  endfacet
  facet normal -0.980791 -0.195059 -9.09628e-20
    outer loop
      vertex -38.9096 -44.4195 0.75
      vertex -39.0729 -43.5984 11.25
      vertex -39.0729 -43.5984 0.75
    endloop
  endfacet
  facet normal -0.980791 -0.195059 -9.09628e-20
    outer loop
      vertex -39.0729 -43.5984 11.25
      vertex -38.9096 -44.4195 0.75
      vertex -38.9096 -44.4195 11.25
    endloop
  endfacet
  facet normal -0.698833 -0.139026 0.701644
    outer loop
      vertex -38.358 -43.4068 12
      vertex -39.0729 -43.5984 11.25
      vertex -38.1779 -44.3121 12
    endloop
  endfacet
  facet normal -0.699333 -0.135981 0.701742
    outer loop
      vertex -38.1779 -44.3121 12
      vertex -38.9096 -44.4195 11.25
      vertex -38.1758 -44.3229 12
    endloop
  endfacet
  facet normal -0.698818 -0.138981 0.701668
    outer loop
      vertex -38.9096 -44.4195 11.25
      vertex -38.1779 -44.3121 12
      vertex -39.0729 -43.5984 11.25
    endloop
  endfacet
  facet normal -0.698864 -0.13899 -0.70162
    outer loop
      vertex -39.0729 -43.5984 0.75
      vertex -38.3559 -43.4176 0
      vertex -38.9096 -44.4195 0.75
    endloop
  endfacet
  facet normal -0.699529 -0.13602 -0.70154
    outer loop
      vertex -38.3559 -43.4176 0
      vertex -39.0729 -43.5984 0.75
      vertex -38.358 -43.4068 0
    endloop
  endfacet
  facet normal -0.698833 -0.139025 -0.701644
    outer loop
      vertex -38.1758 -44.3229 0
      vertex -38.9096 -44.4195 0.75
      vertex -38.3559 -43.4176 0
    endloop
  endfacet
  facet normal -0.997855 -0.0654644 1.80017e-19
    outer loop
      vertex -38.8548 -45.2548 0.75
      vertex -38.9096 -44.4195 11.25
      vertex -38.9096 -44.4195 0.75
    endloop
  endfacet
  facet normal -0.997855 -0.0654644 1.80017e-19
    outer loop
      vertex -38.9096 -44.4195 11.25
      vertex -38.8548 -45.2548 0.75
      vertex -38.8548 -45.2548 11.25
    endloop
  endfacet
  facet normal -0.710998 -0.0466329 0.701646
    outer loop
      vertex -38.1758 -44.3229 12
      vertex -38.9096 -44.4195 11.25
      vertex -38.1154 -45.2438 12
    endloop
  endfacet
  facet normal -0.711004 -0.0466455 0.701639
    outer loop
      vertex -38.8548 -45.2548 11.25
      vertex -38.1154 -45.2438 12
      vertex -38.9096 -44.4195 11.25
    endloop
  endfacet
  facet normal -0.71106 -0.0452493 0.701674
    outer loop
      vertex -38.1154 -45.2438 12
      vertex -38.8548 -45.2548 11.25
      vertex -38.1147 -45.2548 12
    endloop
  endfacet
  facet normal -0.711092 -0.0456665 -0.701614
    outer loop
      vertex -38.1751 -44.3338 0
      vertex -38.9096 -44.4195 0.75
      vertex -38.1758 -44.3229 0
    endloop
  endfacet
  facet normal -0.711004 -0.0466455 -0.70164
    outer loop
      vertex -38.9096 -44.4195 0.75
      vertex -38.1751 -44.3338 0
      vertex -38.8548 -45.2548 0.75
    endloop
  endfacet
  facet normal -0.711015 -0.046629 -0.701629
    outer loop
      vertex -38.1147 -45.2548 0
      vertex -38.8548 -45.2548 0.75
      vertex -38.1751 -44.3338 0
    endloop
  endfacet
  facet normal -0.997855 0.0654566 -1.81152e-20
    outer loop
      vertex -38.9096 -46.0902 0.75
      vertex -38.8548 -45.2548 11.25
      vertex -38.8548 -45.2548 0.75
    endloop
  endfacet
  facet normal -0.997855 0.0654566 -1.81152e-20
    outer loop
      vertex -38.8548 -45.2548 11.25
      vertex -38.9096 -46.0902 0.75
      vertex -38.9096 -46.0902 11.25
    endloop
  endfacet
  facet normal -0.711015 0.046629 0.701629
    outer loop
      vertex -38.1147 -45.2548 12
      vertex -38.8548 -45.2548 11.25
      vertex -38.1751 -46.1758 12
    endloop
  endfacet
  facet normal -0.711007 0.0466402 0.701636
    outer loop
      vertex -38.9096 -46.0902 11.25
      vertex -38.1751 -46.1758 12
      vertex -38.8548 -45.2548 11.25
    endloop
  endfacet
  facet normal -0.711132 0.0452539 0.7016
    outer loop
      vertex -38.1751 -46.1758 12
      vertex -38.9096 -46.0902 11.25
      vertex -38.1758 -46.1868 12
    endloop
  endfacet
  facet normal -0.71106 0.0452493 -0.701674
    outer loop
      vertex -38.1154 -45.2658 0
      vertex -38.8548 -45.2548 0.75
      vertex -38.1147 -45.2548 0
    endloop
  endfacet
  facet normal -0.711004 0.04664 -0.701639
    outer loop
      vertex -38.8548 -45.2548 0.75
      vertex -38.1154 -45.2658 0
      vertex -38.9096 -46.0902 0.75
    endloop
  endfacet
  facet normal -0.710998 0.0466279 -0.701646
    outer loop
      vertex -38.1758 -46.1868 0
      vertex -38.9096 -46.0902 0.75
      vertex -38.1154 -45.2658 0
    endloop
  endfacet
  facet normal -0.980791 0.195059 -5.25734e-19
    outer loop
      vertex -39.0729 -46.9113 0.75
      vertex -38.9096 -46.0902 11.25
      vertex -38.9096 -46.0902 0.75
    endloop
  endfacet
  facet normal -0.980791 0.195059 -5.25734e-19
    outer loop
      vertex -38.9096 -46.0902 11.25
      vertex -39.0729 -46.9113 0.75
      vertex -39.0729 -46.9113 11.25
    endloop
  endfacet
  facet normal -0.69883 0.13904 0.701644
    outer loop
      vertex -38.1758 -46.1868 12
      vertex -38.9096 -46.0902 11.25
      vertex -38.3559 -47.092 12
    endloop
  endfacet
  facet normal -0.698873 0.138992 0.701611
    outer loop
      vertex -39.0729 -46.9113 11.25
      vertex -38.3559 -47.092 12
      vertex -38.9096 -46.0902 11.25
    endloop
  endfacet
  facet normal -0.699538 0.136021 0.70153
    outer loop
      vertex -38.3559 -47.092 12
      vertex -39.0729 -46.9113 11.25
      vertex -38.358 -47.1028 12
    endloop
  endfacet
  facet normal -0.699333 0.135981 -0.701742
    outer loop
      vertex -38.1779 -46.1976 0
      vertex -38.9096 -46.0902 0.75
      vertex -38.1758 -46.1868 0
    endloop
  endfacet
  facet normal -0.698818 0.138981 -0.701668
    outer loop
      vertex -38.9096 -46.0902 0.75
      vertex -38.1779 -46.1976 0
      vertex -39.0729 -46.9113 0.75
    endloop
  endfacet
  facet normal -0.698839 0.139042 -0.701635
    outer loop
      vertex -38.358 -47.1028 0
      vertex -39.0729 -46.9113 0.75
      vertex -38.1779 -46.1976 0
    endloop
  endfacet
  facet normal -0.946925 0.321455 -1.36298e-18
    outer loop
      vertex -39.342 -47.704 0.75
      vertex -39.0729 -46.9113 11.25
      vertex -39.0729 -46.9113 0.75
    endloop
  endfacet
  facet normal -0.946925 0.321455 -1.36298e-18
    outer loop
      vertex -39.0729 -46.9113 11.25
      vertex -39.342 -47.704 0.75
      vertex -39.342 -47.704 11.25
    endloop
  endfacet
  facet normal -0.674723 0.229051 0.70163
    outer loop
      vertex -38.358 -47.1028 12
      vertex -39.0729 -46.9113 11.25
      vertex -38.6547 -47.9768 12
    endloop
  endfacet
  facet normal -0.674723 0.22905 0.70163
    outer loop
      vertex -39.342 -47.704 11.25
      vertex -38.6547 -47.9768 12
      vertex -39.0729 -46.9113 11.25
    endloop
  endfacet
  facet normal -0.67537 0.227288 0.701581
    outer loop
      vertex -38.6547 -47.9768 12
      vertex -39.342 -47.704 11.25
      vertex -38.6582 -47.9872 12
    endloop
  endfacet
  facet normal -0.675861 0.225287 -0.701754
    outer loop
      vertex -38.3615 -47.1133 0
      vertex -39.0729 -46.9113 0.75
      vertex -38.358 -47.1028 0
    endloop
  endfacet
  facet normal -0.674696 0.229041 -0.70166
    outer loop
      vertex -39.0729 -46.9113 0.75
      vertex -38.3615 -47.1133 0
      vertex -39.342 -47.704 0.75
    endloop
  endfacet
  facet normal -0.674701 0.22907 -0.701645
    outer loop
      vertex -38.6582 -47.9872 0
      vertex -39.342 -47.704 0.75
      vertex -38.3615 -47.1133 0
    endloop
  endfacet
  facet normal -0.896851 0.442333 3.09593e-18
    outer loop
      vertex -39.7123 -48.4548 0.75
      vertex -39.342 -47.704 11.25
      vertex -39.342 -47.704 0.75
    endloop
  endfacet
  facet normal -0.896851 0.442333 3.09593e-18
    outer loop
      vertex -39.342 -47.704 11.25
      vertex -39.7123 -48.4548 0.75
      vertex -39.7123 -48.4548 11.25
    endloop
  endfacet
  facet normal -0.639057 0.315128 0.701642
    outer loop
      vertex -38.6582 -47.9872 12
      vertex -39.342 -47.704 11.25
      vertex -39.0664 -48.815 12
    endloop
  endfacet
  facet normal -0.639005 0.315162 0.701673
    outer loop
      vertex -39.7123 -48.4548 11.25
      vertex -39.0664 -48.815 12
      vertex -39.342 -47.704 11.25
    endloop
  endfacet
  facet normal -0.638541 0.316046 0.701698
    outer loop
      vertex -39.0664 -48.815 12
      vertex -39.7123 -48.4548 11.25
      vertex -39.0713 -48.8249 12
    endloop
  endfacet
  facet normal -0.638622 0.316086 -0.701607
    outer loop
      vertex -38.6631 -47.9971 0
      vertex -39.342 -47.704 0.75
      vertex -38.6582 -47.9872 0
    endloop
  endfacet
  facet normal -0.639041 0.31518 -0.701632
    outer loop
      vertex -39.342 -47.704 0.75
      vertex -38.6631 -47.9971 0
      vertex -39.7123 -48.4548 0.75
    endloop
  endfacet
  facet normal -0.639037 0.315118 -0.701664
    outer loop
      vertex -39.0713 -48.8249 0
      vertex -39.7123 -48.4548 0.75
      vertex -38.6631 -47.9971 0
    endloop
  endfacet
  facet normal -0.83148 0.555554 -1.3814e-18
    outer loop
      vertex -40.1774 -49.1509 0.75
      vertex -39.7123 -48.4548 11.25
      vertex -39.7123 -48.4548 0.75
    endloop
  endfacet
  facet normal -0.83148 0.555554 -1.3814e-18
    outer loop
      vertex -39.7123 -48.4548 11.25
      vertex -40.1774 -49.1509 0.75
      vertex -40.1774 -49.1509 11.25
    endloop
  endfacet
  facet normal -0.592414 0.395869 0.701665
    outer loop
      vertex -39.0713 -48.8249 12
      vertex -39.7123 -48.4548 11.25
      vertex -39.5841 -49.5923 12
    endloop
  endfacet
  facet normal -0.592455 0.395849 0.701642
    outer loop
      vertex -40.1774 -49.1509 11.25
      vertex -39.5841 -49.5923 12
      vertex -39.7123 -48.4548 11.25
    endloop
  endfacet
  facet normal -0.593906 0.393786 0.701575
    outer loop
      vertex -39.5841 -49.5923 12
      vertex -40.1774 -49.1509 11.25
      vertex -39.5902 -49.6015 12
    endloop
  endfacet
  facet normal -0.593766 0.393693 -0.701746
    outer loop
      vertex -39.0774 -48.8341 0
      vertex -39.7123 -48.4548 0.75
      vertex -39.0713 -48.8249 0
    endloop
  endfacet
  facet normal -0.592419 0.395826 -0.701685
    outer loop
      vertex -39.7123 -48.4548 0.75
      vertex -39.0774 -48.8341 0
      vertex -40.1774 -49.1509 0.75
    endloop
  endfacet
  facet normal -0.592416 0.395871 -0.701662
    outer loop
      vertex -39.5902 -49.6015 0
      vertex -40.1774 -49.1509 0.75
      vertex -39.0774 -48.8341 0
    endloop
  endfacet
  facet normal -0.751821 0.659367 -3.13596e-18
    outer loop
      vertex -40.7294 -49.7803 0.75
      vertex -40.1774 -49.1509 11.25
      vertex -40.1774 -49.1509 0.75
    endloop
  endfacet
  facet normal -0.751821 0.659367 -3.13596e-18
    outer loop
      vertex -40.1774 -49.1509 11.25
      vertex -40.7294 -49.7803 0.75
      vertex -40.7294 -49.7803 11.25
    endloop
  endfacet
  facet normal -0.535706 0.469775 0.701663
    outer loop
      vertex -40.1774 -49.1509 11.25
      vertex -40.1987 -50.2954 12
      vertex -39.5902 -49.6015 12
    endloop
  endfacet
  facet normal -0.535662 0.46979 0.701686
    outer loop
      vertex -40.7294 -49.7803 11.25
      vertex -40.1987 -50.2954 12
      vertex -40.1774 -49.1509 11.25
    endloop
  endfacet
  facet normal -0.534982 0.470527 0.701711
    outer loop
      vertex -40.1987 -50.2954 12
      vertex -40.7294 -49.7803 11.25
      vertex -40.206 -50.3037 12
    endloop
  endfacet
  facet normal -0.535419 0.470124 -0.701648
    outer loop
      vertex -39.5974 -49.6097 0
      vertex -40.1774 -49.1509 0.75
      vertex -39.5902 -49.6015 0
    endloop
  endfacet
  facet normal -0.535683 0.469808 -0.701658
    outer loop
      vertex -40.1774 -49.1509 0.75
      vertex -39.5974 -49.6097 0
      vertex -40.7294 -49.7803 0.75
    endloop
  endfacet
  facet normal -0.53569 0.469771 -0.701678
    outer loop
      vertex -40.206 -50.3037 0
      vertex -40.7294 -49.7803 0.75
      vertex -39.5974 -49.6097 0
    endloop
  endfacet
  facet normal -0.659367 0.751821 0
    outer loop
      vertex -40.7294 -49.7803 0.75
      vertex -41.3588 -50.3323 11.25
      vertex -40.7294 -49.7803 11.25
    endloop
  endfacet
  facet normal -0.659367 0.751821 0
    outer loop
      vertex -41.3588 -50.3323 11.25
      vertex -40.7294 -49.7803 0.75
      vertex -41.3588 -50.3323 0.75
    endloop
  endfacet
  facet normal -0.469766 0.535695 0.701677
    outer loop
      vertex -40.7294 -49.7803 11.25
      vertex -40.8999 -50.9122 12
      vertex -40.206 -50.3037 12
    endloop
  endfacet
  facet normal -0.469811 0.535686 0.701654
    outer loop
      vertex -41.3588 -50.3323 11.25
      vertex -40.8999 -50.9122 12
      vertex -40.7294 -49.7803 11.25
    endloop
  endfacet
  facet normal -0.470581 0.535044 0.701628
    outer loop
      vertex -40.8999 -50.9122 12
      vertex -41.3588 -50.3323 11.25
      vertex -40.9082 -50.9195 12
    endloop
  endfacet
  facet normal -0.466966 0.538308 -0.701547
    outer loop
      vertex -40.2143 -50.3109 0
      vertex -40.7294 -49.7803 0.75
      vertex -40.206 -50.3037 0
    endloop
  endfacet
  facet normal -0.469813 0.535689 -0.70165
    outer loop
      vertex -40.7294 -49.7803 0.75
      vertex -40.2143 -50.3109 0
      vertex -41.3588 -50.3323 0.75
    endloop
  endfacet
  facet normal -0.46982 0.535669 -0.701661
    outer loop
      vertex -40.9082 -50.9195 0
      vertex -41.3588 -50.3323 0.75
      vertex -40.2143 -50.3109 0
    endloop
  endfacet
  facet normal -0.55561 0.831443 0
    outer loop
      vertex -41.3588 -50.3323 0.75
      vertex -42.0548 -50.7974 11.25
      vertex -41.3588 -50.3323 11.25
    endloop
  endfacet
  facet normal -0.55561 0.831443 0
    outer loop
      vertex -42.0548 -50.7974 11.25
      vertex -41.3588 -50.3323 0.75
      vertex -42.0548 -50.7974 0.75
    endloop
  endfacet
  facet normal -0.395871 0.592416 0.701662
    outer loop
      vertex -41.3588 -50.3323 11.25
      vertex -41.6756 -51.4323 12
      vertex -40.9082 -50.9195 12
    endloop
  endfacet
  facet normal -0.39588 0.592416 0.701657
    outer loop
      vertex -42.0548 -50.7974 11.25
      vertex -41.6756 -51.4323 12
      vertex -41.3588 -50.3323 11.25
    endloop
  endfacet
  facet normal -0.393707 0.593788 0.70172
    outer loop
      vertex -41.6756 -51.4323 12
      vertex -42.0548 -50.7974 11.25
      vertex -41.6848 -51.4384 12
    endloop
  endfacet
  facet normal -0.393786 0.593906 -0.701575
    outer loop
      vertex -40.9174 -50.9256 0
      vertex -41.3588 -50.3323 0.75
      vertex -40.9082 -50.9195 0
    endloop
  endfacet
  facet normal -0.395888 0.592427 -0.701643
    outer loop
      vertex -41.3588 -50.3323 0.75
      vertex -40.9174 -50.9256 0
      vertex -42.0548 -50.7974 0.75
    endloop
  endfacet
  facet normal -0.395884 0.592436 -0.701638
    outer loop
      vertex -41.6848 -51.4384 0
      vertex -42.0548 -50.7974 0.75
      vertex -40.9174 -50.9256 0
    endloop
  endfacet
  facet normal -0.442286 0.896874 0
    outer loop
      vertex -42.0548 -50.7974 0.75
      vertex -42.8057 -51.1677 11.25
      vertex -42.0548 -50.7974 11.25
    endloop
  endfacet
  facet normal -0.442286 0.896874 0
    outer loop
      vertex -42.8057 -51.1677 11.25
      vertex -42.0548 -50.7974 0.75
      vertex -42.8057 -51.1677 0.75
    endloop
  endfacet
  facet normal -0.315128 0.639056 0.701643
    outer loop
      vertex -42.0548 -50.7974 11.25
      vertex -42.5126 -51.8466 12
      vertex -41.6848 -51.4384 12
    endloop
  endfacet
  facet normal -0.315146 0.639057 0.701633
    outer loop
      vertex -42.8057 -51.1677 11.25
      vertex -42.5126 -51.8466 12
      vertex -42.0548 -50.7974 11.25
    endloop
  endfacet
  facet normal -0.318703 0.637406 0.701529
    outer loop
      vertex -42.5126 -51.8466 12
      vertex -42.8057 -51.1677 11.25
      vertex -42.5224 -51.8515 12
    endloop
  endfacet
  facet normal -0.313446 0.639952 -0.701579
    outer loop
      vertex -41.6946 -51.4432 0
      vertex -42.0548 -50.7974 0.75
      vertex -41.6848 -51.4384 0
    endloop
  endfacet
  facet normal -0.315148 0.639061 -0.701629
    outer loop
      vertex -42.0548 -50.7974 0.75
      vertex -41.6946 -51.4432 0
      vertex -42.8057 -51.1677 0.75
    endloop
  endfacet
  facet normal -0.315182 0.639009 -0.701661
    outer loop
      vertex -42.5224 -51.8515 0
      vertex -42.8057 -51.1677 0.75
      vertex -41.6946 -51.4432 0
    endloop
  endfacet
  facet normal -0.321455 0.946925 0
    outer loop
      vertex -42.8057 -51.1677 0.75
      vertex -43.5984 -51.4368 11.25
      vertex -42.8057 -51.1677 11.25
    endloop
  endfacet
  facet normal -0.321455 0.946925 0
    outer loop
      vertex -43.5984 -51.4368 11.25
      vertex -42.8057 -51.1677 0.75
      vertex -43.5984 -51.4368 0.75
    endloop
  endfacet
  facet normal -0.228973 0.674721 0.701657
    outer loop
      vertex -42.8057 -51.1677 11.25
      vertex -43.3964 -52.1481 12
      vertex -42.5224 -51.8515 12
    endloop
  endfacet
  facet normal -0.229055 0.674738 0.701614
    outer loop
      vertex -43.5984 -51.4368 11.25
      vertex -43.3964 -52.1481 12
      vertex -42.8057 -51.1677 11.25
    endloop
  endfacet
  facet normal -0.233122 0.673463 0.7015
    outer loop
      vertex -43.3964 -52.1481 12
      vertex -43.5984 -51.4368 11.25
      vertex -43.4068 -52.1517 12
    endloop
  endfacet
  facet normal -0.227283 0.675355 -0.701596
    outer loop
      vertex -42.5328 -51.855 0
      vertex -42.8057 -51.1677 0.75
      vertex -42.5224 -51.8515 0
    endloop
  endfacet
  facet normal -0.229045 0.674709 -0.701645
    outer loop
      vertex -42.8057 -51.1677 0.75
      vertex -42.5328 -51.855 0
      vertex -43.5984 -51.4368 0.75
    endloop
  endfacet
  facet normal -0.229046 0.674708 -0.701646
    outer loop
      vertex -43.4068 -52.1517 0
      vertex -43.5984 -51.4368 0.75
      vertex -42.5328 -51.855 0
    endloop
  endfacet
  facet normal -0.195059 0.980791 0
    outer loop
      vertex -43.5984 -51.4368 0.75
      vertex -44.4195 -51.6001 11.25
      vertex -43.5984 -51.4368 11.25
    endloop
  endfacet
  facet normal -0.195059 0.980791 0
    outer loop
      vertex -44.4195 -51.6001 11.25
      vertex -43.5984 -51.4368 0.75
      vertex -44.4195 -51.6001 0.75
    endloop
  endfacet
  facet normal -0.138952 0.69885 0.701642
    outer loop
      vertex -43.5984 -51.4368 11.25
      vertex -44.3121 -52.3317 12
      vertex -43.4068 -52.1517 12
    endloop
  endfacet
  facet normal -0.13899 0.698863 0.701621
    outer loop
      vertex -44.4195 -51.6001 11.25
      vertex -44.3121 -52.3317 12
      vertex -43.5984 -51.4368 11.25
    endloop
  endfacet
  facet normal -0.142245 0.698296 0.701534
    outer loop
      vertex -44.3121 -52.3317 12
      vertex -44.4195 -51.6001 11.25
      vertex -44.3229 -52.3339 12
    endloop
  endfacet
  facet normal -0.13602 0.699529 -0.70154
    outer loop
      vertex -43.4176 -52.1538 0
      vertex -43.5984 -51.4368 0.75
      vertex -43.4068 -52.1517 0
    endloop
  endfacet
  facet normal -0.13899 0.698864 -0.70162
    outer loop
      vertex -43.5984 -51.4368 0.75
      vertex -43.4176 -52.1538 0
      vertex -44.4195 -51.6001 0.75
    endloop
  endfacet
  facet normal -0.139025 0.698833 -0.701644
    outer loop
      vertex -44.3229 -52.3339 0
      vertex -44.4195 -51.6001 0.75
      vertex -43.4176 -52.1538 0
    endloop
  endfacet
  facet normal -0.0653455 0.997863 0
    outer loop
      vertex -44.4195 -51.6001 0.75
      vertex -45.2548 -51.6548 11.25
      vertex -44.4195 -51.6001 11.25
    endloop
  endfacet
  facet normal -0.0653455 0.997863 0
    outer loop
      vertex -45.2548 -51.6548 11.25
      vertex -44.4195 -51.6001 0.75
      vertex -45.2548 -51.6548 0.75
    endloop
  endfacet
  facet normal -0.0465512 0.711006 0.701644
    outer loop
      vertex -44.4195 -51.6001 11.25
      vertex -45.2439 -52.3942 12
      vertex -44.3229 -52.3339 12
    endloop
  endfacet
  facet normal -0.0465608 0.71101 0.701638
    outer loop
      vertex -45.2548 -51.6548 11.25
      vertex -45.2439 -52.3942 12
      vertex -44.4195 -51.6001 11.25
    endloop
  endfacet
  facet normal -0.0521668 0.710772 0.701485
    outer loop
      vertex -45.2439 -52.3942 12
      vertex -45.2548 -51.6548 11.25
      vertex -45.2548 -52.395 12
    endloop
  endfacet
  facet normal -0.0456665 0.711092 -0.701614
    outer loop
      vertex -44.3338 -52.3346 0
      vertex -44.4195 -51.6001 0.75
      vertex -44.3229 -52.3339 0
    endloop
  endfacet
  facet normal -0.0465609 0.711011 -0.701637
    outer loop
      vertex -44.4195 -51.6001 0.75
      vertex -44.3338 -52.3346 0
      vertex -45.2548 -51.6548 0.75
    endloop
  endfacet
  facet normal -0.0466259 0.710967 -0.701677
    outer loop
      vertex -44.3338 -52.3346 0
      vertex -45.2548 -52.395 0
      vertex -45.2548 -51.6548 0.75
    endloop
  endfacet
  facet normal 0.0653377 0.997863 -0
    outer loop
      vertex -45.2548 -51.6548 0.75
      vertex -46.0902 -51.6001 11.25
      vertex -45.2548 -51.6548 11.25
    endloop
  endfacet
  facet normal 0.0653377 0.997863 0
    outer loop
      vertex -46.0902 -51.6001 11.25
      vertex -45.2548 -51.6548 0.75
      vertex -46.0902 -51.6001 0.75
    endloop
  endfacet
  facet normal 0.0466259 0.710967 0.701677
    outer loop
      vertex -45.2548 -51.6548 11.25
      vertex -46.1758 -52.3346 12
      vertex -45.2548 -52.395 12
    endloop
  endfacet
  facet normal 0.0465556 0.711015 0.701634
    outer loop
      vertex -46.0902 -51.6001 11.25
      vertex -46.1758 -52.3346 12
      vertex -45.2548 -51.6548 11.25
    endloop
  endfacet
  facet normal 0.0452539 0.711132 0.7016
    outer loop
      vertex -46.1758 -52.3346 12
      vertex -46.0902 -51.6001 11.25
      vertex -46.1868 -52.3339 12
    endloop
  endfacet
  facet normal 0.0516938 0.71079 -0.701502
    outer loop
      vertex -45.2658 -52.3942 0
      vertex -45.2548 -51.6548 0.75
      vertex -45.2548 -52.395 0
    endloop
  endfacet
  facet normal 0.0465551 0.711008 -0.701642
    outer loop
      vertex -45.2548 -51.6548 0.75
      vertex -45.2658 -52.3942 0
      vertex -46.0902 -51.6001 0.75
    endloop
  endfacet
  facet normal 0.0465512 0.711006 -0.701644
    outer loop
      vertex -45.2658 -52.3942 0
      vertex -46.1868 -52.3339 0
      vertex -46.0902 -51.6001 0.75
    endloop
  endfacet
  facet normal 0.195204 0.980763 -0.000474548
    outer loop
      vertex -46.0902 -51.6001 11.25
      vertex -46.9113 -51.4368 10.9898
      vertex -46.6072 -51.4972 11.25
    endloop
  endfacet
  facet normal 0.195059 0.980791 5.53148e-19
    outer loop
      vertex -46.0902 -51.6001 11.25
      vertex -46.9113 -51.4368 1.01018
      vertex -46.9113 -51.4368 10.9898
    endloop
  endfacet
  facet normal 0.195059 0.980791 -0
    outer loop
      vertex -46.0902 -51.6001 0.75
      vertex -46.9113 -51.4368 1.01018
      vertex -46.0902 -51.6001 11.25
    endloop
  endfacet
  facet normal 0.195204 0.980763 0.000474585
    outer loop
      vertex -46.9113 -51.4368 1.01018
      vertex -46.0902 -51.6001 0.75
      vertex -46.6072 -51.4972 0.75
    endloop
  endfacet
  facet normal 0.139075 0.698824 0.701643
    outer loop
      vertex -46.5045 -51.8291 11.5602
      vertex -46.1868 -52.3339 12
      vertex -46.0902 -51.6001 11.25
    endloop
  endfacet
  facet normal 0.139288 0.698877 0.701549
    outer loop
      vertex -46.1868 -52.3339 12
      vertex -46.5045 -51.8291 11.5602
      vertex -46.3589 -52.2996 12
    endloop
  endfacet
  facet normal 0.139087 0.698814 0.701651
    outer loop
      vertex -46.0902 -51.6001 11.25
      vertex -46.6072 -51.4972 11.25
      vertex -46.5045 -51.8291 11.5602
    endloop
  endfacet
  facet normal 0.142612 0.700094 -0.699665
    outer loop
      vertex -46.445 -52.0215 0.259963
      vertex -46.1868 -52.3339 0
      vertex -46.1976 -52.3317 0
    endloop
  endfacet
  facet normal 0.139083 0.698823 -0.701642
    outer loop
      vertex -46.1868 -52.3339 0
      vertex -46.445 -52.0215 0.259963
      vertex -46.0902 -51.6001 0.75
    endloop
  endfacet
  facet normal 0.139088 0.698821 -0.701644
    outer loop
      vertex -46.0902 -51.6001 0.75
      vertex -46.445 -52.0215 0.259963
      vertex -46.6072 -51.4972 0.75
    endloop
  endfacet
  facet normal 0.139084 0.698885 -0.70158
    outer loop
      vertex -46.3589 -52.2996 0
      vertex -46.445 -52.0215 0.259963
      vertex -46.1976 -52.3317 0
    endloop
  endfacet
  facet normal 0.322674 0.94651 3.24706e-20
    outer loop
      vertex -46.9113 -51.4368 10.9898
      vertex -46.9641 -51.4188 1.06065
      vertex -46.9641 -51.4188 10.9393
    endloop
  endfacet
  facet normal 0.322674 0.94651 3.21421e-20
    outer loop
      vertex -46.9641 -51.4188 1.06065
      vertex -46.9113 -51.4368 10.9898
      vertex -46.9113 -51.4368 1.01018
    endloop
  endfacet
  facet normal 0.94651 0.322674 3.21421e-20
    outer loop
      vertex -51.4188 -46.9641 10.9393
      vertex -51.4368 -46.9113 1.01018
      vertex -51.4368 -46.9113 10.9898
    endloop
  endfacet
  facet normal 0.94651 0.322674 3.24706e-20
    outer loop
      vertex -51.4368 -46.9113 1.01018
      vertex -51.4188 -46.9641 10.9393
      vertex -51.4188 -46.9641 1.06065
    endloop
  endfacet
  facet normal 0.980763 0.195204 -0.000474548
    outer loop
      vertex -51.4368 -46.9113 10.9898
      vertex -51.6001 -46.0902 11.25
      vertex -51.4972 -46.6072 11.25
    endloop
  endfacet
  facet normal 0.980791 0.195059 0
    outer loop
      vertex -51.6001 -46.0902 11.25
      vertex -51.4368 -46.9113 10.9898
      vertex -51.6001 -46.0902 0.75
    endloop
  endfacet
  facet normal 0.980791 0.195059 -0
    outer loop
      vertex -51.4368 -46.9113 1.01018
      vertex -51.6001 -46.0902 0.75
      vertex -51.4368 -46.9113 10.9898
    endloop
  endfacet
  facet normal 0.980763 0.195204 0.000474585
    outer loop
      vertex -51.6001 -46.0902 0.75
      vertex -51.4368 -46.9113 1.01018
      vertex -51.4972 -46.6072 0.75
    endloop
  endfacet
  facet normal 0.698934 0.139094 0.70153
    outer loop
      vertex -52.0215 -46.445 11.74
      vertex -52.3317 -46.1976 12
      vertex -52.2996 -46.3589 12
    endloop
  endfacet
  facet normal 0.698795 0.139083 0.701671
    outer loop
      vertex -51.6001 -46.0902 11.25
      vertex -52.0215 -46.445 11.74
      vertex -51.4972 -46.6072 11.25
    endloop
  endfacet
  facet normal 0.698837 0.138997 0.701645
    outer loop
      vertex -52.3339 -46.1868 12
      vertex -52.0215 -46.445 11.74
      vertex -51.6001 -46.0902 11.25
    endloop
  endfacet
  facet normal 0.700142 0.142622 0.699614
    outer loop
      vertex -52.0215 -46.445 11.74
      vertex -52.3339 -46.1868 12
      vertex -52.3317 -46.1976 12
    endloop
  endfacet
  facet normal 0.698788 0.139082 -0.701677
    outer loop
      vertex -51.4972 -46.6072 0.75
      vertex -51.8291 -46.5045 0.439823
      vertex -51.6001 -46.0902 0.75
    endloop
  endfacet
  facet normal 0.698895 0.139292 -0.70153
    outer loop
      vertex -52.3339 -46.1868 0
      vertex -51.8291 -46.5045 0.439823
      vertex -52.2996 -46.3589 0
    endloop
  endfacet
  facet normal 0.698831 0.139033 -0.701644
    outer loop
      vertex -51.8291 -46.5045 0.439823
      vertex -52.3339 -46.1868 0
      vertex -51.6001 -46.0902 0.75
    endloop
  endfacet
  facet normal 0.997863 0.0653377 -1.5186e-19
    outer loop
      vertex -51.6001 -46.0902 11.25
      vertex -51.6548 -45.2548 0.75
      vertex -51.6548 -45.2548 11.25
    endloop
  endfacet
  facet normal 0.997863 0.0653377 -1.5186e-19
    outer loop
      vertex -51.6548 -45.2548 0.75
      vertex -51.6001 -46.0902 11.25
      vertex -51.6001 -46.0902 0.75
    endloop
  endfacet
  facet normal 0.711006 0.0465512 0.701644
    outer loop
      vertex -51.6001 -46.0902 11.25
      vertex -52.3942 -45.2658 12
      vertex -52.3339 -46.1868 12
    endloop
  endfacet
  facet normal 0.71079 0.0516938 0.701502
    outer loop
      vertex -52.3942 -45.2658 12
      vertex -51.6548 -45.2548 11.25
      vertex -52.395 -45.2548 12
    endloop
  endfacet
  facet normal 0.711008 0.0465551 0.701642
    outer loop
      vertex -51.6548 -45.2548 11.25
      vertex -52.3942 -45.2658 12
      vertex -51.6001 -46.0902 11.25
    endloop
  endfacet
  facet normal 0.711015 0.0465556 -0.701634
    outer loop
      vertex -51.6001 -46.0902 0.75
      vertex -52.3346 -46.1758 0
      vertex -51.6548 -45.2548 0.75
    endloop
  endfacet
  facet normal 0.711132 0.0452539 -0.7016
    outer loop
      vertex -52.3346 -46.1758 0
      vertex -51.6001 -46.0902 0.75
      vertex -52.3339 -46.1868 0
    endloop
  endfacet
  facet normal 0.710967 0.0466259 -0.701677
    outer loop
      vertex -52.3346 -46.1758 0
      vertex -52.395 -45.2548 0
      vertex -51.6548 -45.2548 0.75
    endloop
  endfacet
  facet normal 0.997863 -0.0653455 2.66365e-19
    outer loop
      vertex -51.6548 -45.2548 11.25
      vertex -51.6001 -44.4195 0.75
      vertex -51.6001 -44.4195 11.25
    endloop
  endfacet
  facet normal 0.997863 -0.0653455 2.66365e-19
    outer loop
      vertex -51.6001 -44.4195 0.75
      vertex -51.6548 -45.2548 11.25
      vertex -51.6548 -45.2548 0.75
    endloop
  endfacet
  facet normal 0.710967 -0.0466259 0.701677
    outer loop
      vertex -52.3346 -44.3338 12
      vertex -52.395 -45.2548 12
      vertex -51.6548 -45.2548 11.25
    endloop
  endfacet
  facet normal 0.711092 -0.0456665 0.701614
    outer loop
      vertex -52.3346 -44.3338 12
      vertex -51.6001 -44.4195 11.25
      vertex -52.3339 -44.3229 12
    endloop
  endfacet
  facet normal 0.711011 -0.0465609 0.701637
    outer loop
      vertex -51.6001 -44.4195 11.25
      vertex -52.3346 -44.3338 12
      vertex -51.6548 -45.2548 11.25
    endloop
  endfacet
  facet normal 0.71101 -0.0465608 -0.701638
    outer loop
      vertex -51.6548 -45.2548 0.75
      vertex -52.3942 -45.2439 0
      vertex -51.6001 -44.4195 0.75
    endloop
  endfacet
  facet normal 0.710772 -0.0521668 -0.701485
    outer loop
      vertex -52.3942 -45.2439 0
      vertex -51.6548 -45.2548 0.75
      vertex -52.395 -45.2548 0
    endloop
  endfacet
  facet normal 0.711006 -0.0465512 -0.701644
    outer loop
      vertex -51.6001 -44.4195 0.75
      vertex -52.3942 -45.2439 0
      vertex -52.3339 -44.3229 0
    endloop
  endfacet
  facet normal 0.980791 -0.195059 9.09628e-20
    outer loop
      vertex -51.6001 -44.4195 11.25
      vertex -51.4368 -43.5984 0.75
      vertex -51.4368 -43.5984 11.25
    endloop
  endfacet
  facet normal 0.980791 -0.195059 9.09628e-20
    outer loop
      vertex -51.4368 -43.5984 0.75
      vertex -51.6001 -44.4195 11.25
      vertex -51.6001 -44.4195 0.75
    endloop
  endfacet
  facet normal 0.698833 -0.139025 0.701644
    outer loop
      vertex -52.1538 -43.4176 12
      vertex -52.3339 -44.3229 12
      vertex -51.6001 -44.4195 11.25
    endloop
  endfacet
  facet normal 0.699529 -0.13602 0.70154
    outer loop
      vertex -52.1538 -43.4176 12
      vertex -51.4368 -43.5984 11.25
      vertex -52.1517 -43.4068 12
    endloop
  endfacet
  facet normal 0.698864 -0.13899 0.70162
    outer loop
      vertex -51.4368 -43.5984 11.25
      vertex -52.1538 -43.4176 12
      vertex -51.6001 -44.4195 11.25
    endloop
  endfacet
  facet normal 0.698863 -0.13899 -0.701621
    outer loop
      vertex -51.6001 -44.4195 0.75
      vertex -52.3317 -44.3121 0
      vertex -51.4368 -43.5984 0.75
    endloop
  endfacet
  facet normal 0.698296 -0.142245 -0.701534
    outer loop
      vertex -52.3317 -44.3121 0
      vertex -51.6001 -44.4195 0.75
      vertex -52.3339 -44.3229 0
    endloop
  endfacet
  facet normal 0.69885 -0.138952 -0.701642
    outer loop
      vertex -51.4368 -43.5984 0.75
      vertex -52.3317 -44.3121 0
      vertex -52.1517 -43.4068 0
    endloop
  endfacet
  facet normal 0.946925 -0.321455 1.22884e-18
    outer loop
      vertex -51.4368 -43.5984 11.25
      vertex -51.1677 -42.8057 0.75
      vertex -51.1677 -42.8057 11.25
    endloop
  endfacet
  facet normal 0.946925 -0.321455 1.22884e-18
    outer loop
      vertex -51.1677 -42.8057 0.75
      vertex -51.4368 -43.5984 11.25
      vertex -51.4368 -43.5984 0.75
    endloop
  endfacet
  facet normal 0.674708 -0.229046 0.701646
    outer loop
      vertex -51.855 -42.5328 12
      vertex -52.1517 -43.4068 12
      vertex -51.4368 -43.5984 11.25
    endloop
  endfacet
  facet normal 0.675355 -0.227283 0.701596
    outer loop
      vertex -51.855 -42.5328 12
      vertex -51.1677 -42.8057 11.25
      vertex -51.8515 -42.5224 12
    endloop
  endfacet
  facet normal 0.674709 -0.229045 0.701645
    outer loop
      vertex -51.1677 -42.8057 11.25
      vertex -51.855 -42.5328 12
      vertex -51.4368 -43.5984 11.25
    endloop
  endfacet
  facet normal 0.674738 -0.229055 -0.701614
    outer loop
      vertex -51.4368 -43.5984 0.75
      vertex -52.1481 -43.3964 0
      vertex -51.1677 -42.8057 0.75
    endloop
  endfacet
  facet normal 0.673463 -0.233122 -0.7015
    outer loop
      vertex -52.1481 -43.3964 0
      vertex -51.4368 -43.5984 0.75
      vertex -52.1517 -43.4068 0
    endloop
  endfacet
  facet normal 0.674721 -0.228973 -0.701657
    outer loop
      vertex -51.1677 -42.8057 0.75
      vertex -52.1481 -43.3964 0
      vertex -51.8515 -42.5224 0
    endloop
  endfacet
  facet normal 0.896874 -0.442286 1.43372e-18
    outer loop
      vertex -51.1677 -42.8057 11.25
      vertex -50.7974 -42.0548 0.75
      vertex -50.7974 -42.0548 11.25
    endloop
  endfacet
  facet normal 0.896874 -0.442286 1.43372e-18
    outer loop
      vertex -50.7974 -42.0548 0.75
      vertex -51.1677 -42.8057 11.25
      vertex -51.1677 -42.8057 0.75
    endloop
  endfacet
  facet normal 0.639009 -0.315182 0.701661
    outer loop
      vertex -51.4432 -41.6946 12
      vertex -51.8515 -42.5224 12
      vertex -51.1677 -42.8057 11.25
    endloop
  endfacet
  facet normal 0.639952 -0.313446 0.701579
    outer loop
      vertex -51.4432 -41.6946 12
      vertex -50.7974 -42.0548 11.25
      vertex -51.4384 -41.6848 12
    endloop
  endfacet
  facet normal 0.639061 -0.315148 0.701629
    outer loop
      vertex -50.7974 -42.0548 11.25
      vertex -51.4432 -41.6946 12
      vertex -51.1677 -42.8057 11.25
    endloop
  endfacet
  facet normal 0.639057 -0.315146 -0.701633
    outer loop
      vertex -51.1677 -42.8057 0.75
      vertex -51.8466 -42.5126 0
      vertex -50.7974 -42.0548 0.75
    endloop
  endfacet
  facet normal 0.637406 -0.318703 -0.701529
    outer loop
      vertex -51.8466 -42.5126 0
      vertex -51.1677 -42.8057 0.75
      vertex -51.8515 -42.5224 0
    endloop
  endfacet
  facet normal 0.639056 -0.315128 -0.701643
    outer loop
      vertex -50.7974 -42.0548 0.75
      vertex -51.8466 -42.5126 0
      vertex -51.4384 -41.6848 0
    endloop
  endfacet
  facet normal 0.831443 -0.55561 -3.07145e-18
    outer loop
      vertex -50.7974 -42.0548 11.25
      vertex -50.3323 -41.3588 0.75
      vertex -50.3323 -41.3588 11.25
    endloop
  endfacet
  facet normal 0.831443 -0.55561 -3.07145e-18
    outer loop
      vertex -50.3323 -41.3588 0.75
      vertex -50.7974 -42.0548 11.25
      vertex -50.7974 -42.0548 0.75
    endloop
  endfacet
  facet normal 0.592436 -0.395884 0.701638
    outer loop
      vertex -50.9256 -40.9174 12
      vertex -51.4384 -41.6848 12
      vertex -50.7974 -42.0548 11.25
    endloop
  endfacet
  facet normal 0.593906 -0.393786 0.701575
    outer loop
      vertex -50.9256 -40.9174 12
      vertex -50.3323 -41.3588 11.25
      vertex -50.9195 -40.9082 12
    endloop
  endfacet
  facet normal 0.592427 -0.395888 0.701643
    outer loop
      vertex -50.3323 -41.3588 11.25
      vertex -50.9256 -40.9174 12
      vertex -50.7974 -42.0548 11.25
    endloop
  endfacet
  facet normal 0.592416 -0.39588 -0.701657
    outer loop
      vertex -50.7974 -42.0548 0.75
      vertex -51.4323 -41.6756 0
      vertex -50.3323 -41.3588 0.75
    endloop
  endfacet
  facet normal 0.593788 -0.393707 -0.70172
    outer loop
      vertex -51.4323 -41.6756 0
      vertex -50.7974 -42.0548 0.75
      vertex -51.4384 -41.6848 0
    endloop
  endfacet
  facet normal 0.592416 -0.395871 -0.701662
    outer loop
      vertex -50.3323 -41.3588 0.75
      vertex -51.4323 -41.6756 0
      vertex -50.9195 -40.9082 0
    endloop
  endfacet
  facet normal 0.751821 -0.659367 -9.62063e-19
    outer loop
      vertex -50.3323 -41.3588 11.25
      vertex -49.7803 -40.7294 0.75
      vertex -49.7803 -40.7294 11.25
    endloop
  endfacet
  facet normal 0.751821 -0.659367 -9.62063e-19
    outer loop
      vertex -49.7803 -40.7294 0.75
      vertex -50.3323 -41.3588 11.25
      vertex -50.3323 -41.3588 0.75
    endloop
  endfacet
  facet normal 0.535669 -0.46982 0.701661
    outer loop
      vertex -50.3109 -40.2143 12
      vertex -50.9195 -40.9082 12
      vertex -50.3323 -41.3588 11.25
    endloop
  endfacet
  facet normal 0.538308 -0.466966 0.701547
    outer loop
      vertex -50.3109 -40.2143 12
      vertex -49.7803 -40.7294 11.25
      vertex -50.3037 -40.206 12
    endloop
  endfacet
  facet normal 0.535689 -0.469813 0.70165
    outer loop
      vertex -49.7803 -40.7294 11.25
      vertex -50.3109 -40.2143 12
      vertex -50.3323 -41.3588 11.25
    endloop
  endfacet
  facet normal 0.535686 -0.469811 -0.701654
    outer loop
      vertex -50.3323 -41.3588 0.75
      vertex -50.9122 -40.8999 0
      vertex -49.7803 -40.7294 0.75
    endloop
  endfacet
  facet normal 0.535044 -0.470581 -0.701628
    outer loop
      vertex -50.9122 -40.8999 0
      vertex -50.3323 -41.3588 0.75
      vertex -50.9195 -40.9082 0
    endloop
  endfacet
  facet normal 0.535695 -0.469766 -0.701677
    outer loop
      vertex -49.7803 -40.7294 0.75
      vertex -50.9122 -40.8999 0
      vertex -50.3037 -40.206 0
    endloop
  endfacet
  facet normal 0.702074 -0.712104 3.16508e-20
    outer loop
      vertex -56.7175 -50.7627 10.9493
      vertex -56.7104 -50.7557 1.04066
      vertex -56.7104 -50.7557 10.9593
    endloop
  endfacet
  facet normal 0.702074 -0.712104 3.17147e-20
    outer loop
      vertex -56.7104 -50.7557 1.04066
      vertex -56.7175 -50.7627 10.9493
      vertex -56.7175 -50.7627 1.05065
    endloop
  endfacet
  facet normal -0.712104 0.702074 3.16508e-20
    outer loop
      vertex -50.7627 -56.7175 1.05065
      vertex -50.7557 -56.7104 10.9593
      vertex -50.7557 -56.7104 1.04066
    endloop
  endfacet
  facet normal -0.712104 0.702074 3.17147e-20
    outer loop
      vertex -50.7557 -56.7104 10.9593
      vertex -50.7627 -56.7175 1.05065
      vertex -50.7627 -56.7175 10.9493
    endloop
  endfacet
  facet normal 0 -1 0
    outer loop
      vertex -56.7104 -50.7557 10.9593
      vertex -55.2104 -50.7557 10.9393
      vertex -55.971 -50.7557 11.4822
    endloop
  endfacet
  facet normal 0 -1 0
    outer loop
      vertex -56.7104 -50.7557 10.9593
      vertex -55.2104 -50.7557 1.06065
      vertex -55.2104 -50.7557 10.9393
    endloop
  endfacet
  facet normal 0 -1 0
    outer loop
      vertex -56.7104 -50.7557 1.04066
      vertex -55.2104 -50.7557 1.06065
      vertex -56.7104 -50.7557 10.9593
    endloop
  endfacet
  facet normal 0 -1 0
    outer loop
      vertex -55.2104 -50.7557 1.06065
      vertex -56.7104 -50.7557 1.04066
      vertex -55.971 -50.7557 0.517789
    endloop
  endfacet
  facet normal -1 0 0
    outer loop
      vertex -50.7557 -56.7104 1.04066
      vertex -50.7557 -55.2104 1.06065
      vertex -50.7557 -55.971 0.517789
    endloop
  endfacet
  facet normal -1 -0 0
    outer loop
      vertex -50.7557 -55.2104 1.06065
      vertex -50.7557 -56.7104 1.04066
      vertex -50.7557 -55.2104 10.9393
    endloop
  endfacet
  facet normal -1 0 0
    outer loop
      vertex -50.7557 -56.7104 10.9593
      vertex -50.7557 -55.2104 10.9393
      vertex -50.7557 -56.7104 1.04066
    endloop
  endfacet
  facet normal -1 0 0
    outer loop
      vertex -50.7557 -55.2104 10.9393
      vertex -50.7557 -56.7104 10.9593
      vertex -50.7557 -55.971 11.4822
    endloop
  endfacet
  facet normal -3.76651e-05 -0.945364 0.326016
    outer loop
      vertex -76 15.225 9.10999
      vertex -74.9493 16.2216 12
      vertex -76 15.8593 10.9493
    endloop
  endfacet
  facet normal 0 -0.945368 0.326004
    outer loop
      vertex -6.3064 15.225 9.10999
      vertex -74.9493 16.2216 12
      vertex -76 15.225 9.10999
    endloop
  endfacet
  facet normal 0 -0.945368 0.326004
    outer loop
      vertex -74.9493 16.2216 12
      vertex -6.3064 15.225 9.10999
      vertex -6.71919 16.2216 12
    endloop
  endfacet
  facet normal 5.966e-19 -0.945368 0.326004
    outer loop
      vertex 76 15.225 9.10999
      vertex 74.9493 16.2216 12
      vertex 39.1623 16.2216 12
    endloop
  endfacet
  facet normal 0 -0.945368 0.326004
    outer loop
      vertex 76 15.225 9.10999
      vertex 39.1623 16.2216 12
      vertex 36.7564 15.225 9.10999
    endloop
  endfacet
  facet normal 3.76651e-05 -0.945364 0.326016
    outer loop
      vertex 74.9493 16.2216 12
      vertex 76 15.225 9.10999
      vertex 76 15.8593 10.9493
    endloop
  endfacet
  facet normal 0 -0.945368 0.326004
    outer loop
      vertex 30.0389 15.225 9.10999
      vertex 2.81702 16.2216 12
      vertex 0.411111 15.225 9.10999
    endloop
  endfacet
  facet normal 0 -0.945368 0.326004
    outer loop
      vertex 2.81702 16.2216 12
      vertex 30.0389 15.225 9.10999
      vertex 29.6261 16.2216 12
    endloop
  endfacet
  facet normal -0 0 1
    outer loop
      vertex -76 -10.475 9.10999
      vertex -36.7564 -15.225 9.10999
      vertex -32.0064 -10.475 9.10999
    endloop
  endfacet
  facet normal 0 0 1
    outer loop
      vertex -36.7564 -15.225 9.10999
      vertex -76 -10.475 9.10999
      vertex -76 -15.225 9.10999
    endloop
  endfacet
  facet normal -0 0 1
    outer loop
      vertex -76 15.225 9.10999
      vertex -11.0564 10.475 9.10999
      vertex -6.3064 15.225 9.10999
    endloop
  endfacet
  facet normal 0 0 1
    outer loop
      vertex -11.0564 10.475 9.10999
      vertex -76 15.225 9.10999
      vertex -76 10.475 9.10999
    endloop
  endfacet
  facet normal -0 0 1
    outer loop
      vertex -25.2889 -10.475 9.10999
      vertex -0.411117 -15.225 9.10999
      vertex 4.33888 -10.475 9.10999
    endloop
  endfacet
  facet normal 0 0 1
    outer loop
      vertex -0.411117 -15.225 9.10999
      vertex -25.2889 -10.475 9.10999
      vertex -30.0389 -15.225 9.10999
    endloop
  endfacet
  facet normal 0 0 1
    outer loop
      vertex 42.9744 64.5058 9.10999
      vertex 0.411111 15.225 9.10999
      vertex 46.3332 61.1471 9.10999
    endloop
  endfacet
  facet normal 0 0 1
    outer loop
      vertex -6.3064 15.225 9.10999
      vertex 0.411111 15.225 9.10999
      vertex 42.9744 64.5058 9.10999
    endloop
  endfacet
  facet normal 0 0 1
    outer loop
      vertex 0.411111 15.225 9.10999
      vertex -6.3064 15.225 9.10999
      vertex -4.33889 10.475 9.10999
    endloop
  endfacet
  facet normal 0 0 1
    outer loop
      vertex -11.0564 10.475 9.10999
      vertex -4.33889 10.475 9.10999
      vertex -6.3064 15.225 9.10999
    endloop
  endfacet
  facet normal -0 0 1
    outer loop
      vertex -11.0564 10.475 9.10999
      vertex -25.2889 -10.475 9.10999
      vertex -4.33889 10.475 9.10999
    endloop
  endfacet
  facet normal 0 0 1
    outer loop
      vertex -32.0064 -10.475 9.10999
      vertex -25.2889 -10.475 9.10999
      vertex -11.0564 10.475 9.10999
    endloop
  endfacet
  facet normal 0 0 1
    outer loop
      vertex -25.2889 -10.475 9.10999
      vertex -32.0064 -10.475 9.10999
      vertex -30.0389 -15.225 9.10999
    endloop
  endfacet
  facet normal 0 0 1
    outer loop
      vertex -36.7564 -15.225 9.10999
      vertex -30.0389 -15.225 9.10999
      vertex -32.0064 -10.475 9.10999
    endloop
  endfacet
  facet normal -0 0 1
    outer loop
      vertex -36.7564 -15.225 9.10999
      vertex -61.1471 -46.3332 9.10999
      vertex -30.0389 -15.225 9.10999
    endloop
  endfacet
  facet normal 0 -0 1
    outer loop
      vertex -61.1471 -46.3332 9.10999
      vertex -36.7564 -15.225 9.10999
      vertex -64.5058 -42.9744 9.10999
    endloop
  endfacet
  facet normal -0 0 1
    outer loop
      vertex 0.411111 15.225 9.10999
      vertex 25.2889 10.475 9.10999
      vertex 30.0389 15.225 9.10999
    endloop
  endfacet
  facet normal 0 0 1
    outer loop
      vertex 25.2889 10.475 9.10999
      vertex 0.411111 15.225 9.10999
      vertex -4.33889 10.475 9.10999
    endloop
  endfacet
  facet normal 0 0 1
    outer loop
      vertex 61.1471 46.3332 9.10999
      vertex 36.7564 15.225 9.10999
      vertex 64.5058 42.9744 9.10999
    endloop
  endfacet
  facet normal 0 0 1
    outer loop
      vertex 30.0389 15.225 9.10999
      vertex 36.7564 15.225 9.10999
      vertex 61.1471 46.3332 9.10999
    endloop
  endfacet
  facet normal 0 0 1
    outer loop
      vertex 36.7564 15.225 9.10999
      vertex 30.0389 15.225 9.10999
      vertex 32.0064 10.475 9.10999
    endloop
  endfacet
  facet normal 0 0 1
    outer loop
      vertex 25.2889 10.475 9.10999
      vertex 32.0064 10.475 9.10999
      vertex 30.0389 15.225 9.10999
    endloop
  endfacet
  facet normal -0 0 1
    outer loop
      vertex 25.2889 10.475 9.10999
      vertex 11.0564 -10.475 9.10999
      vertex 32.0064 10.475 9.10999
    endloop
  endfacet
  facet normal 0 0 1
    outer loop
      vertex 4.33888 -10.475 9.10999
      vertex 11.0564 -10.475 9.10999
      vertex 25.2889 10.475 9.10999
    endloop
  endfacet
  facet normal 0 0 1
    outer loop
      vertex 11.0564 -10.475 9.10999
      vertex 4.33888 -10.475 9.10999
      vertex 6.3064 -15.225 9.10999
    endloop
  endfacet
  facet normal 0 0 1
    outer loop
      vertex -0.411117 -15.225 9.10999
      vertex 6.3064 -15.225 9.10999
      vertex 4.33888 -10.475 9.10999
    endloop
  endfacet
  facet normal -0 0 1
    outer loop
      vertex -0.411117 -15.225 9.10999
      vertex -42.9744 -64.5058 9.10999
      vertex 6.3064 -15.225 9.10999
    endloop
  endfacet
  facet normal 0 -0 1
    outer loop
      vertex -42.9744 -64.5058 9.10999
      vertex -0.411117 -15.225 9.10999
      vertex -46.3332 -61.1471 9.10999
    endloop
  endfacet
  facet normal -0 0 1
    outer loop
      vertex 36.7564 15.225 9.10999
      vertex 76 10.475 9.10999
      vertex 76 15.225 9.10999
    endloop
  endfacet
  facet normal 0 0 1
    outer loop
      vertex 76 10.475 9.10999
      vertex 36.7564 15.225 9.10999
      vertex 32.0064 10.475 9.10999
    endloop
  endfacet
  facet normal -0 0 1
    outer loop
      vertex 11.0564 -10.475 9.10999
      vertex 76 -15.225 9.10999
      vertex 76 -10.475 9.10999
    endloop
  endfacet
  facet normal 0 0 1
    outer loop
      vertex 76 -15.225 9.10999
      vertex 11.0564 -10.475 9.10999
      vertex 6.3064 -15.225 9.10999
    endloop
  endfacet
  facet normal 4.40681e-19 0.945374 0.325989
    outer loop
      vertex -76 10.475 9.10999
      vertex -74.9493 9.47845 12
      vertex -13.4623 9.47845 12
    endloop
  endfacet
  facet normal -0 0.945374 0.325989
    outer loop
      vertex -76 10.475 9.10999
      vertex -13.4623 9.47845 12
      vertex -11.0564 10.475 9.10999
    endloop
  endfacet
  facet normal -2.61037e-05 0.945371 0.325998
    outer loop
      vertex -74.9493 9.47845 12
      vertex -76 10.475 9.10999
      vertex -76 9.84074 10.9493
    endloop
  endfacet
  facet normal 2.61037e-05 0.945371 0.325998
    outer loop
      vertex 76 10.475 9.10999
      vertex 74.9493 9.47845 12
      vertex 76 9.84074 10.9493
    endloop
  endfacet
  facet normal -0 0.945374 0.325989
    outer loop
      vertex 32.0064 10.475 9.10999
      vertex 74.9493 9.47845 12
      vertex 76 10.475 9.10999
    endloop
  endfacet
  facet normal 0 0.945374 0.325989
    outer loop
      vertex 74.9493 9.47845 12
      vertex 32.0064 10.475 9.10999
      vertex 32.4192 9.47845 12
    endloop
  endfacet
  facet normal -0 0.945374 0.325989
    outer loop
      vertex -4.33889 10.475 9.10999
      vertex 22.883 9.47845 12
      vertex 25.2889 10.475 9.10999
    endloop
  endfacet
  facet normal 0 0.945374 0.325989
    outer loop
      vertex 22.883 9.47845 12
      vertex -4.33889 10.475 9.10999
      vertex -3.9261 9.47845 12
    endloop
  endfacet
  facet normal -2.22459e-05 -0.945369 0.326002
    outer loop
      vertex -76 -10.475 9.10999
      vertex -74.9493 -9.47843 12
      vertex -76 -9.84073 10.9493
    endloop
  endfacet
  facet normal 0 -0.945371 0.325995
    outer loop
      vertex -32.0064 -10.475 9.10999
      vertex -74.9493 -9.47843 12
      vertex -76 -10.475 9.10999
    endloop
  endfacet
  facet normal 0 -0.945371 0.325995
    outer loop
      vertex -74.9493 -9.47843 12
      vertex -32.0064 -10.475 9.10999
      vertex -32.4192 -9.47843 12
    endloop
  endfacet
  facet normal 4.98361e-19 -0.945371 0.325995
    outer loop
      vertex 76 -10.475 9.10999
      vertex 74.9493 -9.47843 12
      vertex 13.4623 -9.47843 12
    endloop
  endfacet
  facet normal 0 -0.945371 0.325995
    outer loop
      vertex 76 -10.475 9.10999
      vertex 13.4623 -9.47843 12
      vertex 11.0564 -10.475 9.10999
    endloop
  endfacet
  facet normal 2.22459e-05 -0.945369 0.326002
    outer loop
      vertex 74.9493 -9.47843 12
      vertex 76 -10.475 9.10999
      vertex 76 -9.84073 10.9493
    endloop
  endfacet
  facet normal 0 -0.945371 0.325995
    outer loop
      vertex 4.33888 -10.475 9.10999
      vertex -22.883 -9.47843 12
      vertex -25.2889 -10.475 9.10999
    endloop
  endfacet
  facet normal 0 -0.945371 0.325995
    outer loop
      vertex -22.883 -9.47843 12
      vertex 4.33888 -10.475 9.10999
      vertex 3.92609 -9.47843 12
    endloop
  endfacet
  facet normal -1.95037e-18 0.945379 0.325975
    outer loop
      vertex -76 -15.225 9.10999
      vertex -74.9493 -16.2215 12
      vertex -39.1623 -16.2215 12
    endloop
  endfacet
  facet normal -0 0.945379 0.325975
    outer loop
      vertex -76 -15.225 9.10999
      vertex -39.1623 -16.2215 12
      vertex -36.7564 -15.225 9.10999
    endloop
  endfacet
  facet normal -0.00012764 0.945364 0.326016
    outer loop
      vertex -74.9493 -16.2215 12
      vertex -76 -15.225 9.10999
      vertex -76 -15.8593 10.9493
    endloop
  endfacet
  facet normal 0.00012764 0.945364 0.326016
    outer loop
      vertex 76 -15.225 9.10999
      vertex 74.9493 -16.2215 12
      vertex 76 -15.8593 10.9493
    endloop
  endfacet
  facet normal -0 0.945379 0.325975
    outer loop
      vertex 6.3064 -15.225 9.10999
      vertex 74.9493 -16.2215 12
      vertex 76 -15.225 9.10999
    endloop
  endfacet
  facet normal 0 0.945379 0.325975
    outer loop
      vertex 74.9493 -16.2215 12
      vertex 6.3064 -15.225 9.10999
      vertex 6.71919 -16.2215 12
    endloop
  endfacet
  facet normal -0 0.945379 0.325975
    outer loop
      vertex -30.0389 -15.225 9.10999
      vertex -2.81702 -16.2215 12
      vertex -0.411117 -15.225 9.10999
    endloop
  endfacet
  facet normal 0 0.945379 0.325975
    outer loop
      vertex -2.81702 -16.2215 12
      vertex -30.0389 -15.225 9.10999
      vertex -29.6261 -16.2215 12
    endloop
  endfacet
  facet normal 0 0 -1
    outer loop
      vertex 76 -15.225 2.89
      vertex 11.0564 -10.475 2.89
      vertex 76 -10.475 2.89
    endloop
  endfacet
  facet normal 0 -0 -1
    outer loop
      vertex 11.0564 -10.475 2.89
      vertex 76 -15.225 2.89
      vertex 6.3064 -15.225 2.89
    endloop
  endfacet
  facet normal 0 0 -1
    outer loop
      vertex 76 10.475 2.89
      vertex 36.7564 15.225 2.89
      vertex 76 15.225 2.89
    endloop
  endfacet
  facet normal 0 -0 -1
    outer loop
      vertex 36.7564 15.225 2.89
      vertex 76 10.475 2.89
      vertex 32.0064 10.475 2.89
    endloop
  endfacet
  facet normal 0 0 -1
    outer loop
      vertex 36.7564 15.225 2.89
      vertex 61.1471 46.3332 2.89
      vertex 64.5058 42.9744 2.89
    endloop
  endfacet
  facet normal 0 0 -1
    outer loop
      vertex 30.0389 15.225 2.89
      vertex 36.7564 15.225 2.89
      vertex 32.0064 10.475 2.89
    endloop
  endfacet
  facet normal 0 0 -1
    outer loop
      vertex 36.7564 15.225 2.89
      vertex 30.0389 15.225 2.89
      vertex 61.1471 46.3332 2.89
    endloop
  endfacet
  facet normal 0 0 -1
    outer loop
      vertex 32.0064 10.475 2.89
      vertex 25.2889 10.475 2.89
      vertex 30.0389 15.225 2.89
    endloop
  endfacet
  facet normal 0 0 -1
    outer loop
      vertex 11.0564 -10.475 2.89
      vertex 25.2889 10.475 2.89
      vertex 32.0064 10.475 2.89
    endloop
  endfacet
  facet normal 0 0 -1
    outer loop
      vertex 4.33888 -10.475 2.89
      vertex 11.0564 -10.475 2.89
      vertex 6.3064 -15.225 2.89
    endloop
  endfacet
  facet normal 0 0 -1
    outer loop
      vertex 11.0564 -10.475 2.89
      vertex 4.33888 -10.475 2.89
      vertex 25.2889 10.475 2.89
    endloop
  endfacet
  facet normal 0 0 -1
    outer loop
      vertex 6.3064 -15.225 2.89
      vertex -0.411117 -15.225 2.89
      vertex 4.33888 -10.475 2.89
    endloop
  endfacet
  facet normal 0 0 -1
    outer loop
      vertex -42.9744 -64.5058 2.89
      vertex -0.411117 -15.225 2.89
      vertex 6.3064 -15.225 2.89
    endloop
  endfacet
  facet normal 0 0 -1
    outer loop
      vertex -0.411117 -15.225 2.89
      vertex -42.9744 -64.5058 2.89
      vertex -46.3332 -61.1471 2.89
    endloop
  endfacet
  facet normal 0 0 -1
    outer loop
      vertex 25.2889 10.475 2.89
      vertex 0.411111 15.225 2.89
      vertex 30.0389 15.225 2.89
    endloop
  endfacet
  facet normal 0 -0 -1
    outer loop
      vertex 0.411111 15.225 2.89
      vertex 25.2889 10.475 2.89
      vertex -4.33889 10.475 2.89
    endloop
  endfacet
  facet normal 0 0 -1
    outer loop
      vertex 0.411111 15.225 2.89
      vertex 42.9744 64.5058 2.89
      vertex 46.3332 61.1471 2.89
    endloop
  endfacet
  facet normal 0 0 -1
    outer loop
      vertex -6.3064 15.225 2.89
      vertex 0.411111 15.225 2.89
      vertex -4.33889 10.475 2.89
    endloop
  endfacet
  facet normal 0 0 -1
    outer loop
      vertex 0.411111 15.225 2.89
      vertex -6.3064 15.225 2.89
      vertex 42.9744 64.5058 2.89
    endloop
  endfacet
  facet normal 0 0 -1
    outer loop
      vertex -4.33889 10.475 2.89
      vertex -11.0564 10.475 2.89
      vertex -6.3064 15.225 2.89
    endloop
  endfacet
  facet normal 0 0 -1
    outer loop
      vertex -25.2889 -10.475 2.89
      vertex -11.0564 10.475 2.89
      vertex -4.33889 10.475 2.89
    endloop
  endfacet
  facet normal 0 0 -1
    outer loop
      vertex -32.0064 -10.475 2.89
      vertex -25.2889 -10.475 2.89
      vertex -30.0389 -15.225 2.89
    endloop
  endfacet
  facet normal 0 0 -1
    outer loop
      vertex -25.2889 -10.475 2.89
      vertex -32.0064 -10.475 2.89
      vertex -11.0564 10.475 2.89
    endloop
  endfacet
  facet normal 0 0 -1
    outer loop
      vertex -30.0389 -15.225 2.89
      vertex -36.7564 -15.225 2.89
      vertex -32.0064 -10.475 2.89
    endloop
  endfacet
  facet normal 0 0 -1
    outer loop
      vertex -61.1471 -46.3332 2.89
      vertex -36.7564 -15.225 2.89
      vertex -30.0389 -15.225 2.89
    endloop
  endfacet
  facet normal 0 0 -1
    outer loop
      vertex -36.7564 -15.225 2.89
      vertex -61.1471 -46.3332 2.89
      vertex -64.5058 -42.9744 2.89
    endloop
  endfacet
  facet normal 0 0 -1
    outer loop
      vertex -76 -10.475 2.89
      vertex -36.7564 -15.225 2.89
      vertex -76 -15.225 2.89
    endloop
  endfacet
  facet normal 0 0 -1
    outer loop
      vertex -36.7564 -15.225 2.89
      vertex -76 -10.475 2.89
      vertex -32.0064 -10.475 2.89
    endloop
  endfacet
  facet normal 0 0 -1
    outer loop
      vertex -0.411117 -15.225 2.89
      vertex -25.2889 -10.475 2.89
      vertex 4.33888 -10.475 2.89
    endloop
  endfacet
  facet normal 0 -0 -1
    outer loop
      vertex -25.2889 -10.475 2.89
      vertex -0.411117 -15.225 2.89
      vertex -30.0389 -15.225 2.89
    endloop
  endfacet
  facet normal 0 0 -1
    outer loop
      vertex -76 15.225 2.89
      vertex -11.0564 10.475 2.89
      vertex -76 10.475 2.89
    endloop
  endfacet
  facet normal 0 0 -1
    outer loop
      vertex -11.0564 10.475 2.89
      vertex -76 15.225 2.89
      vertex -6.3064 15.225 2.89
    endloop
  endfacet
  facet normal -1.50614e-05 -0.945366 -0.32601
    outer loop
      vertex -74.9493 16.2216 0
      vertex -76 15.225 2.89
      vertex -76 15.8593 1.05065
    endloop
  endfacet
  facet normal 0 -0.945368 -0.326005
    outer loop
      vertex -76 15.225 2.89
      vertex -74.9493 16.2216 0
      vertex -6.3064 15.225 2.89
    endloop
  endfacet
  facet normal -1.02401e-18 -0.945368 -0.326005
    outer loop
      vertex -6.3064 15.225 2.89
      vertex -74.9493 16.2216 0
      vertex -6.71919 16.2216 0
    endloop
  endfacet
  facet normal -1.78037e-18 -0.945368 -0.326005
    outer loop
      vertex 39.1623 16.2216 0
      vertex 76 15.225 2.89
      vertex 36.7564 15.225 2.89
    endloop
  endfacet
  facet normal -1.95233e-18 -0.945368 -0.326005
    outer loop
      vertex 76 15.225 2.89
      vertex 39.1623 16.2216 0
      vertex 74.9493 16.2216 0
    endloop
  endfacet
  facet normal 1.50614e-05 -0.945366 -0.32601
    outer loop
      vertex 76 15.225 2.89
      vertex 74.9493 16.2216 0
      vertex 76 15.8593 1.05065
    endloop
  endfacet
  facet normal -2.3582e-18 -0.945368 -0.326005
    outer loop
      vertex 2.81702 16.2216 0
      vertex 30.0389 15.225 2.89
      vertex 0.411111 15.225 2.89
    endloop
  endfacet
  facet normal -2.60614e-18 -0.945368 -0.326005
    outer loop
      vertex 30.0389 15.225 2.89
      vertex 2.81702 16.2216 0
      vertex 29.6261 16.2216 0
    endloop
  endfacet
  facet normal 5.38463e-19 0.945373 -0.32599
    outer loop
      vertex -13.4623 9.47845 0
      vertex -76 10.475 2.89
      vertex -11.0564 10.475 2.89
    endloop
  endfacet
  facet normal 5.68734e-19 0.945373 -0.32599
    outer loop
      vertex -76 10.475 2.89
      vertex -13.4623 9.47845 0
      vertex -74.9493 9.47845 0
    endloop
  endfacet
  facet normal -3.50124e-06 0.945373 -0.325991
    outer loop
      vertex -76 10.475 2.89
      vertex -74.9493 9.47845 0
      vertex -76 9.84074 1.05065
    endloop
  endfacet
  facet normal 3.50124e-06 0.945373 -0.325991
    outer loop
      vertex 74.9493 9.47845 0
      vertex 76 10.475 2.89
      vertex 76 9.84074 1.05065
    endloop
  endfacet
  facet normal 0 0.945373 -0.32599
    outer loop
      vertex 76 10.475 2.89
      vertex 74.9493 9.47845 0
      vertex 32.0064 10.475 2.89
    endloop
  endfacet
  facet normal 8.22235e-19 0.945373 -0.32599
    outer loop
      vertex 32.0064 10.475 2.89
      vertex 74.9493 9.47845 0
      vertex 32.4192 9.47845 0
    endloop
  endfacet
  facet normal 1.1803e-18 0.945373 -0.32599
    outer loop
      vertex 22.883 9.47845 0
      vertex -4.33889 10.475 2.89
      vertex 25.2889 10.475 2.89
    endloop
  endfacet
  facet normal 1.3044e-18 0.945373 -0.32599
    outer loop
      vertex -4.33889 10.475 2.89
      vertex 22.883 9.47845 0
      vertex -3.9261 9.47845 0
    endloop
  endfacet
  facet normal 3.56849e-07 -0.945371 -0.325996
    outer loop
      vertex -74.9493 -9.47843 0
      vertex -76 -10.475 2.89
      vertex -76 -9.84073 1.05065
    endloop
  endfacet
  facet normal 0 -0.945371 -0.325996
    outer loop
      vertex -76 -10.475 2.89
      vertex -74.9493 -9.47843 0
      vertex -32.0064 -10.475 2.89
    endloop
  endfacet
  facet normal 1.36261e-18 -0.945371 -0.325996
    outer loop
      vertex -32.0064 -10.475 2.89
      vertex -74.9493 -9.47843 0
      vertex -32.4192 -9.47843 0
    endloop
  endfacet
  facet normal 8.9234e-19 -0.945371 -0.325996
    outer loop
      vertex 13.4623 -9.47843 0
      vertex 76 -10.475 2.89
      vertex 11.0564 -10.475 2.89
    endloop
  endfacet
  facet normal 9.42505e-19 -0.945371 -0.325996
    outer loop
      vertex 76 -10.475 2.89
      vertex 13.4623 -9.47843 0
      vertex 74.9493 -9.47843 0
    endloop
  endfacet
  facet normal -3.56849e-07 -0.945371 -0.325996
    outer loop
      vertex 76 -10.475 2.89
      vertex 74.9493 -9.47843 0
      vertex 76 -9.84073 1.05065
    endloop
  endfacet
  facet normal 1.95599e-18 -0.945371 -0.325996
    outer loop
      vertex -22.883 -9.47843 0
      vertex 4.33888 -10.475 2.89
      vertex -25.2889 -10.475 2.89
    endloop
  endfacet
  facet normal 2.16165e-18 -0.945371 -0.325996
    outer loop
      vertex 4.33888 -10.475 2.89
      vertex -22.883 -9.47843 0
      vertex 3.92609 -9.47843 0
    endloop
  endfacet
  facet normal 3.61501e-21 0.945378 -0.325976
    outer loop
      vertex -39.1623 -16.2215 0
      vertex -76 -15.225 2.89
      vertex -36.7564 -15.225 2.89
    endloop
  endfacet
  facet normal 3.96417e-21 0.945378 -0.325976
    outer loop
      vertex -76 -15.225 2.89
      vertex -39.1623 -16.2215 0
      vertex -74.9493 -16.2215 0
    endloop
  endfacet
  facet normal -0.000105036 0.945366 -0.32601
    outer loop
      vertex -76 -15.225 2.89
      vertex -74.9493 -16.2215 0
      vertex -76 -15.8593 1.05065
    endloop
  endfacet
  facet normal 0.000105036 0.945366 -0.32601
    outer loop
      vertex 74.9493 -16.2215 0
      vertex 76 -15.225 2.89
      vertex 76 -15.8593 1.05065
    endloop
  endfacet
  facet normal 0 0.945378 -0.325976
    outer loop
      vertex 76 -15.225 2.89
      vertex 74.9493 -16.2215 0
      vertex 6.3064 -15.225 2.89
    endloop
  endfacet
  facet normal 2.07923e-21 0.945378 -0.325976
    outer loop
      vertex 6.3064 -15.225 2.89
      vertex 74.9493 -16.2215 0
      vertex 6.71919 -16.2215 0
    endloop
  endfacet
  facet normal 4.78827e-21 0.945378 -0.325976
    outer loop
      vertex -2.81702 -16.2215 0
      vertex -30.0389 -15.225 2.89
      vertex -0.411117 -15.225 2.89
    endloop
  endfacet
  facet normal 5.29171e-21 0.945378 -0.325976
    outer loop
      vertex -30.0389 -15.225 2.89
      vertex -2.81702 -16.2215 0
      vertex -29.6261 -16.2215 0
    endloop
  endfacet
  facet normal 0.668479 -0.66848 0.325992
    outer loop
      vertex -32.4192 -9.47843 12
      vertex -11.0564 10.475 9.10999
      vertex -13.4623 9.47845 12
    endloop
  endfacet
  facet normal 0.668478 -0.668478 0.325997
    outer loop
      vertex -11.0564 10.475 9.10999
      vertex -32.4192 -9.47843 12
      vertex -32.0064 -10.475 9.10999
    endloop
  endfacet
  facet normal 0.66848 -0.668473 0.326004
    outer loop
      vertex 41.5268 64.4676 12
      vertex 42.9744 64.5058 9.10999
      vertex 42.5259 64.9543 10.9493
    endloop
  endfacet
  facet normal 0.668477 -0.668477 0.326003
    outer loop
      vertex -6.71919 16.2216 12
      vertex 42.9744 64.5058 9.10999
      vertex 41.5268 64.4676 12
    endloop
  endfacet
  facet normal 0.668477 -0.668477 0.326001
    outer loop
      vertex 42.9744 64.5058 9.10999
      vertex -6.71919 16.2216 12
      vertex -6.3064 15.225 9.10999
    endloop
  endfacet
  facet normal 0.668473 -0.66848 0.326004
    outer loop
      vertex -64.5058 -42.9744 9.10999
      vertex -64.4676 -41.5268 12
      vertex -64.9543 -42.5259 10.9493
    endloop
  endfacet
  facet normal 0.668477 -0.668477 0.326003
    outer loop
      vertex -64.4676 -41.5268 12
      vertex -64.5058 -42.9744 9.10999
      vertex -39.1623 -16.2215 12
    endloop
  endfacet
  facet normal 0.668477 -0.668477 0.326003
    outer loop
      vertex -39.1623 -16.2215 12
      vertex -64.5058 -42.9744 9.10999
      vertex -36.7564 -15.225 9.10999
    endloop
  endfacet
  facet normal -0.668479 0.66848 0.32599
    outer loop
      vertex -4.33889 10.475 9.10999
      vertex -22.883 -9.47843 12
      vertex -3.9261 9.47845 12
    endloop
  endfacet
  facet normal -0.66848 0.66848 0.325988
    outer loop
      vertex -22.883 -9.47843 12
      vertex -4.33889 10.475 9.10999
      vertex -25.2889 -10.475 9.10999
    endloop
  endfacet
  facet normal -0.668428 0.668525 0.326004
    outer loop
      vertex 46.3332 61.1471 9.10999
      vertex 46.2949 59.6995 12
      vertex 46.7817 60.6986 10.9493
    endloop
  endfacet
  facet normal -0.668482 0.668482 0.325982
    outer loop
      vertex 0.411111 15.225 9.10999
      vertex 46.2949 59.6995 12
      vertex 46.3332 61.1471 9.10999
    endloop
  endfacet
  facet normal -0.668481 0.668481 0.325984
    outer loop
      vertex 46.2949 59.6995 12
      vertex 0.411111 15.225 9.10999
      vertex 2.81702 16.2216 12
    endloop
  endfacet
  facet normal -0.668482 0.668482 0.325982
    outer loop
      vertex -61.1471 -46.3332 9.10999
      vertex -29.6261 -16.2215 12
      vertex -30.0389 -15.225 9.10999
    endloop
  endfacet
  facet normal -0.668482 0.668482 0.325982
    outer loop
      vertex -29.6261 -16.2215 12
      vertex -61.1471 -46.3332 9.10999
      vertex -59.6995 -46.2949 12
    endloop
  endfacet
  facet normal -0.668525 0.668428 0.326004
    outer loop
      vertex -59.6995 -46.2949 12
      vertex -61.1471 -46.3332 9.10999
      vertex -60.6986 -46.7817 10.9493
    endloop
  endfacet
  facet normal 0.668479 -0.66848 0.325992
    outer loop
      vertex 3.92609 -9.47843 12
      vertex 25.2889 10.475 9.10999
      vertex 22.883 9.47845 12
    endloop
  endfacet
  facet normal 0.668478 -0.668479 0.325994
    outer loop
      vertex 25.2889 10.475 9.10999
      vertex 3.92609 -9.47843 12
      vertex 4.33888 -10.475 9.10999
    endloop
  endfacet
  facet normal 0.668525 -0.668428 0.326004
    outer loop
      vertex 59.6995 46.2949 12
      vertex 61.1471 46.3332 9.10999
      vertex 60.6986 46.7817 10.9493
    endloop
  endfacet
  facet normal 0.668481 -0.668483 0.325982
    outer loop
      vertex 29.6261 16.2216 12
      vertex 61.1471 46.3332 9.10999
      vertex 59.6995 46.2949 12
    endloop
  endfacet
  facet normal 0.668477 -0.668477 0.326003
    outer loop
      vertex 61.1471 46.3332 9.10999
      vertex 29.6261 16.2216 12
      vertex 30.0389 15.225 9.10999
    endloop
  endfacet
  facet normal 0.668477 -0.668475 0.326004
    outer loop
      vertex -46.2949 -59.6995 12
      vertex -0.411117 -15.225 9.10999
      vertex -2.81702 -16.2215 12
    endloop
  endfacet
  facet normal 0.668428 -0.668525 0.326004
    outer loop
      vertex -46.3332 -61.1471 9.10999
      vertex -46.2949 -59.6995 12
      vertex -46.7817 -60.6986 10.9493
    endloop
  endfacet
  facet normal 0.668482 -0.668482 0.325982
    outer loop
      vertex -46.2949 -59.6995 12
      vertex -46.3332 -61.1471 9.10999
      vertex -0.411117 -15.225 9.10999
    endloop
  endfacet
  facet normal -0.668479 0.66848 0.325992
    outer loop
      vertex 32.0064 10.475 9.10999
      vertex 13.4623 -9.47843 12
      vertex 32.4192 9.47845 12
    endloop
  endfacet
  facet normal -0.66848 0.66848 0.325988
    outer loop
      vertex 13.4623 -9.47843 12
      vertex 32.0064 10.475 9.10999
      vertex 11.0564 -10.475 9.10999
    endloop
  endfacet
  facet normal -0.668473 0.66848 0.326004
    outer loop
      vertex 64.5058 42.9744 9.10999
      vertex 64.4676 41.5268 12
      vertex 64.9543 42.5259 10.9493
    endloop
  endfacet
  facet normal -0.668477 0.668477 0.326003
    outer loop
      vertex 36.7564 15.225 9.10999
      vertex 64.4676 41.5268 12
      vertex 64.5058 42.9744 9.10999
    endloop
  endfacet
  facet normal -0.668481 0.668483 0.325981
    outer loop
      vertex 64.4676 41.5268 12
      vertex 36.7564 15.225 9.10999
      vertex 39.1623 16.2216 12
    endloop
  endfacet
  facet normal -0.668482 0.668482 0.32598
    outer loop
      vertex -42.9744 -64.5058 9.10999
      vertex 6.71919 -16.2215 12
      vertex 6.3064 -15.225 9.10999
    endloop
  endfacet
  facet normal -0.668477 0.668476 0.326003
    outer loop
      vertex 6.71919 -16.2215 12
      vertex -42.9744 -64.5058 9.10999
      vertex -41.5268 -64.4676 12
    endloop
  endfacet
  facet normal -0.66848 0.668473 0.326004
    outer loop
      vertex -41.5268 -64.4676 12
      vertex -42.9744 -64.5058 9.10999
      vertex -42.5259 -64.9543 10.9493
    endloop
  endfacet
  facet normal 0.668476 -0.668476 -0.326004
    outer loop
      vertex 41.5268 64.4676 0
      vertex 42.9744 64.5058 2.89
      vertex -6.3064 15.225 2.89
    endloop
  endfacet
  facet normal 0.668477 -0.668477 -0.326002
    outer loop
      vertex 41.5268 64.4676 0
      vertex -6.3064 15.225 2.89
      vertex -6.71919 16.2216 0
    endloop
  endfacet
  facet normal 0.668466 -0.66849 -0.325998
    outer loop
      vertex 42.9744 64.5058 2.89
      vertex 41.5268 64.4676 0
      vertex 42.5259 64.9543 1.05065
    endloop
  endfacet
  facet normal 0.668479 -0.668479 -0.325993
    outer loop
      vertex -11.0564 10.475 2.89
      vertex -32.4192 -9.47843 0
      vertex -13.4623 9.47845 0
    endloop
  endfacet
  facet normal 0.668478 -0.668478 -0.325998
    outer loop
      vertex -32.4192 -9.47843 0
      vertex -11.0564 10.475 2.89
      vertex -32.0064 -10.475 2.89
    endloop
  endfacet
  facet normal 0.668476 -0.668476 -0.326004
    outer loop
      vertex -36.7564 -15.225 2.89
      vertex -64.4676 -41.5268 0
      vertex -39.1623 -16.2215 0
    endloop
  endfacet
  facet normal 0.668476 -0.668476 -0.326004
    outer loop
      vertex -64.5058 -42.9744 2.89
      vertex -64.4676 -41.5268 0
      vertex -36.7564 -15.225 2.89
    endloop
  endfacet
  facet normal 0.66849 -0.668466 -0.325998
    outer loop
      vertex -64.4676 -41.5268 0
      vertex -64.5058 -42.9744 2.89
      vertex -64.9543 -42.5259 1.05065
    endloop
  endfacet
  facet normal -0.668445 0.668511 -0.325998
    outer loop
      vertex 46.2949 59.6995 0
      vertex 46.3332 61.1471 2.89
      vertex 46.7817 60.6986 1.05065
    endloop
  endfacet
  facet normal -0.668481 0.668481 -0.325985
    outer loop
      vertex 0.411111 15.225 2.89
      vertex 46.2949 59.6995 0
      vertex 2.81702 16.2216 0
    endloop
  endfacet
  facet normal -0.668482 0.668481 -0.325983
    outer loop
      vertex 46.2949 59.6995 0
      vertex 0.411111 15.225 2.89
      vertex 46.3332 61.1471 2.89
    endloop
  endfacet
  facet normal -0.668479 0.66848 -0.325991
    outer loop
      vertex -22.883 -9.47843 0
      vertex -4.33889 10.475 2.89
      vertex -3.9261 9.47845 0
    endloop
  endfacet
  facet normal -0.66848 0.66848 -0.325989
    outer loop
      vertex -4.33889 10.475 2.89
      vertex -22.883 -9.47843 0
      vertex -25.2889 -10.475 2.89
    endloop
  endfacet
  facet normal -0.668482 0.668482 -0.325983
    outer loop
      vertex -59.6995 -46.2949 0
      vertex -61.1471 -46.3332 2.89
      vertex -30.0389 -15.225 2.89
    endloop
  endfacet
  facet normal -0.668482 0.668482 -0.325983
    outer loop
      vertex -59.6995 -46.2949 0
      vertex -30.0389 -15.225 2.89
      vertex -29.6261 -16.2215 0
    endloop
  endfacet
  facet normal -0.668511 0.668445 -0.325998
    outer loop
      vertex -61.1471 -46.3332 2.89
      vertex -59.6995 -46.2949 0
      vertex -60.6986 -46.7817 1.05065
    endloop
  endfacet
  facet normal 0.668511 -0.668445 -0.325998
    outer loop
      vertex 61.1471 46.3332 2.89
      vertex 59.6995 46.2949 0
      vertex 60.6986 46.7817 1.05065
    endloop
  endfacet
  facet normal 0.668481 -0.668483 -0.325983
    outer loop
      vertex 61.1471 46.3332 2.89
      vertex 29.6261 16.2216 0
      vertex 59.6995 46.2949 0
    endloop
  endfacet
  facet normal 0.668476 -0.668476 -0.326004
    outer loop
      vertex 29.6261 16.2216 0
      vertex 61.1471 46.3332 2.89
      vertex 30.0389 15.225 2.89
    endloop
  endfacet
  facet normal 0.668479 -0.66848 -0.325993
    outer loop
      vertex 25.2889 10.475 2.89
      vertex 3.92609 -9.47843 0
      vertex 22.883 9.47845 0
    endloop
  endfacet
  facet normal 0.668478 -0.668479 -0.325996
    outer loop
      vertex 3.92609 -9.47843 0
      vertex 25.2889 10.475 2.89
      vertex 4.33888 -10.475 2.89
    endloop
  endfacet
  facet normal 0.668477 -0.668475 -0.326005
    outer loop
      vertex -0.411117 -15.225 2.89
      vertex -46.2949 -59.6995 0
      vertex -2.81702 -16.2215 0
    endloop
  endfacet
  facet normal 0.668482 -0.668481 -0.325983
    outer loop
      vertex -46.3332 -61.1471 2.89
      vertex -46.2949 -59.6995 0
      vertex -0.411117 -15.225 2.89
    endloop
  endfacet
  facet normal 0.668445 -0.668511 -0.325998
    outer loop
      vertex -46.2949 -59.6995 0
      vertex -46.3332 -61.1471 2.89
      vertex -46.7817 -60.6986 1.05065
    endloop
  endfacet
  facet normal -0.66849 0.668466 -0.325998
    outer loop
      vertex 64.4676 41.5268 0
      vertex 64.5058 42.9744 2.89
      vertex 64.9543 42.5259 1.05065
    endloop
  endfacet
  facet normal -0.668481 0.668483 -0.325982
    outer loop
      vertex 36.7564 15.225 2.89
      vertex 64.4676 41.5268 0
      vertex 39.1623 16.2216 0
    endloop
  endfacet
  facet normal -0.668476 0.668476 -0.326004
    outer loop
      vertex 64.4676 41.5268 0
      vertex 36.7564 15.225 2.89
      vertex 64.5058 42.9744 2.89
    endloop
  endfacet
  facet normal -0.668479 0.668479 -0.325993
    outer loop
      vertex 13.4623 -9.47843 0
      vertex 32.0064 10.475 2.89
      vertex 32.4192 9.47845 0
    endloop
  endfacet
  facet normal -0.66848 0.66848 -0.325989
    outer loop
      vertex 32.0064 10.475 2.89
      vertex 13.4623 -9.47843 0
      vertex 11.0564 -10.475 2.89
    endloop
  endfacet
  facet normal -0.668477 0.668476 -0.326004
    outer loop
      vertex -42.9744 -64.5058 2.89
      vertex 6.71919 -16.2215 0
      vertex -41.5268 -64.4676 0
    endloop
  endfacet
  facet normal -0.668482 0.668482 -0.325981
    outer loop
      vertex 6.71919 -16.2215 0
      vertex -42.9744 -64.5058 2.89
      vertex 6.3064 -15.225 2.89
    endloop
  endfacet
  facet normal -0.668466 0.66849 -0.325998
    outer loop
      vertex -42.9744 -64.5058 2.89
      vertex -41.5268 -64.4676 0
      vertex -42.5259 -64.9543 1.05065
    endloop
  endfacet
endsolid OpenSCAD_Model
