solid OpenSCAD_Model
  facet normal 1.46747e-18 -0.707103 -0.70711
    outer loop
      vertex -18.9393 1.05066 0
      vertex -3.03999 0 1.05065
      vertex -18.5041 0 1.05065
    endloop
  endfacet
  facet normal 1.33883e-18 -0.707103 -0.70711
    outer loop
      vertex -3.03999 0 1.05065
      vertex -18.9393 1.05066 0
      vertex -1.98934 1.05066 0
    endloop
  endfacet
  facet normal 0 -0.707103 -0.70711
    outer loop
      vertex 3.04 0 1.05065
      vertex 18.9393 1.05066 0
      vertex 18.5041 0 1.05065
    endloop
  endfacet
  facet normal -0 -0.707103 -0.70711
    outer loop
      vertex 18.9393 1.05066 0
      vertex 3.04 0 1.05065
      vertex 1.98935 1.05066 0
    endloop
  endfacet
  facet normal -0.499996 -0.707121 -0.499984
    outer loop
      vertex -20 1.05066 1.06065
      vertex -18.5041 0 1.05065
      vertex -18.9493 0 1.49586
    endloop
  endfacet
  facet normal -0.499987 -0.707108 -0.500011
    outer loop
      vertex -18.5041 0 1.05065
      vertex -20 1.05066 1.06065
      vertex -18.9393 1.05066 0
    endloop
  endfacet
  facet normal 0.499991 -0.707119 -0.499991
    outer loop
      vertex 18.9393 0 1.48586
      vertex 20 1.05066 1.06065
      vertex 18.9493 0 1.49586
    endloop
  endfacet
  facet normal 0.499982 -0.707116 -0.500005
    outer loop
      vertex 20 1.05066 1.06065
      vertex 18.9393 0 1.48586
      vertex 18.9393 1.05066 0
    endloop
  endfacet
  facet normal -0.70709 0 -0.707123
    outer loop
      vertex -18.9393 1.05066 0
      vertex -20 143.939 1.06065
      vertex -18.9393 143.939 0
    endloop
  endfacet
  facet normal -0.70709 -0 -0.707123
    outer loop
      vertex -20 143.939 1.06065
      vertex -18.9393 1.05066 0
      vertex -20 1.05066 1.06065
    endloop
  endfacet
  facet normal 0.500008 -0.707103 -0.499997
    outer loop
      vertex 18.9393 0 1.48586
      vertex 18.5041 0 1.05065
      vertex 18.9393 1.05066 0
    endloop
  endfacet
  facet normal -0.707093 -0.70712 7.90335e-19
    outer loop
      vertex -18.9493 0 1.49586
      vertex -20 1.05066 10.9393
      vertex -20 1.05066 1.06065
    endloop
  endfacet
  facet normal -0.707093 -0.70712 8.667e-19
    outer loop
      vertex -20 1.05066 10.9393
      vertex -18.9493 0 1.49586
      vertex -18.9493 0 10.5041
    endloop
  endfacet
  facet normal -0.499993 -0.707117 0.499993
    outer loop
      vertex -18.5141 0 10.9393
      vertex -20 1.05066 10.9393
      vertex -18.9493 0 10.5041
    endloop
  endfacet
  facet normal 0.707107 -0 0.707107
    outer loop
      vertex 18.9393 1.05066 12
      vertex 20 143.949 10.9393
      vertex 18.9393 143.949 12
    endloop
  endfacet
  facet normal 0.707107 0 0.707107
    outer loop
      vertex 20 143.949 10.9393
      vertex 18.9393 1.05066 12
      vertex 20 1.05066 10.9393
    endloop
  endfacet
  facet normal -1 0 0
    outer loop
      vertex -20 143.939 1.06065
      vertex -20 143.949 10.9393
      vertex -20 143.949 1.06065
    endloop
  endfacet
  facet normal -1 0 0
    outer loop
      vertex -20 143.939 1.06065
      vertex -20 143.939 10.9393
      vertex -20 143.949 10.9393
    endloop
  endfacet
  facet normal -1 0 0
    outer loop
      vertex -20 1.05066 1.06065
      vertex -20 143.939 10.9393
      vertex -20 143.939 1.06065
    endloop
  endfacet
  facet normal -1 -0 0
    outer loop
      vertex -20 143.939 10.9393
      vertex -20 1.05066 1.06065
      vertex -20 1.05066 10.9393
    endloop
  endfacet
  facet normal 0.707093 -0.70712 -7.90335e-19
    outer loop
      vertex 18.9493 0 10.5041
      vertex 20 1.05066 1.06065
      vertex 20 1.05066 10.9393
    endloop
  endfacet
  facet normal 0.707093 -0.70712 -8.667e-19
    outer loop
      vertex 20 1.05066 1.06065
      vertex 18.9493 0 10.5041
      vertex 18.9493 0 1.49586
    endloop
  endfacet
  facet normal 0 0 -1
    outer loop
      vertex 5.45295 -12.7179 0
      vertex 5.45295 -11.2821 0
      vertex 5.5 -12 0
    endloop
  endfacet
  facet normal 0 0 -1
    outer loop
      vertex 5.31259 -13.4235 0
      vertex 5.45295 -11.2821 0
      vertex 5.45295 -12.7179 0
    endloop
  endfacet
  facet normal 0 0 -1
    outer loop
      vertex 5.31259 -13.4235 0
      vertex 5.31259 -10.5765 0
      vertex 5.45295 -11.2821 0
    endloop
  endfacet
  facet normal 0 0 -1
    outer loop
      vertex 5.08134 -14.1048 0
      vertex 5.31259 -10.5765 0
      vertex 5.31259 -13.4235 0
    endloop
  endfacet
  facet normal 0 0 -1
    outer loop
      vertex 5.08134 -14.1048 0
      vertex 5.08134 -9.89524 0
      vertex 5.31259 -10.5765 0
    endloop
  endfacet
  facet normal 0 0 -1
    outer loop
      vertex 4.76314 -14.75 0
      vertex 5.08134 -9.89524 0
      vertex 5.08134 -14.1048 0
    endloop
  endfacet
  facet normal 0 0 -1
    outer loop
      vertex 4.76314 -14.75 0
      vertex 4.76314 -9.25 0
      vertex 5.08134 -9.89524 0
    endloop
  endfacet
  facet normal 0 0 -1
    outer loop
      vertex 4.36344 -15.3482 0
      vertex 4.76314 -9.25 0
      vertex 4.76314 -14.75 0
    endloop
  endfacet
  facet normal 0 0 -1
    outer loop
      vertex 4.36344 -15.3482 0
      vertex 4.36344 -8.65181 0
      vertex 4.76314 -9.25 0
    endloop
  endfacet
  facet normal 0 0 -1
    outer loop
      vertex 3.88909 -15.8891 0
      vertex 4.36344 -8.65181 0
      vertex 4.36344 -15.3482 0
    endloop
  endfacet
  facet normal 0 0 -1
    outer loop
      vertex 3.88909 -15.8891 0
      vertex 3.88909 -8.11091 0
      vertex 4.36344 -8.65181 0
    endloop
  endfacet
  facet normal 0 0 -1
    outer loop
      vertex 3.34819 -16.3634 0
      vertex 3.88909 -8.11091 0
      vertex 3.88909 -15.8891 0
    endloop
  endfacet
  facet normal 0 0 -1
    outer loop
      vertex 3.34819 -16.3634 0
      vertex 3.34819 -7.63656 0
      vertex 3.88909 -8.11091 0
    endloop
  endfacet
  facet normal 0 0 -1
    outer loop
      vertex 2.75 -16.7631 0
      vertex 3.34819 -7.63656 0
      vertex 3.34819 -16.3634 0
    endloop
  endfacet
  facet normal 0 0 -1
    outer loop
      vertex 2.75 -16.7631 0
      vertex 2.75 -7.23686 0
      vertex 3.34819 -7.63656 0
    endloop
  endfacet
  facet normal 0 0 -1
    outer loop
      vertex 2.10476 -17.0813 0
      vertex 2.75 -7.23686 0
      vertex 2.75 -16.7631 0
    endloop
  endfacet
  facet normal 0 0 -1
    outer loop
      vertex 1.98935 -6.87948 0
      vertex 2.75 -7.23686 0
      vertex 2.10476 -17.0813 0
    endloop
  endfacet
  facet normal 0 0 -1
    outer loop
      vertex 2.75 -7.23686 0
      vertex 1.98935 -6.87948 0
      vertex 2.10476 -6.91866 0
    endloop
  endfacet
  facet normal 0 0 -1
    outer loop
      vertex -1.98934 1.05066 0
      vertex 1.98935 1.05066 0
      vertex 1.98935 -6.87948 0
    endloop
  endfacet
  facet normal 0 -0 -1
    outer loop
      vertex 0 125.86 0
      vertex 1.98935 1.05066 0
      vertex -1.98934 1.05066 0
    endloop
  endfacet
  facet normal 0 0 -1
    outer loop
      vertex 1.4235 -17.3126 0
      vertex 1.98935 -6.87948 0
      vertex 2.10476 -17.0813 0
    endloop
  endfacet
  facet normal 0 0 -1
    outer loop
      vertex -1.98934 -6.87948 0
      vertex 1.98935 -6.87948 0
      vertex 1.4235 -17.3126 0
    endloop
  endfacet
  facet normal 0 0 -1
    outer loop
      vertex 1.98935 1.05066 0
      vertex 1.8372 126.101 0
      vertex 1.848 126.103 0
    endloop
  endfacet
  facet normal 0 0 -1
    outer loop
      vertex 1.98935 1.05066 0
      vertex 0.931974 125.921 0
      vertex 1.8372 126.101 0
    endloop
  endfacet
  facet normal 0 0 -1
    outer loop
      vertex -1.98934 -6.87948 0
      vertex 1.4235 -17.3126 0
      vertex 0.717894 -17.4529 0
    endloop
  endfacet
  facet normal 0 0 -1
    outer loop
      vertex -1.98934 -6.87948 0
      vertex 0.717894 -17.4529 0
      vertex 0 -17.5 0
    endloop
  endfacet
  facet normal 0 0 -1
    outer loop
      vertex 1.98935 1.05066 0
      vertex 0.920988 125.92 0
      vertex 0.931974 125.921 0
    endloop
  endfacet
  facet normal 0 0 -1
    outer loop
      vertex 1.98935 1.05066 0
      vertex 0 125.86 0
      vertex 0.920988 125.92 0
    endloop
  endfacet
  facet normal 0 0 -1
    outer loop
      vertex -1.98934 -6.87948 0
      vertex 0 -17.5 0
      vertex -0.717894 -17.4529 0
    endloop
  endfacet
  facet normal -0 0 -1
    outer loop
      vertex 0 125.86 0
      vertex -1.98934 1.05066 0
      vertex -0.0109857 125.861 0
    endloop
  endfacet
  facet normal -0 0 -1
    outer loop
      vertex -0.0109857 125.861 0
      vertex -1.98934 1.05066 0
      vertex -0.931974 125.921 0
    endloop
  endfacet
  facet normal 0 0 -1
    outer loop
      vertex -1.98934 -6.87948 0
      vertex -0.717894 -17.4529 0
      vertex -1.4235 -17.3126 0
    endloop
  endfacet
  facet normal 0 0 -1
    outer loop
      vertex -18.9393 1.05066 0
      vertex -0.931974 125.921 0
      vertex -1.98934 1.05066 0
    endloop
  endfacet
  facet normal -0 0 -1
    outer loop
      vertex -0.931974 125.921 0
      vertex -18.9393 1.05066 0
      vertex -0.942771 125.923 0
    endloop
  endfacet
  facet normal 0 0 -1
    outer loop
      vertex 1.98935 -6.87948 0
      vertex -1.98934 -6.87948 0
      vertex -1.98934 1.05066 0
    endloop
  endfacet
  facet normal 0 0 -1
    outer loop
      vertex -2.10476 -17.0813 0
      vertex -1.98934 -6.87948 0
      vertex -1.4235 -17.3126 0
    endloop
  endfacet
  facet normal 0 0 -1
    outer loop
      vertex -2.75 -16.7631 0
      vertex -1.98934 -6.87948 0
      vertex -2.10476 -17.0813 0
    endloop
  endfacet
  facet normal 0 0 -1
    outer loop
      vertex -2.75 -7.23686 0
      vertex -1.98934 -6.87948 0
      vertex -2.75 -16.7631 0
    endloop
  endfacet
  facet normal 0 0 -1
    outer loop
      vertex -1.98934 -6.87948 0
      vertex -2.75 -7.23686 0
      vertex -2.10476 -6.91866 0
    endloop
  endfacet
  facet normal 0 0 -1
    outer loop
      vertex -3.34819 -16.3634 0
      vertex -2.75 -7.23686 0
      vertex -2.75 -16.7631 0
    endloop
  endfacet
  facet normal 0 0 -1
    outer loop
      vertex -3.34819 -16.3634 0
      vertex -3.34819 -7.63656 0
      vertex -2.75 -7.23686 0
    endloop
  endfacet
  facet normal 0 0 -1
    outer loop
      vertex -3.88909 -15.8891 0
      vertex -3.34819 -7.63656 0
      vertex -3.34819 -16.3634 0
    endloop
  endfacet
  facet normal 0 0 -1
    outer loop
      vertex -3.88909 -15.8891 0
      vertex -3.88909 -8.11091 0
      vertex -3.34819 -7.63656 0
    endloop
  endfacet
  facet normal 0 0 -1
    outer loop
      vertex -4.36344 -15.3482 0
      vertex -3.88909 -8.11091 0
      vertex -3.88909 -15.8891 0
    endloop
  endfacet
  facet normal 0 0 -1
    outer loop
      vertex -4.36344 -15.3482 0
      vertex -4.36344 -8.65181 0
      vertex -3.88909 -8.11091 0
    endloop
  endfacet
  facet normal 0 0 -1
    outer loop
      vertex -4.76314 -14.75 0
      vertex -4.36344 -8.65181 0
      vertex -4.36344 -15.3482 0
    endloop
  endfacet
  facet normal 0 0 -1
    outer loop
      vertex -4.76314 -14.75 0
      vertex -4.76314 -9.25 0
      vertex -4.36344 -8.65181 0
    endloop
  endfacet
  facet normal 0 0 -1
    outer loop
      vertex -5.08134 -14.1048 0
      vertex -4.76314 -9.25 0
      vertex -4.76314 -14.75 0
    endloop
  endfacet
  facet normal 0 0 -1
    outer loop
      vertex -5.08134 -14.1048 0
      vertex -5.08134 -9.89524 0
      vertex -4.76314 -9.25 0
    endloop
  endfacet
  facet normal 0 0 -1
    outer loop
      vertex -5.31259 -13.4235 0
      vertex -5.08134 -9.89524 0
      vertex -5.08134 -14.1048 0
    endloop
  endfacet
  facet normal 0 0 -1
    outer loop
      vertex -5.31259 -13.4235 0
      vertex -5.31259 -10.5765 0
      vertex -5.08134 -9.89524 0
    endloop
  endfacet
  facet normal 0 0 -1
    outer loop
      vertex -5.45295 -12.7179 0
      vertex -5.31259 -10.5765 0
      vertex -5.31259 -13.4235 0
    endloop
  endfacet
  facet normal 0 0 -1
    outer loop
      vertex -5.45295 -12.7179 0
      vertex -5.45295 -11.2821 0
      vertex -5.31259 -10.5765 0
    endloop
  endfacet
  facet normal 0 -0 -1
    outer loop
      vertex -5.45295 -11.2821 0
      vertex -5.45295 -12.7179 0
      vertex -5.5 -12 0
    endloop
  endfacet
  facet normal 0 0 -1
    outer loop
      vertex 5.66465 128.653 0
      vertex 18.9393 143.949 0
      vertex 18.9393 1.05066 0
    endloop
  endfacet
  facet normal 0 0 -1
    outer loop
      vertex 18.9393 143.949 0
      vertex 7.13941 132.989 0
      vertex 7.14013 133 0
    endloop
  endfacet
  facet normal 0 0 -1
    outer loop
      vertex 18.9393 143.949 0
      vertex 7.07905 132.068 0
      vertex 7.13941 132.989 0
    endloop
  endfacet
  facet normal 0 0 -1
    outer loop
      vertex 18.9393 143.949 0
      vertex 7.0769 132.057 0
      vertex 7.07905 132.068 0
    endloop
  endfacet
  facet normal 0 0 -1
    outer loop
      vertex 18.9393 143.949 0
      vertex 6.89684 131.152 0
      vertex 7.0769 132.057 0
    endloop
  endfacet
  facet normal 0 0 -1
    outer loop
      vertex 18.9393 143.949 0
      vertex 6.8933 131.142 0
      vertex 6.89684 131.152 0
    endloop
  endfacet
  facet normal 0 0 -1
    outer loop
      vertex 18.9393 143.949 0
      vertex 6.59662 130.268 0
      vertex 6.8933 131.142 0
    endloop
  endfacet
  facet normal 0 0 -1
    outer loop
      vertex 18.9393 143.949 0
      vertex 6.59175 130.258 0
      vertex 6.59662 130.268 0
    endloop
  endfacet
  facet normal 0 0 -1
    outer loop
      vertex 18.9393 143.949 0
      vertex 6.18353 129.43 0
      vertex 6.59175 130.258 0
    endloop
  endfacet
  facet normal 0 0 -1
    outer loop
      vertex 18.9393 143.949 0
      vertex 6.17742 129.421 0
      vertex 6.18353 129.43 0
    endloop
  endfacet
  facet normal 0 0 -1
    outer loop
      vertex 18.9393 143.949 0
      vertex 5.66465 128.653 0
      vertex 6.17742 129.421 0
    endloop
  endfacet
  facet normal 0 0 -1
    outer loop
      vertex 18.9393 1.05066 0
      vertex 5.65739 128.645 0
      vertex 5.66465 128.653 0
    endloop
  endfacet
  facet normal 0 0 -1
    outer loop
      vertex 18.9393 1.05066 0
      vertex 5.04883 127.951 0
      vertex 5.65739 128.645 0
    endloop
  endfacet
  facet normal 0 0 -1
    outer loop
      vertex 18.9393 1.05066 0
      vertex 5.04056 127.944 0
      vertex 5.04883 127.951 0
    endloop
  endfacet
  facet normal 0 0 -1
    outer loop
      vertex 18.9393 1.05066 0
      vertex 4.34664 127.335 0
      vertex 5.04056 127.944 0
    endloop
  endfacet
  facet normal 0 0 -1
    outer loop
      vertex 18.9393 1.05066 0
      vertex 4.33748 127.329 0
      vertex 4.34664 127.335 0
    endloop
  endfacet
  facet normal 0 0 -1
    outer loop
      vertex 18.9393 1.05066 0
      vertex 3.57007 126.816 0
      vertex 4.33748 127.329 0
    endloop
  endfacet
  facet normal 0 0 -1
    outer loop
      vertex 18.9393 1.05066 0
      vertex 3.56019 126.812 0
      vertex 3.57007 126.816 0
    endloop
  endfacet
  facet normal 0 0 -1
    outer loop
      vertex 18.9393 1.05066 0
      vertex 2.73241 126.403 0
      vertex 3.56019 126.812 0
    endloop
  endfacet
  facet normal 0 0 -1
    outer loop
      vertex 18.9393 1.05066 0
      vertex 2.72198 126.4 0
      vertex 2.73241 126.403 0
    endloop
  endfacet
  facet normal 0 0 -1
    outer loop
      vertex 1.848 126.103 0
      vertex 18.9393 1.05066 0
      vertex 1.98935 1.05066 0
    endloop
  endfacet
  facet normal 0 0 -1
    outer loop
      vertex 18.9393 1.05066 0
      vertex 1.848 126.103 0
      vertex 2.72198 126.4 0
    endloop
  endfacet
  facet normal 0 0 -1
    outer loop
      vertex 7.07977 133.921 0
      vertex 18.9393 143.949 0
      vertex 7.14013 133 0
    endloop
  endfacet
  facet normal 0 0 -1
    outer loop
      vertex 7.07905 133.932 0
      vertex 18.9393 143.949 0
      vertex 7.07977 133.921 0
    endloop
  endfacet
  facet normal 0 0 -1
    outer loop
      vertex 6.89898 134.837 0
      vertex 18.9393 143.949 0
      vertex 7.07905 133.932 0
    endloop
  endfacet
  facet normal 0 0 -1
    outer loop
      vertex 6.89684 134.848 0
      vertex 18.9393 143.949 0
      vertex 6.89898 134.837 0
    endloop
  endfacet
  facet normal 0 0 -1
    outer loop
      vertex 6.60016 135.722 0
      vertex 18.9393 143.949 0
      vertex 6.89684 134.848 0
    endloop
  endfacet
  facet normal 0 0 -1
    outer loop
      vertex 6.59662 135.732 0
      vertex 18.9393 143.949 0
      vertex 6.60016 135.722 0
    endloop
  endfacet
  facet normal 0 0 -1
    outer loop
      vertex 6.1884 136.56 0
      vertex 18.9393 143.949 0
      vertex 6.59662 135.732 0
    endloop
  endfacet
  facet normal 0 0 -1
    outer loop
      vertex 6.18353 136.57 0
      vertex 18.9393 143.949 0
      vertex 6.1884 136.56 0
    endloop
  endfacet
  facet normal 0 0 -1
    outer loop
      vertex 5.67076 137.337 0
      vertex 18.9393 143.949 0
      vertex 6.18353 136.57 0
    endloop
  endfacet
  facet normal 0 0 -1
    outer loop
      vertex 5.66465 137.347 0
      vertex 18.9393 143.949 0
      vertex 5.67076 137.337 0
    endloop
  endfacet
  facet normal 0 0 -1
    outer loop
      vertex 4.20075 143.949 0
      vertex 5.66465 137.347 0
      vertex 5.05609 138.041 0
    endloop
  endfacet
  facet normal 0 0 -1
    outer loop
      vertex 4.20075 143.949 0
      vertex 5.05609 138.041 0
      vertex 5.04883 138.049 0
    endloop
  endfacet
  facet normal 0 0 -1
    outer loop
      vertex 4.20075 143.949 0
      vertex 5.04883 138.049 0
      vertex 4.35491 138.657 0
    endloop
  endfacet
  facet normal 0 0 -1
    outer loop
      vertex 4.20075 143.949 0
      vertex 4.35491 138.657 0
      vertex 4.34664 138.665 0
    endloop
  endfacet
  facet normal 0 0 -1
    outer loop
      vertex 4.20075 143.949 0
      vertex 4.34664 138.665 0
      vertex 4.20075 138.762 0
    endloop
  endfacet
  facet normal 0 0 -1
    outer loop
      vertex 5.66465 137.347 0
      vertex 4.20075 143.949 0
      vertex 18.9393 143.949 0
    endloop
  endfacet
  facet normal -0 0 -1
    outer loop
      vertex -0.942771 125.923 0
      vertex -18.9393 1.05066 0
      vertex -1.848 126.103 0
    endloop
  endfacet
  facet normal -0 0 -1
    outer loop
      vertex -1.848 126.103 0
      vertex -18.9393 1.05066 0
      vertex -1.85843 126.107 0
    endloop
  endfacet
  facet normal -0 0 -1
    outer loop
      vertex -1.85843 126.107 0
      vertex -18.9393 1.05066 0
      vertex -2.73241 126.403 0
    endloop
  endfacet
  facet normal -0 0 -1
    outer loop
      vertex -2.73241 126.403 0
      vertex -18.9393 1.05066 0
      vertex -2.74228 126.408 0
    endloop
  endfacet
  facet normal -0 0 -1
    outer loop
      vertex -2.74228 126.408 0
      vertex -18.9393 1.05066 0
      vertex -3.57007 126.816 0
    endloop
  endfacet
  facet normal -0 0 -1
    outer loop
      vertex -3.57007 126.816 0
      vertex -18.9393 1.05066 0
      vertex -3.57922 126.823 0
    endloop
  endfacet
  facet normal -0 0 -1
    outer loop
      vertex -3.57922 126.823 0
      vertex -18.9393 1.05066 0
      vertex -4.34664 127.335 0
    endloop
  endfacet
  facet normal -0 0 -1
    outer loop
      vertex -4.34664 127.335 0
      vertex -18.9393 1.05066 0
      vertex -4.35491 127.343 0
    endloop
  endfacet
  facet normal -0 0 -1
    outer loop
      vertex -4.35491 127.343 0
      vertex -18.9393 1.05066 0
      vertex -5.04883 127.951 0
    endloop
  endfacet
  facet normal -0 0 -1
    outer loop
      vertex -5.04883 127.951 0
      vertex -18.9393 1.05066 0
      vertex -5.05609 127.959 0
    endloop
  endfacet
  facet normal -0 0 -1
    outer loop
      vertex -5.05609 127.959 0
      vertex -18.9393 1.05066 0
      vertex -5.66465 128.653 0
    endloop
  endfacet
  facet normal 0 0 -1
    outer loop
      vertex -18.9393 143.939 0
      vertex -5.66465 128.653 0
      vertex -18.9393 1.05066 0
    endloop
  endfacet
  facet normal 0 0 -1
    outer loop
      vertex -5.66465 128.653 0
      vertex -18.9393 143.939 0
      vertex -5.67076 128.663 0
    endloop
  endfacet
  facet normal 0 0 -1
    outer loop
      vertex -5.67076 128.663 0
      vertex -18.9393 143.939 0
      vertex -6.18353 129.43 0
    endloop
  endfacet
  facet normal 0 0 -1
    outer loop
      vertex -6.18353 129.43 0
      vertex -18.9393 143.939 0
      vertex -6.1884 129.44 0
    endloop
  endfacet
  facet normal 0 0 -1
    outer loop
      vertex -6.1884 129.44 0
      vertex -18.9393 143.939 0
      vertex -6.59662 130.268 0
    endloop
  endfacet
  facet normal 0 0 -1
    outer loop
      vertex -6.59662 130.268 0
      vertex -18.9393 143.939 0
      vertex -6.60016 130.278 0
    endloop
  endfacet
  facet normal 0 0 -1
    outer loop
      vertex -6.60016 130.278 0
      vertex -18.9393 143.939 0
      vertex -6.89684 131.152 0
    endloop
  endfacet
  facet normal 0 0 -1
    outer loop
      vertex -6.89684 131.152 0
      vertex -18.9393 143.939 0
      vertex -6.89898 131.163 0
    endloop
  endfacet
  facet normal 0 0 -1
    outer loop
      vertex -6.89898 131.163 0
      vertex -18.9393 143.939 0
      vertex -7.07905 132.068 0
    endloop
  endfacet
  facet normal 0 0 -1
    outer loop
      vertex -7.07905 132.068 0
      vertex -18.9393 143.939 0
      vertex -7.07977 132.079 0
    endloop
  endfacet
  facet normal 0 0 -1
    outer loop
      vertex -7.07977 132.079 0
      vertex -18.9393 143.939 0
      vertex -7.14013 133 0
    endloop
  endfacet
  facet normal 0 0 -1
    outer loop
      vertex -4.33748 138.671 0
      vertex -4.20075 143.949 0
      vertex -4.20075 138.762 0
    endloop
  endfacet
  facet normal 0 0 -1
    outer loop
      vertex -4.34664 138.665 0
      vertex -4.20075 143.949 0
      vertex -4.33748 138.671 0
    endloop
  endfacet
  facet normal 0 0 -1
    outer loop
      vertex -5.04056 138.056 0
      vertex -4.20075 143.949 0
      vertex -4.34664 138.665 0
    endloop
  endfacet
  facet normal 0 0 -1
    outer loop
      vertex -5.04883 138.049 0
      vertex -4.20075 143.949 0
      vertex -5.04056 138.056 0
    endloop
  endfacet
  facet normal 0 0 -1
    outer loop
      vertex -5.65739 137.355 0
      vertex -4.20075 143.949 0
      vertex -5.04883 138.049 0
    endloop
  endfacet
  facet normal 0 0 -1
    outer loop
      vertex -5.66465 137.347 0
      vertex -4.20075 143.949 0
      vertex -5.65739 137.355 0
    endloop
  endfacet
  facet normal 0 0 -1
    outer loop
      vertex -18.9393 143.939 0
      vertex -5.66465 137.347 0
      vertex -6.17742 136.579 0
    endloop
  endfacet
  facet normal 0 0 -1
    outer loop
      vertex -18.9393 143.939 0
      vertex -6.17742 136.579 0
      vertex -6.18353 136.57 0
    endloop
  endfacet
  facet normal 0 0 -1
    outer loop
      vertex -18.9393 143.939 0
      vertex -6.18353 136.57 0
      vertex -6.59175 135.742 0
    endloop
  endfacet
  facet normal 0 0 -1
    outer loop
      vertex -18.9393 143.939 0
      vertex -6.59175 135.742 0
      vertex -6.59662 135.732 0
    endloop
  endfacet
  facet normal 0 0 -1
    outer loop
      vertex -18.9393 143.939 0
      vertex -6.59662 135.732 0
      vertex -6.8933 134.858 0
    endloop
  endfacet
  facet normal 0 0 -1
    outer loop
      vertex -18.9393 143.939 0
      vertex -6.8933 134.858 0
      vertex -6.89684 134.848 0
    endloop
  endfacet
  facet normal 0 0 -1
    outer loop
      vertex -18.9393 143.939 0
      vertex -7.13941 133.011 0
      vertex -7.14013 133 0
    endloop
  endfacet
  facet normal 0 0 -1
    outer loop
      vertex -18.9393 143.939 0
      vertex -7.07905 133.932 0
      vertex -7.13941 133.011 0
    endloop
  endfacet
  facet normal 0 0 -1
    outer loop
      vertex -18.9393 143.939 0
      vertex -7.0769 133.943 0
      vertex -7.07905 133.932 0
    endloop
  endfacet
  facet normal 0 0 -1
    outer loop
      vertex -18.9393 143.939 0
      vertex -6.89684 134.848 0
      vertex -7.0769 133.943 0
    endloop
  endfacet
  facet normal 0 0 -1
    outer loop
      vertex -5.66465 137.347 0
      vertex -18.9393 143.939 0
      vertex -4.20075 143.949 0
    endloop
  endfacet
  facet normal -0 0 -1
    outer loop
      vertex -4.20075 143.949 0
      vertex -18.9393 143.939 0
      vertex -18.9393 143.949 0
    endloop
  endfacet
  facet normal 0 -0.70712 0.707093
    outer loop
      vertex 16.2215 1.05066 12
      vertex 18.5041 0 10.9493
      vertex 18.9393 1.05066 12
    endloop
  endfacet
  facet normal 0 -0.70712 0.707093
    outer loop
      vertex 18.5041 0 10.9493
      vertex 16.2215 1.05066 12
      vertex 15.8593 0 10.9493
    endloop
  endfacet
  facet normal -2.58507e-17 -0.70712 0.707093
    outer loop
      vertex -16.2216 1.05066 12
      vertex -18.5041 0 10.9493
      vertex -15.8593 0 10.9493
    endloop
  endfacet
  facet normal -2.51572e-17 -0.70712 0.707093
    outer loop
      vertex -18.5041 0 10.9493
      vertex -16.2216 1.05066 12
      vertex -18.9393 1.05066 12
    endloop
  endfacet
  facet normal 0 -0.70712 0.707093
    outer loop
      vertex -9.47845 1.05066 12
      vertex -3.03998 0 10.9493
      vertex -1.98934 1.05066 12
    endloop
  endfacet
  facet normal 0 -0.70712 0.707093
    outer loop
      vertex -3.03998 0 10.9493
      vertex -9.47845 1.05066 12
      vertex -9.84075 0 10.9493
    endloop
  endfacet
  facet normal -1.00533e-17 -0.70712 0.707093
    outer loop
      vertex 9.47844 1.05066 12
      vertex 3.03998 0 10.9493
      vertex 9.84073 0 10.9493
    endloop
  endfacet
  facet normal -9.12926e-18 -0.70712 0.707093
    outer loop
      vertex 3.03998 0 10.9493
      vertex 9.47844 1.05066 12
      vertex 1.98935 1.05066 12
    endloop
  endfacet
  facet normal -0 0 1
    outer loop
      vertex 16.2215 143.949 12
      vertex 18.9393 1.05066 12
      vertex 18.9393 143.949 12
    endloop
  endfacet
  facet normal 0 0 1
    outer loop
      vertex 18.9393 1.05066 12
      vertex 16.2215 143.949 12
      vertex 16.2215 1.05066 12
    endloop
  endfacet
  facet normal 0 0 1
    outer loop
      vertex -18.9393 143.939 12
      vertex -16.2216 143.949 12
      vertex -18.9393 143.949 12
    endloop
  endfacet
  facet normal 0 0 1
    outer loop
      vertex -16.2216 143.949 12
      vertex -18.9393 143.939 12
      vertex -16.2216 1.05066 12
    endloop
  endfacet
  facet normal 0 0 1
    outer loop
      vertex -18.9393 143.939 12
      vertex -18.9393 1.05066 12
      vertex -16.2216 1.05066 12
    endloop
  endfacet
  facet normal 0 0 1
    outer loop
      vertex -4.20075 143.949 12
      vertex -4.34664 138.665 12
      vertex -4.20075 138.762 12
    endloop
  endfacet
  facet normal 0 0 1
    outer loop
      vertex -4.20075 143.949 12
      vertex -4.35491 138.657 12
      vertex -4.34664 138.665 12
    endloop
  endfacet
  facet normal -0 0 1
    outer loop
      vertex -9.47845 143.949 12
      vertex -4.35491 138.657 12
      vertex -4.20075 143.949 12
    endloop
  endfacet
  facet normal 0 0 1
    outer loop
      vertex -4.35491 138.657 12
      vertex -9.47845 143.949 12
      vertex -5.04883 138.049 12
    endloop
  endfacet
  facet normal 0 0 1
    outer loop
      vertex -5.04883 138.049 12
      vertex -9.47845 143.949 12
      vertex -5.05609 138.041 12
    endloop
  endfacet
  facet normal 0 0 1
    outer loop
      vertex -5.05609 138.041 12
      vertex -9.47845 143.949 12
      vertex -5.66465 137.347 12
    endloop
  endfacet
  facet normal 0 0 1
    outer loop
      vertex -5.66465 137.347 12
      vertex -9.47845 143.949 12
      vertex -5.67076 137.337 12
    endloop
  endfacet
  facet normal 0 0 1
    outer loop
      vertex -5.67076 137.337 12
      vertex -9.47845 143.949 12
      vertex -6.18353 136.57 12
    endloop
  endfacet
  facet normal 0 0 1
    outer loop
      vertex -6.18353 136.57 12
      vertex -9.47845 143.949 12
      vertex -6.1884 136.56 12
    endloop
  endfacet
  facet normal 0 0 1
    outer loop
      vertex -6.1884 136.56 12
      vertex -9.47845 143.949 12
      vertex -6.59662 135.732 12
    endloop
  endfacet
  facet normal 0 0 1
    outer loop
      vertex -6.59662 135.732 12
      vertex -9.47845 143.949 12
      vertex -6.60016 135.722 12
    endloop
  endfacet
  facet normal 0 0 1
    outer loop
      vertex -9.47845 143.949 12
      vertex -6.89898 134.837 12
      vertex -6.89684 134.848 12
    endloop
  endfacet
  facet normal 0 0 1
    outer loop
      vertex -9.47845 143.949 12
      vertex -7.07977 133.921 12
      vertex -7.07905 133.932 12
    endloop
  endfacet
  facet normal 0 0 1
    outer loop
      vertex -7.07977 133.921 12
      vertex -9.47845 143.949 12
      vertex -7.14013 133 12
    endloop
  endfacet
  facet normal 0 0 1
    outer loop
      vertex -6.89898 134.837 12
      vertex -9.47845 143.949 12
      vertex -7.07905 133.932 12
    endloop
  endfacet
  facet normal 0 0 1
    outer loop
      vertex -6.60016 135.722 12
      vertex -9.47845 143.949 12
      vertex -6.89684 134.848 12
    endloop
  endfacet
  facet normal 0 0 1
    outer loop
      vertex 7.07977 132.079 12
      vertex 9.47844 143.949 12
      vertex 7.14013 133 12
    endloop
  endfacet
  facet normal 0 0 1
    outer loop
      vertex 9.47844 143.949 12
      vertex 7.13941 133.011 12
      vertex 7.14013 133 12
    endloop
  endfacet
  facet normal 0 0 1
    outer loop
      vertex 9.47844 143.949 12
      vertex 7.07905 133.932 12
      vertex 7.13941 133.011 12
    endloop
  endfacet
  facet normal 0 0 1
    outer loop
      vertex 9.47844 143.949 12
      vertex 7.0769 133.943 12
      vertex 7.07905 133.932 12
    endloop
  endfacet
  facet normal 0 0 1
    outer loop
      vertex 9.47844 143.949 12
      vertex 6.89684 134.848 12
      vertex 7.0769 133.943 12
    endloop
  endfacet
  facet normal 0 0 1
    outer loop
      vertex 9.47844 143.949 12
      vertex 6.8933 134.858 12
      vertex 6.89684 134.848 12
    endloop
  endfacet
  facet normal 0 0 1
    outer loop
      vertex 9.47844 143.949 12
      vertex 6.59662 135.732 12
      vertex 6.8933 134.858 12
    endloop
  endfacet
  facet normal 0 0 1
    outer loop
      vertex 9.47844 143.949 12
      vertex 6.59175 135.742 12
      vertex 6.59662 135.732 12
    endloop
  endfacet
  facet normal 0 0 1
    outer loop
      vertex 9.47844 143.949 12
      vertex 6.18353 136.57 12
      vertex 6.59175 135.742 12
    endloop
  endfacet
  facet normal 0 0 1
    outer loop
      vertex 9.47844 143.949 12
      vertex 6.17742 136.579 12
      vertex 6.18353 136.57 12
    endloop
  endfacet
  facet normal 0 0 1
    outer loop
      vertex 9.47844 143.949 12
      vertex 5.66465 137.347 12
      vertex 6.17742 136.579 12
    endloop
  endfacet
  facet normal 0 0 1
    outer loop
      vertex 9.47844 143.949 12
      vertex 5.65739 137.355 12
      vertex 5.66465 137.347 12
    endloop
  endfacet
  facet normal 0 0 1
    outer loop
      vertex 9.47844 143.949 12
      vertex 5.04883 138.049 12
      vertex 5.65739 137.355 12
    endloop
  endfacet
  facet normal 0 0 1
    outer loop
      vertex 9.47844 143.949 12
      vertex 5.04056 138.056 12
      vertex 5.04883 138.049 12
    endloop
  endfacet
  facet normal 0 0 1
    outer loop
      vertex 9.47844 143.949 12
      vertex 4.34664 138.665 12
      vertex 5.04056 138.056 12
    endloop
  endfacet
  facet normal -0 0 1
    outer loop
      vertex 4.20075 143.949 12
      vertex 4.34664 138.665 12
      vertex 9.47844 143.949 12
    endloop
  endfacet
  facet normal 0 0 1
    outer loop
      vertex 4.34664 138.665 12
      vertex 4.20075 143.949 12
      vertex 4.33748 138.671 12
    endloop
  endfacet
  facet normal 0 0 1
    outer loop
      vertex 4.33748 138.671 12
      vertex 4.20075 143.949 12
      vertex 4.20075 138.762 12
    endloop
  endfacet
  facet normal 0 0 1
    outer loop
      vertex 7.07905 132.068 12
      vertex 9.47844 143.949 12
      vertex 7.07977 132.079 12
    endloop
  endfacet
  facet normal 0 0 1
    outer loop
      vertex 9.47844 143.949 12
      vertex 7.07905 132.068 12
      vertex 9.47844 1.05066 12
    endloop
  endfacet
  facet normal -0 0 1
    outer loop
      vertex 6.89898 131.163 12
      vertex 9.47844 1.05066 12
      vertex 7.07905 132.068 12
    endloop
  endfacet
  facet normal -0 0 1
    outer loop
      vertex 6.89684 131.152 12
      vertex 9.47844 1.05066 12
      vertex 6.89898 131.163 12
    endloop
  endfacet
  facet normal -0 0 1
    outer loop
      vertex 6.60016 130.278 12
      vertex 9.47844 1.05066 12
      vertex 6.89684 131.152 12
    endloop
  endfacet
  facet normal -0 0 1
    outer loop
      vertex 6.59662 130.268 12
      vertex 9.47844 1.05066 12
      vertex 6.60016 130.278 12
    endloop
  endfacet
  facet normal -0 0 1
    outer loop
      vertex 6.1884 129.44 12
      vertex 9.47844 1.05066 12
      vertex 6.59662 130.268 12
    endloop
  endfacet
  facet normal -0 0 1
    outer loop
      vertex 6.18353 129.43 12
      vertex 9.47844 1.05066 12
      vertex 6.1884 129.44 12
    endloop
  endfacet
  facet normal -0 0 1
    outer loop
      vertex 5.67076 128.663 12
      vertex 9.47844 1.05066 12
      vertex 6.18353 129.43 12
    endloop
  endfacet
  facet normal -0 0 1
    outer loop
      vertex 5.66465 128.653 12
      vertex 9.47844 1.05066 12
      vertex 5.67076 128.663 12
    endloop
  endfacet
  facet normal -0 0 1
    outer loop
      vertex 5.05609 127.959 12
      vertex 9.47844 1.05066 12
      vertex 5.66465 128.653 12
    endloop
  endfacet
  facet normal -0 0 1
    outer loop
      vertex 5.04883 127.951 12
      vertex 9.47844 1.05066 12
      vertex 5.05609 127.959 12
    endloop
  endfacet
  facet normal -0 0 1
    outer loop
      vertex 4.35491 127.343 12
      vertex 9.47844 1.05066 12
      vertex 5.04883 127.951 12
    endloop
  endfacet
  facet normal -0 0 1
    outer loop
      vertex 4.34664 127.335 12
      vertex 9.47844 1.05066 12
      vertex 4.35491 127.343 12
    endloop
  endfacet
  facet normal -0 0 1
    outer loop
      vertex 3.57922 126.823 12
      vertex 9.47844 1.05066 12
      vertex 4.34664 127.335 12
    endloop
  endfacet
  facet normal -0 0 1
    outer loop
      vertex 3.57007 126.816 12
      vertex 9.47844 1.05066 12
      vertex 3.57922 126.823 12
    endloop
  endfacet
  facet normal -0 0 1
    outer loop
      vertex 2.74228 126.408 12
      vertex 9.47844 1.05066 12
      vertex 3.57007 126.816 12
    endloop
  endfacet
  facet normal -0 0 1
    outer loop
      vertex 2.73241 126.403 12
      vertex 9.47844 1.05066 12
      vertex 2.74228 126.408 12
    endloop
  endfacet
  facet normal -0 0 1
    outer loop
      vertex 1.85843 126.107 12
      vertex 9.47844 1.05066 12
      vertex 2.73241 126.403 12
    endloop
  endfacet
  facet normal -0 0 1
    outer loop
      vertex 0.942771 125.923 12
      vertex 9.47844 1.05066 12
      vertex 1.848 126.103 12
    endloop
  endfacet
  facet normal -0 0 1
    outer loop
      vertex 1.848 126.103 12
      vertex 9.47844 1.05066 12
      vertex 1.85843 126.107 12
    endloop
  endfacet
  facet normal 0 0 1
    outer loop
      vertex 5.45295 -11.2821 12
      vertex 5.45295 -12.7179 12
      vertex 5.5 -12 12
    endloop
  endfacet
  facet normal 0 0 1
    outer loop
      vertex 5.31259 -10.5765 12
      vertex 5.45295 -12.7179 12
      vertex 5.45295 -11.2821 12
    endloop
  endfacet
  facet normal 0 0 1
    outer loop
      vertex 5.31259 -10.5765 12
      vertex 5.31259 -13.4235 12
      vertex 5.45295 -12.7179 12
    endloop
  endfacet
  facet normal 0 0 1
    outer loop
      vertex 5.08134 -9.89524 12
      vertex 5.31259 -13.4235 12
      vertex 5.31259 -10.5765 12
    endloop
  endfacet
  facet normal 0 0 1
    outer loop
      vertex 5.08134 -9.89524 12
      vertex 5.08134 -14.1048 12
      vertex 5.31259 -13.4235 12
    endloop
  endfacet
  facet normal 0 0 1
    outer loop
      vertex 4.76314 -9.25 12
      vertex 5.08134 -14.1048 12
      vertex 5.08134 -9.89524 12
    endloop
  endfacet
  facet normal 0 0 1
    outer loop
      vertex 4.76314 -9.25 12
      vertex 4.76314 -14.75 12
      vertex 5.08134 -14.1048 12
    endloop
  endfacet
  facet normal 0 0 1
    outer loop
      vertex 4.36344 -8.65181 12
      vertex 4.76314 -14.75 12
      vertex 4.76314 -9.25 12
    endloop
  endfacet
  facet normal 0 0 1
    outer loop
      vertex 4.36344 -8.65181 12
      vertex 4.36344 -15.3482 12
      vertex 4.76314 -14.75 12
    endloop
  endfacet
  facet normal 0 0 1
    outer loop
      vertex 3.88909 -8.11091 12
      vertex 4.36344 -15.3482 12
      vertex 4.36344 -8.65181 12
    endloop
  endfacet
  facet normal 0 0 1
    outer loop
      vertex 3.88909 -8.11091 12
      vertex 3.88909 -15.8891 12
      vertex 4.36344 -15.3482 12
    endloop
  endfacet
  facet normal 0 0 1
    outer loop
      vertex 3.34819 -7.63656 12
      vertex 3.88909 -15.8891 12
      vertex 3.88909 -8.11091 12
    endloop
  endfacet
  facet normal 0 0 1
    outer loop
      vertex 3.34819 -7.63656 12
      vertex 3.34819 -16.3634 12
      vertex 3.88909 -15.8891 12
    endloop
  endfacet
  facet normal 0 0 1
    outer loop
      vertex 2.75 -7.23686 12
      vertex 3.34819 -16.3634 12
      vertex 3.34819 -7.63656 12
    endloop
  endfacet
  facet normal 0 0 1
    outer loop
      vertex 2.75 -7.23686 12
      vertex 2.75 -16.7631 12
      vertex 3.34819 -16.3634 12
    endloop
  endfacet
  facet normal 0 0 1
    outer loop
      vertex 1.98935 -6.87948 12
      vertex 2.75 -7.23686 12
      vertex 2.10476 -6.91866 12
    endloop
  endfacet
  facet normal 0 0 1
    outer loop
      vertex 2.75 -7.23686 12
      vertex 1.98935 -6.87948 12
      vertex 2.75 -16.7631 12
    endloop
  endfacet
  facet normal 0 0 1
    outer loop
      vertex 2.75 -16.7631 12
      vertex 1.98935 -6.87948 12
      vertex 2.10476 -17.0813 12
    endloop
  endfacet
  facet normal -0 0 1
    outer loop
      vertex 0.931974 125.921 12
      vertex 9.47844 1.05066 12
      vertex 0.942771 125.923 12
    endloop
  endfacet
  facet normal 0 0 1
    outer loop
      vertex 1.98935 -6.87948 12
      vertex 1.4235 -17.3126 12
      vertex 2.10476 -17.0813 12
    endloop
  endfacet
  facet normal 0 0 1
    outer loop
      vertex 1.98935 1.05066 12
      vertex -1.98934 1.05066 12
      vertex 1.98935 -6.87948 12
    endloop
  endfacet
  facet normal 0 0 1
    outer loop
      vertex 9.47844 1.05066 12
      vertex 0.931974 125.921 12
      vertex 1.98935 1.05066 12
    endloop
  endfacet
  facet normal -0 0 1
    outer loop
      vertex 0.0109857 125.861 12
      vertex 1.98935 1.05066 12
      vertex 0.931974 125.921 12
    endloop
  endfacet
  facet normal 0 0 1
    outer loop
      vertex -1.98934 -6.87948 12
      vertex 1.98935 -6.87948 12
      vertex -1.98934 1.05066 12
    endloop
  endfacet
  facet normal -0 0 1
    outer loop
      vertex 0 125.86 12
      vertex 1.98935 1.05066 12
      vertex 0.0109857 125.861 12
    endloop
  endfacet
  facet normal 0 0 1
    outer loop
      vertex 1.98935 1.05066 12
      vertex 0 125.86 12
      vertex -1.98934 1.05066 12
    endloop
  endfacet
  facet normal 0 0 1
    outer loop
      vertex 1.98935 -6.87948 12
      vertex -1.98934 -6.87948 12
      vertex 1.4235 -17.3126 12
    endloop
  endfacet
  facet normal 0 0 1
    outer loop
      vertex 1.4235 -17.3126 12
      vertex -1.98934 -6.87948 12
      vertex 0.717894 -17.4529 12
    endloop
  endfacet
  facet normal 0 0 1
    outer loop
      vertex -1.98934 1.05066 12
      vertex 0 125.86 12
      vertex -0.920988 125.92 12
    endloop
  endfacet
  facet normal 0 0 1
    outer loop
      vertex -1.98934 1.05066 12
      vertex -0.920988 125.92 12
      vertex -0.931974 125.921 12
    endloop
  endfacet
  facet normal 0 0 1
    outer loop
      vertex 0.717894 -17.4529 12
      vertex -1.98934 -6.87948 12
      vertex 0 -17.5 12
    endloop
  endfacet
  facet normal 0 0 1
    outer loop
      vertex -9.47845 1.05066 12
      vertex -0.931974 125.921 12
      vertex -1.8372 126.101 12
    endloop
  endfacet
  facet normal 0 0 1
    outer loop
      vertex -9.47845 1.05066 12
      vertex -1.8372 126.101 12
      vertex -1.848 126.103 12
    endloop
  endfacet
  facet normal 0 0 1
    outer loop
      vertex 0 -17.5 12
      vertex -1.98934 -6.87948 12
      vertex -0.717894 -17.4529 12
    endloop
  endfacet
  facet normal 0 0 1
    outer loop
      vertex -0.717894 -17.4529 12
      vertex -1.98934 -6.87948 12
      vertex -1.4235 -17.3126 12
    endloop
  endfacet
  facet normal 0 0 1
    outer loop
      vertex -2.75 -7.23686 12
      vertex -1.98934 -6.87948 12
      vertex -2.10476 -6.91866 12
    endloop
  endfacet
  facet normal 0 0 1
    outer loop
      vertex -1.98934 -6.87948 12
      vertex -2.10476 -17.0813 12
      vertex -1.4235 -17.3126 12
    endloop
  endfacet
  facet normal 0 0 1
    outer loop
      vertex -1.98934 -6.87948 12
      vertex -2.75 -7.23686 12
      vertex -2.10476 -17.0813 12
    endloop
  endfacet
  facet normal 0 0 1
    outer loop
      vertex -2.75 -7.23686 12
      vertex -2.75 -16.7631 12
      vertex -2.10476 -17.0813 12
    endloop
  endfacet
  facet normal -0 0 1
    outer loop
      vertex -3.34819 -7.63656 12
      vertex -2.75 -16.7631 12
      vertex -2.75 -7.23686 12
    endloop
  endfacet
  facet normal 0 0 1
    outer loop
      vertex -3.34819 -7.63656 12
      vertex -3.34819 -16.3634 12
      vertex -2.75 -16.7631 12
    endloop
  endfacet
  facet normal -0 0 1
    outer loop
      vertex -3.88909 -8.11091 12
      vertex -3.34819 -16.3634 12
      vertex -3.34819 -7.63656 12
    endloop
  endfacet
  facet normal 0 0 1
    outer loop
      vertex -3.88909 -8.11091 12
      vertex -3.88909 -15.8891 12
      vertex -3.34819 -16.3634 12
    endloop
  endfacet
  facet normal -0 0 1
    outer loop
      vertex -4.36344 -8.65181 12
      vertex -3.88909 -15.8891 12
      vertex -3.88909 -8.11091 12
    endloop
  endfacet
  facet normal 0 0 1
    outer loop
      vertex -4.36344 -8.65181 12
      vertex -4.36344 -15.3482 12
      vertex -3.88909 -15.8891 12
    endloop
  endfacet
  facet normal -0 0 1
    outer loop
      vertex -4.76314 -9.25 12
      vertex -4.36344 -15.3482 12
      vertex -4.36344 -8.65181 12
    endloop
  endfacet
  facet normal 0 0 1
    outer loop
      vertex -4.76314 -9.25 12
      vertex -4.76314 -14.75 12
      vertex -4.36344 -15.3482 12
    endloop
  endfacet
  facet normal -0 0 1
    outer loop
      vertex -5.08134 -9.89524 12
      vertex -4.76314 -14.75 12
      vertex -4.76314 -9.25 12
    endloop
  endfacet
  facet normal 0 0 1
    outer loop
      vertex -5.08134 -9.89524 12
      vertex -5.08134 -14.1048 12
      vertex -4.76314 -14.75 12
    endloop
  endfacet
  facet normal -0 0 1
    outer loop
      vertex -5.31259 -10.5765 12
      vertex -5.08134 -14.1048 12
      vertex -5.08134 -9.89524 12
    endloop
  endfacet
  facet normal 0 0 1
    outer loop
      vertex -5.31259 -10.5765 12
      vertex -5.31259 -13.4235 12
      vertex -5.08134 -14.1048 12
    endloop
  endfacet
  facet normal -0 0 1
    outer loop
      vertex -5.45295 -11.2821 12
      vertex -5.31259 -13.4235 12
      vertex -5.31259 -10.5765 12
    endloop
  endfacet
  facet normal 0 0 1
    outer loop
      vertex -5.45295 -11.2821 12
      vertex -5.45295 -12.7179 12
      vertex -5.31259 -13.4235 12
    endloop
  endfacet
  facet normal 0 -0 1
    outer loop
      vertex -5.45295 -12.7179 12
      vertex -5.45295 -11.2821 12
      vertex -5.5 -12 12
    endloop
  endfacet
  facet normal 0 0 1
    outer loop
      vertex -9.47845 1.05066 12
      vertex -1.848 126.103 12
      vertex -2.72198 126.4 12
    endloop
  endfacet
  facet normal 0 0 1
    outer loop
      vertex -9.47845 1.05066 12
      vertex -2.72198 126.4 12
      vertex -2.73241 126.403 12
    endloop
  endfacet
  facet normal 0 0 1
    outer loop
      vertex -9.47845 1.05066 12
      vertex -2.73241 126.403 12
      vertex -3.56019 126.812 12
    endloop
  endfacet
  facet normal 0 0 1
    outer loop
      vertex -9.47845 1.05066 12
      vertex -3.56019 126.812 12
      vertex -3.57007 126.816 12
    endloop
  endfacet
  facet normal 0 0 1
    outer loop
      vertex -9.47845 1.05066 12
      vertex -3.57007 126.816 12
      vertex -4.33748 127.329 12
    endloop
  endfacet
  facet normal 0 0 1
    outer loop
      vertex -9.47845 1.05066 12
      vertex -4.33748 127.329 12
      vertex -4.34664 127.335 12
    endloop
  endfacet
  facet normal 0 0 1
    outer loop
      vertex -9.47845 1.05066 12
      vertex -4.34664 127.335 12
      vertex -5.04056 127.944 12
    endloop
  endfacet
  facet normal 0 0 1
    outer loop
      vertex -9.47845 1.05066 12
      vertex -5.04056 127.944 12
      vertex -5.04883 127.951 12
    endloop
  endfacet
  facet normal 0 0 1
    outer loop
      vertex -9.47845 1.05066 12
      vertex -5.04883 127.951 12
      vertex -5.65739 128.645 12
    endloop
  endfacet
  facet normal 0 0 1
    outer loop
      vertex -9.47845 1.05066 12
      vertex -5.65739 128.645 12
      vertex -5.66465 128.653 12
    endloop
  endfacet
  facet normal 0 0 1
    outer loop
      vertex -9.47845 1.05066 12
      vertex -5.66465 128.653 12
      vertex -6.17742 129.421 12
    endloop
  endfacet
  facet normal 0 0 1
    outer loop
      vertex -9.47845 1.05066 12
      vertex -6.17742 129.421 12
      vertex -6.18353 129.43 12
    endloop
  endfacet
  facet normal 0 0 1
    outer loop
      vertex -9.47845 1.05066 12
      vertex -6.18353 129.43 12
      vertex -6.59175 130.258 12
    endloop
  endfacet
  facet normal 0 0 1
    outer loop
      vertex -9.47845 1.05066 12
      vertex -6.59175 130.258 12
      vertex -6.59662 130.268 12
    endloop
  endfacet
  facet normal 0 0 1
    outer loop
      vertex -9.47845 1.05066 12
      vertex -6.59662 130.268 12
      vertex -6.8933 131.142 12
    endloop
  endfacet
  facet normal 0 0 1
    outer loop
      vertex -9.47845 1.05066 12
      vertex -6.8933 131.142 12
      vertex -6.89684 131.152 12
    endloop
  endfacet
  facet normal 0 0 1
    outer loop
      vertex -9.47845 1.05066 12
      vertex -6.89684 131.152 12
      vertex -7.0769 132.057 12
    endloop
  endfacet
  facet normal 0 0 1
    outer loop
      vertex -9.47845 1.05066 12
      vertex -7.0769 132.057 12
      vertex -7.07905 132.068 12
    endloop
  endfacet
  facet normal 0 0 1
    outer loop
      vertex -9.47845 143.949 12
      vertex -7.07905 132.068 12
      vertex -7.13941 132.989 12
    endloop
  endfacet
  facet normal 0 0 1
    outer loop
      vertex -9.47845 143.949 12
      vertex -7.13941 132.989 12
      vertex -7.14013 133 12
    endloop
  endfacet
  facet normal 0 0 1
    outer loop
      vertex -7.07905 132.068 12
      vertex -9.47845 143.949 12
      vertex -9.47845 1.05066 12
    endloop
  endfacet
  facet normal 0 0 1
    outer loop
      vertex -0.931974 125.921 12
      vertex -9.47845 1.05066 12
      vertex -1.98934 1.05066 12
    endloop
  endfacet
  facet normal 0.499993 -0.707117 0.499993
    outer loop
      vertex 18.5041 0 10.9493
      vertex 20 1.05066 10.9393
      vertex 18.9393 1.05066 12
    endloop
  endfacet
  facet normal 0.499993 -0.707117 0.499993
    outer loop
      vertex 20 1.05066 10.9393
      vertex 18.5041 0 10.9493
      vertex 18.9493 0 10.5041
    endloop
  endfacet
  facet normal 0.70709 -4.66355e-19 -0.707123
    outer loop
      vertex 18.9393 143.949 0
      vertex 20 143.949 1.06065
      vertex 20 1.05066 1.06065
    endloop
  endfacet
  facet normal 0.70709 0 -0.707123
    outer loop
      vertex 18.9393 143.949 0
      vertex 20 1.05066 1.06065
      vertex 18.9393 1.05066 0
    endloop
  endfacet
  facet normal 0 1 0
    outer loop
      vertex 20 143.949 1.06065
      vertex 18.9393 143.949 0
      vertex 18.9393 143.949 1.07894e-05
    endloop
  endfacet
  facet normal 1 -0 0
    outer loop
      vertex 20 1.05066 10.9393
      vertex 20 143.949 1.06065
      vertex 20 143.949 10.9393
    endloop
  endfacet
  facet normal 1 0 0
    outer loop
      vertex 20 143.949 1.06065
      vertex 20 1.05066 10.9393
      vertex 20 1.05066 1.06065
    endloop
  endfacet
  facet normal -0.499993 -0.707117 0.499993
    outer loop
      vertex -18.9393 1.05066 12
      vertex -18.5141 0 10.9393
      vertex -18.5041 0 10.9493
    endloop
  endfacet
  facet normal -0.499993 -0.707117 0.499993
    outer loop
      vertex -18.5141 0 10.9393
      vertex -18.9393 1.05066 12
      vertex -20 1.05066 10.9393
    endloop
  endfacet
  facet normal -0.707107 0 0.707107
    outer loop
      vertex -20 1.05066 10.9393
      vertex -18.9393 143.939 12
      vertex -20 143.939 10.9393
    endloop
  endfacet
  facet normal -0.707107 0 0.707107
    outer loop
      vertex -18.9393 143.939 12
      vertex -20 1.05066 10.9393
      vertex -18.9393 1.05066 12
    endloop
  endfacet
  facet normal -5.71039e-05 0.706991 -0.707223
    outer loop
      vertex -4.20075 143.949 0
      vertex -4.21066 144.99 1.04066
      vertex -3.68779 144.467 0.517789
    endloop
  endfacet
  facet normal 1.98158e-20 0.706753 -0.70746
    outer loop
      vertex -4.21066 144.99 1.04066
      vertex -18.5041 145 1.05065
      vertex -4.21066 145 1.05065
    endloop
  endfacet
  facet normal 3.33188e-07 0.706991 -0.707222
    outer loop
      vertex -4.20075 143.949 0
      vertex -18.5041 145 1.05065
      vertex -4.21066 144.99 1.04066
    endloop
  endfacet
  facet normal -3.19774e-18 0.706989 -0.707225
    outer loop
      vertex -18.5041 145 1.05065
      vertex -4.20075 143.949 0
      vertex -18.9393 143.949 0
    endloop
  endfacet
  facet normal 0.923923 0.38258 -0
    outer loop
      vertex 18.9393 143.949 0
      vertex 18.5041 145 1.05065
      vertex 18.9393 143.949 1.07894e-05
    endloop
  endfacet
  facet normal 0 0.706989 -0.707225
    outer loop
      vertex 4.20075 143.949 0
      vertex 18.5041 145 1.05065
      vertex 18.9393 143.949 0
    endloop
  endfacet
  facet normal -3.33188e-07 0.706991 -0.707222
    outer loop
      vertex 18.5041 145 1.05065
      vertex 4.20075 143.949 0
      vertex 4.21066 144.99 1.04066
    endloop
  endfacet
  facet normal 5.71039e-05 0.706991 -0.707223
    outer loop
      vertex 4.21066 144.99 1.04066
      vertex 4.20075 143.949 0
      vertex 3.68779 144.467 0.517789
    endloop
  endfacet
  facet normal 0 0.706753 -0.70746
    outer loop
      vertex 18.5041 145 1.05065
      vertex 4.21066 144.99 1.04066
      vertex 4.21066 145 1.05065
    endloop
  endfacet
  facet normal 0.500077 0.707006 -0.500065
    outer loop
      vertex 20 143.949 1.06065
      vertex 18.5041 145 1.05065
      vertex 18.9493 145 1.49586
    endloop
  endfacet
  facet normal 0.500067 0.706992 -0.500095
    outer loop
      vertex 18.5041 145 1.05065
      vertex 20 143.949 1.06065
      vertex 18.9393 143.949 1.07894e-05
    endloop
  endfacet
  facet normal -0.500072 0.707005 -0.500072
    outer loop
      vertex -18.9393 145 1.48586
      vertex -20 143.949 1.06065
      vertex -18.9493 145 1.49586
    endloop
  endfacet
  facet normal -0.500063 0.707001 -0.500086
    outer loop
      vertex -20 143.949 1.06065
      vertex -18.9393 145 1.48586
      vertex -18.9393 143.949 0
    endloop
  endfacet
  facet normal -0.500089 0.706989 -0.500078
    outer loop
      vertex -18.9393 143.949 0
      vertex -18.9393 145 1.48586
      vertex -18.5041 145 1.05065
    endloop
  endfacet
  facet normal 0.707208 0.707006 -2.04897e-18
    outer loop
      vertex 20 143.949 10.9393
      vertex 18.9493 145 1.49586
      vertex 18.9493 145 10.5041
    endloop
  endfacet
  facet normal 0.707208 0.707006 -1.86843e-18
    outer loop
      vertex 18.9493 145 1.49586
      vertex 20 143.949 10.9393
      vertex 20 143.949 1.06065
    endloop
  endfacet
  facet normal 0.500074 0.707002 0.500074
    outer loop
      vertex 18.9493 145 10.5041
      vertex 18.5141 145 10.9393
      vertex 20 143.949 10.9393
    endloop
  endfacet
  facet normal -0.707107 0 0.707107
    outer loop
      vertex -20 143.939 10.9393
      vertex -18.9393 143.949 12
      vertex -20 143.949 10.9393
    endloop
  endfacet
  facet normal -0.707107 0 0.707107
    outer loop
      vertex -18.9393 143.949 12
      vertex -20 143.939 10.9393
      vertex -18.9393 143.939 12
    endloop
  endfacet
  facet normal -0.707208 0.707006 2.04897e-18
    outer loop
      vertex -20 143.949 1.06065
      vertex -18.9493 145 10.5041
      vertex -18.9493 145 1.49586
    endloop
  endfacet
  facet normal -0.707208 0.707006 1.86843e-18
    outer loop
      vertex -18.9493 145 10.5041
      vertex -20 143.949 1.06065
      vertex -20 143.949 10.9393
    endloop
  endfacet
  facet normal -0 0.707006 0.707208
    outer loop
      vertex -18.5041 145 10.9493
      vertex -16.2216 143.949 12
      vertex -15.8593 145 10.9493
    endloop
  endfacet
  facet normal 0 0.707006 0.707208
    outer loop
      vertex -16.2216 143.949 12
      vertex -18.5041 145 10.9493
      vertex -18.9393 143.949 12
    endloop
  endfacet
  facet normal -4.02696e-05 0.707107 0.707107
    outer loop
      vertex -4.21066 145 10.9493
      vertex -9.47845 143.949 12
      vertex -4.21066 144.99 10.9593
    endloop
  endfacet
  facet normal 7.55454e-18 0.707006 0.707208
    outer loop
      vertex -9.47845 143.949 12
      vertex -4.21066 145 10.9493
      vertex -9.84075 145 10.9493
    endloop
  endfacet
  facet normal -6.92616e-05 0.707005 0.707209
    outer loop
      vertex -4.21066 144.99 10.9593
      vertex -4.20075 143.949 12
      vertex -3.68779 144.467 11.4822
    endloop
  endfacet
  facet normal 0 0.707005 0.707209
    outer loop
      vertex -4.20075 143.949 12
      vertex -4.21066 144.99 10.9593
      vertex -9.47845 143.949 12
    endloop
  endfacet
  facet normal -0 0.707006 0.707208
    outer loop
      vertex 4.21066 145 10.9493
      vertex 9.47844 143.949 12
      vertex 9.84073 145 10.9493
    endloop
  endfacet
  facet normal 4.02697e-05 0.707107 0.707107
    outer loop
      vertex 4.21066 144.99 10.9593
      vertex 9.47844 143.949 12
      vertex 4.21066 145 10.9493
    endloop
  endfacet
  facet normal 1.23651e-17 0.707005 0.707209
    outer loop
      vertex 4.21066 144.99 10.9593
      vertex 4.20075 143.949 12
      vertex 9.47844 143.949 12
    endloop
  endfacet
  facet normal 6.92616e-05 0.707005 0.707209
    outer loop
      vertex 4.20075 143.949 12
      vertex 4.21066 144.99 10.9593
      vertex 3.68779 144.467 11.4822
    endloop
  endfacet
  facet normal 1.56497e-17 0.707006 0.707208
    outer loop
      vertex 18.5041 145 10.9493
      vertex 16.2215 143.949 12
      vertex 18.9393 143.949 12
    endloop
  endfacet
  facet normal 1.60816e-17 0.707006 0.707208
    outer loop
      vertex 16.2215 143.949 12
      vertex 18.5041 145 10.9493
      vertex 15.8593 145 10.9493
    endloop
  endfacet
  facet normal -0.500074 0.707002 0.500074
    outer loop
      vertex -18.5041 145 10.9493
      vertex -20 143.949 10.9393
      vertex -18.9393 143.949 12
    endloop
  endfacet
  facet normal -0.500074 0.707002 0.500074
    outer loop
      vertex -20 143.949 10.9393
      vertex -18.5041 145 10.9493
      vertex -18.9493 145 10.5041
    endloop
  endfacet
  facet normal -0.70709 6.66414e-15 -0.707123
    outer loop
      vertex -20 143.939 1.06065
      vertex -18.9393 143.949 0
      vertex -18.9393 143.939 0
    endloop
  endfacet
  facet normal -0.70709 6.66414e-15 -0.707123
    outer loop
      vertex -18.9393 143.949 0
      vertex -20 143.939 1.06065
      vertex -20 143.949 1.06065
    endloop
  endfacet
  facet normal 0.500074 0.707002 0.500074
    outer loop
      vertex 18.9393 143.949 12
      vertex 18.5141 145 10.9393
      vertex 18.5041 145 10.9493
    endloop
  endfacet
  facet normal 0.500074 0.707002 0.500074
    outer loop
      vertex 18.5141 145 10.9393
      vertex 18.9393 143.949 12
      vertex 20 143.949 10.9393
    endloop
  endfacet
  facet normal 0 1 0
    outer loop
      vertex 18.5141 145 10.9393
      vertex 15.8593 145 10.9493
      vertex 18.5041 145 10.9493
    endloop
  endfacet
  facet normal 0 1 0
    outer loop
      vertex 15.225 145 9.10999
      vertex 18.5141 145 10.9393
      vertex 18.9493 145 10.5041
    endloop
  endfacet
  facet normal 0 1 0
    outer loop
      vertex 18.5141 145 10.9393
      vertex 15.225 145 9.10999
      vertex 15.8593 145 10.9493
    endloop
  endfacet
  facet normal 0 1 -0
    outer loop
      vertex 18.5041 145 1.05065
      vertex 15.225 145 9.10999
      vertex 18.9493 145 1.49586
    endloop
  endfacet
  facet normal 0 1 -0
    outer loop
      vertex 18.9493 145 1.49586
      vertex 15.225 145 9.10999
      vertex 18.9493 145 10.5041
    endloop
  endfacet
  facet normal 0 1 0
    outer loop
      vertex 10.475 145 9.10999
      vertex 4.21066 145 10.9493
      vertex 9.84073 145 10.9493
    endloop
  endfacet
  facet normal 0 1 0
    outer loop
      vertex 15.225 145 9.10999
      vertex 18.5041 145 1.05065
      vertex 10.475 145 9.10999
    endloop
  endfacet
  facet normal 0 1 0
    outer loop
      vertex 4.21066 145 1.05065
      vertex 10.475 145 9.10999
      vertex 18.5041 145 1.05065
    endloop
  endfacet
  facet normal 0 1 0
    outer loop
      vertex 10.475 145 9.10999
      vertex 4.21066 145 1.05065
      vertex 4.21066 145 10.9493
    endloop
  endfacet
  facet normal 0 1 0
    outer loop
      vertex -4.21066 145 10.9493
      vertex -10.475 145 9.10999
      vertex -9.84075 145 10.9493
    endloop
  endfacet
  facet normal 0 1 0
    outer loop
      vertex -18.5041 145 1.05065
      vertex -15.225 145 9.10999
      vertex -10.475 145 9.10999
    endloop
  endfacet
  facet normal 0 1 -0
    outer loop
      vertex -4.21066 145 1.05065
      vertex -10.475 145 9.10999
      vertex -4.21066 145 10.9493
    endloop
  endfacet
  facet normal 0 1 0
    outer loop
      vertex -15.225 145 9.10999
      vertex -18.9393 145 1.48586
      vertex -18.9493 145 1.49586
    endloop
  endfacet
  facet normal 0 1 0
    outer loop
      vertex -10.475 145 9.10999
      vertex -4.21066 145 1.05065
      vertex -18.5041 145 1.05065
    endloop
  endfacet
  facet normal 0 1 0
    outer loop
      vertex -15.225 145 9.10999
      vertex -18.5041 145 1.05065
      vertex -18.9393 145 1.48586
    endloop
  endfacet
  facet normal 0 1 0
    outer loop
      vertex -15.225 145 9.10999
      vertex -18.5041 145 10.9493
      vertex -15.8593 145 10.9493
    endloop
  endfacet
  facet normal 0 1 0
    outer loop
      vertex -18.5041 145 10.9493
      vertex -15.225 145 9.10999
      vertex -18.9493 145 10.5041
    endloop
  endfacet
  facet normal 0 1 0
    outer loop
      vertex -18.9493 145 10.5041
      vertex -15.225 145 9.10999
      vertex -18.9493 145 1.49586
    endloop
  endfacet
  facet normal 0 -1 0
    outer loop
      vertex 3.05 0 10.9393
      vertex 9.84073 0 10.9493
      vertex 3.03998 0 10.9493
    endloop
  endfacet
  facet normal 0 -1 0
    outer loop
      vertex 3.05 0 10.9393
      vertex 10.475 0 9.10999
      vertex 9.84073 0 10.9493
    endloop
  endfacet
  facet normal 0 -1 0
    outer loop
      vertex 18.5041 0 1.05065
      vertex 15.225 0 9.10999
      vertex 10.475 0 9.10999
    endloop
  endfacet
  facet normal 0 -1 0
    outer loop
      vertex 3.05 0 1.06065
      vertex 10.475 0 9.10999
      vertex 3.05 0 10.9393
    endloop
  endfacet
  facet normal 0 -1 0
    outer loop
      vertex 15.225 0 9.10999
      vertex 18.9393 0 1.48586
      vertex 18.9493 0 1.49586
    endloop
  endfacet
  facet normal 0 -1 -0
    outer loop
      vertex 10.475 0 9.10999
      vertex 3.05 0 1.06065
      vertex 18.5041 0 1.05065
    endloop
  endfacet
  facet normal 0 -1 0
    outer loop
      vertex 18.5041 0 1.05065
      vertex 3.05 0 1.06065
      vertex 3.04 0 1.05065
    endloop
  endfacet
  facet normal 0 -1 0
    outer loop
      vertex 15.225 0 9.10999
      vertex 18.5041 0 1.05065
      vertex 18.9393 0 1.48586
    endloop
  endfacet
  facet normal 0 -1 0
    outer loop
      vertex 15.225 0 9.10999
      vertex 18.5041 0 10.9493
      vertex 15.8593 0 10.9493
    endloop
  endfacet
  facet normal 0 -1 -0
    outer loop
      vertex 18.5041 0 10.9493
      vertex 15.225 0 9.10999
      vertex 18.9493 0 10.5041
    endloop
  endfacet
  facet normal 0 -1 -0
    outer loop
      vertex 18.9493 0 10.5041
      vertex 15.225 0 9.10999
      vertex 18.9493 0 1.49586
    endloop
  endfacet
  facet normal 0 -1 0
    outer loop
      vertex -18.5141 0 10.9393
      vertex -15.8593 0 10.9493
      vertex -18.5041 0 10.9493
    endloop
  endfacet
  facet normal 0 -1 0
    outer loop
      vertex -15.225 0 9.10999
      vertex -18.5141 0 10.9393
      vertex -18.9493 0 10.5041
    endloop
  endfacet
  facet normal 0 -1 0
    outer loop
      vertex -18.5141 0 10.9393
      vertex -15.225 0 9.10999
      vertex -15.8593 0 10.9493
    endloop
  endfacet
  facet normal 0 -1 0
    outer loop
      vertex -18.5041 0 1.05065
      vertex -15.225 0 9.10999
      vertex -18.9493 0 1.49586
    endloop
  endfacet
  facet normal 0 -1 0
    outer loop
      vertex -18.9493 0 1.49586
      vertex -15.225 0 9.10999
      vertex -18.9493 0 10.5041
    endloop
  endfacet
  facet normal 0 -1 0
    outer loop
      vertex -9.84075 0 10.9493
      vertex -3.04999 0 10.9393
      vertex -3.03998 0 10.9493
    endloop
  endfacet
  facet normal 0 -1 0
    outer loop
      vertex -10.475 0 9.10999
      vertex -3.04999 0 10.9393
      vertex -9.84075 0 10.9493
    endloop
  endfacet
  facet normal 0 -1 -0
    outer loop
      vertex -15.225 0 9.10999
      vertex -18.5041 0 1.05065
      vertex -10.475 0 9.10999
    endloop
  endfacet
  facet normal -0 -1 0
    outer loop
      vertex -3.04999 0 1.06065
      vertex -10.475 0 9.10999
      vertex -18.5041 0 1.05065
    endloop
  endfacet
  facet normal 0 -1 0
    outer loop
      vertex -10.475 0 9.10999
      vertex -3.04999 0 1.06065
      vertex -3.04999 0 10.9393
    endloop
  endfacet
  facet normal 0 -1 -0
    outer loop
      vertex -3.04999 0 1.06065
      vertex -18.5041 0 1.05065
      vertex -3.03999 0 1.05065
    endloop
  endfacet
  facet normal -0.945364 0.000127603 0.326016
    outer loop
      vertex 15.225 145 9.10999
      vertex 16.2215 143.949 12
      vertex 15.8593 145 10.9493
    endloop
  endfacet
  facet normal -0.945379 4.88444e-19 0.325975
    outer loop
      vertex 15.225 145 9.10999
      vertex 16.2215 1.05066 12
      vertex 16.2215 143.949 12
    endloop
  endfacet
  facet normal -0.945379 0 0.325975
    outer loop
      vertex 15.225 0 9.10999
      vertex 16.2215 1.05066 12
      vertex 15.225 145 9.10999
    endloop
  endfacet
  facet normal -0.945364 -0.000127645 0.326016
    outer loop
      vertex 16.2215 1.05066 12
      vertex 15.225 0 9.10999
      vertex 15.8593 0 10.9493
    endloop
  endfacet
  facet normal -0 0 1
    outer loop
      vertex 10.475 145 9.10999
      vertex 15.225 0 9.10999
      vertex 15.225 145 9.10999
    endloop
  endfacet
  facet normal 0 0 1
    outer loop
      vertex 15.225 0 9.10999
      vertex 10.475 145 9.10999
      vertex 10.475 0 9.10999
    endloop
  endfacet
  facet normal 0.945369 3.12345e-05 0.326002
    outer loop
      vertex 9.47844 143.949 12
      vertex 10.475 145 9.10999
      vertex 9.84073 145 10.9493
    endloop
  endfacet
  facet normal 0.945372 -0 0.325992
    outer loop
      vertex 9.47844 1.05066 12
      vertex 10.475 145 9.10999
      vertex 9.47844 143.949 12
    endloop
  endfacet
  facet normal 0.945369 -3.12446e-05 0.326002
    outer loop
      vertex 10.475 0 9.10999
      vertex 9.47844 1.05066 12
      vertex 9.84073 0 10.9493
    endloop
  endfacet
  facet normal 0.945372 2.07905e-19 0.325992
    outer loop
      vertex 9.47844 1.05066 12
      vertex 10.475 0 9.10999
      vertex 10.475 145 9.10999
    endloop
  endfacet
  facet normal -0.945372 1.19629e-05 0.325993
    outer loop
      vertex -10.475 145 9.10999
      vertex -9.47845 143.949 12
      vertex -9.84075 145 10.9493
    endloop
  endfacet
  facet normal -0.945374 -1.89618e-19 0.325989
    outer loop
      vertex -10.475 145 9.10999
      vertex -9.47845 1.05066 12
      vertex -9.47845 143.949 12
    endloop
  endfacet
  facet normal -0.945374 0 0.325989
    outer loop
      vertex -10.475 0 9.10999
      vertex -9.47845 1.05066 12
      vertex -10.475 145 9.10999
    endloop
  endfacet
  facet normal -0.945372 -1.19668e-05 0.325993
    outer loop
      vertex -9.47845 1.05066 12
      vertex -10.475 0 9.10999
      vertex -9.84075 0 10.9493
    endloop
  endfacet
  facet normal -0 0 1
    outer loop
      vertex -15.225 145 9.10999
      vertex -10.475 0 9.10999
      vertex -10.475 145 9.10999
    endloop
  endfacet
  facet normal 0 0 1
    outer loop
      vertex -10.475 0 9.10999
      vertex -15.225 145 9.10999
      vertex -15.225 0 9.10999
    endloop
  endfacet
  facet normal 0.945364 3.76544e-05 0.326016
    outer loop
      vertex -16.2216 143.949 12
      vertex -15.225 145 9.10999
      vertex -15.8593 145 10.9493
    endloop
  endfacet
  facet normal 0.945368 -0 0.326004
    outer loop
      vertex -16.2216 1.05066 12
      vertex -15.225 145 9.10999
      vertex -16.2216 143.949 12
    endloop
  endfacet
  facet normal 0.945364 -3.76666e-05 0.326016
    outer loop
      vertex -15.225 0 9.10999
      vertex -16.2216 1.05066 12
      vertex -15.8593 0 10.9493
    endloop
  endfacet
  facet normal 0.945368 -1.47245e-19 0.326004
    outer loop
      vertex -16.2216 1.05066 12
      vertex -15.225 0 9.10999
      vertex -15.225 145 9.10999
    endloop
  endfacet
  facet normal -0.706753 3.87451e-05 0.70746
    outer loop
      vertex -3.04999 0 10.9393
      vertex -2.73933 -6.39715 11.25
      vertex -3.03998 0 10.9493
    endloop
  endfacet
  facet normal -0.707152 -2.32859e-18 0.707061
    outer loop
      vertex -2.73933 -6.39715 11.25
      vertex -3.04999 0 10.9393
      vertex -3.04999 -6.55035 10.9393
    endloop
  endfacet
  facet normal -0.707092 6.9085e-06 0.707121
    outer loop
      vertex -2.17631 -6.74592 11.813
      vertex -3.03998 0 10.9493
      vertex -2.73933 -6.39715 11.25
    endloop
  endfacet
  facet normal -0.707106 3.46115e-06 0.707108
    outer loop
      vertex -2.05931 -6.8295 11.93
      vertex -3.03998 0 10.9493
      vertex -2.17631 -6.74592 11.813
    endloop
  endfacet
  facet normal -0.707274 -4.50378e-05 0.706939
    outer loop
      vertex -1.98934 -6.87948 12
      vertex -3.03998 0 10.9493
      vertex -2.05931 -6.8295 11.93
    endloop
  endfacet
  facet normal -0.707127 -5.16192e-18 0.707087
    outer loop
      vertex -3.03998 0 10.9493
      vertex -1.98934 -6.87948 12
      vertex -1.98934 1.05066 12
    endloop
  endfacet
  facet normal -1 0 0
    outer loop
      vertex -3.04999 -6.55035 1.06065
      vertex -3.04999 0 10.9393
      vertex -3.04999 0 1.06065
    endloop
  endfacet
  facet normal -1 -0 0
    outer loop
      vertex -3.04999 0 10.9393
      vertex -3.04999 -6.55035 1.06065
      vertex -3.04999 -6.55035 10.9393
    endloop
  endfacet
  facet normal 0.7064 7.19303e-05 0.707813
    outer loop
      vertex 3.03998 0 10.9493
      vertex 2.73933 -6.39715 11.25
      vertex 3.05 0 10.9393
    endloop
  endfacet
  facet normal 0.70713 -0 0.707083
    outer loop
      vertex 1.98935 -6.87948 12
      vertex 3.03998 0 10.9493
      vertex 1.98935 1.05066 12
    endloop
  endfacet
  facet normal 0.707092 6.90851e-06 0.707121
    outer loop
      vertex 3.03998 0 10.9493
      vertex 2.17631 -6.74593 11.813
      vertex 2.73933 -6.39715 11.25
    endloop
  endfacet
  facet normal 0.707106 3.46111e-06 0.707108
    outer loop
      vertex 3.03998 0 10.9493
      vertex 2.05931 -6.8295 11.93
      vertex 2.17631 -6.74593 11.813
    endloop
  endfacet
  facet normal 0.707331 -6.12092e-05 0.706883
    outer loop
      vertex 3.03998 0 10.9493
      vertex 1.98935 -6.87948 12
      vertex 2.05931 -6.8295 11.93
    endloop
  endfacet
  facet normal 0.707141 0 0.707073
    outer loop
      vertex 3.05 0 10.9393
      vertex 2.73933 -6.39715 11.25
      vertex 3.05 -6.55035 10.9393
    endloop
  endfacet
  facet normal -0.707107 7.3843e-16 -0.707107
    outer loop
      vertex -3.03999 0 1.05065
      vertex -2.73934 -6.39715 0.75
      vertex -3.04999 0 1.06065
    endloop
  endfacet
  facet normal -0.707107 0 -0.707107
    outer loop
      vertex -1.98934 -6.87948 0
      vertex -3.03999 0 1.05065
      vertex -1.98934 1.05066 0
    endloop
  endfacet
  facet normal -0.707105 1.82382e-07 -0.707109
    outer loop
      vertex -3.03999 0 1.05065
      vertex -2.17631 -6.74592 0.186973
      vertex -2.73934 -6.39715 0.75
    endloop
  endfacet
  facet normal -0.707108 -6.01612e-07 -0.707106
    outer loop
      vertex -3.03999 0 1.05065
      vertex -2.05931 -6.8295 0.0699727
      vertex -2.17631 -6.74592 0.186973
    endloop
  endfacet
  facet normal -0.707122 -4.67731e-06 -0.707091
    outer loop
      vertex -3.03999 0 1.05065
      vertex -1.98934 -6.87948 0
      vertex -2.05931 -6.8295 0.0699727
    endloop
  endfacet
  facet normal -0.707107 -0 -0.707107
    outer loop
      vertex -3.04999 0 1.06065
      vertex -2.73934 -6.39715 0.75
      vertex -3.04999 -6.55035 1.06065
    endloop
  endfacet
  facet normal 1 -0 0
    outer loop
      vertex 3.05 -6.55035 10.9393
      vertex 3.05 0 1.06065
      vertex 3.05 0 10.9393
    endloop
  endfacet
  facet normal 1 0 0
    outer loop
      vertex 3.05 0 1.06065
      vertex 3.05 -6.55035 10.9393
      vertex 3.05 -6.55035 1.06065
    endloop
  endfacet
  facet normal 0.707107 -7.36509e-16 -0.707107
    outer loop
      vertex 3.05 0 1.06065
      vertex 2.73935 -6.39716 0.75
      vertex 3.04 0 1.05065
    endloop
  endfacet
  facet normal 0.707107 8.99503e-19 -0.707107
    outer loop
      vertex 2.73935 -6.39716 0.75
      vertex 3.05 0 1.06065
      vertex 3.05 -6.55035 1.06065
    endloop
  endfacet
  facet normal 0.707101 5.47128e-07 -0.707113
    outer loop
      vertex 2.1763 -6.74593 0.186959
      vertex 3.04 0 1.05065
      vertex 2.73935 -6.39716 0.75
    endloop
  endfacet
  facet normal 0.707112 -2.31595e-06 -0.707101
    outer loop
      vertex 2.05931 -6.8295 0.0699675
      vertex 3.04 0 1.05065
      vertex 2.1763 -6.74593 0.186959
    endloop
  endfacet
  facet normal 0.707149 -1.29941e-05 -0.707064
    outer loop
      vertex 1.98935 -6.87948 0
      vertex 3.04 0 1.05065
      vertex 2.05931 -6.8295 0.0699675
    endloop
  endfacet
  facet normal 0.707107 1.42623e-18 -0.707107
    outer loop
      vertex 3.04 0 1.05065
      vertex 1.98935 -6.87948 0
      vertex 1.98935 1.05066 0
    endloop
  endfacet
  facet normal 0.634864 0.313081 0.706348
    outer loop
      vertex 5.41266 -8.875 11.25
      vertex 5.08134 -9.89524 12
      vertex 5.77425 -9.60823 11.25
    endloop
  endfacet
  facet normal 0.706349 -0.0462962 0.706349
    outer loop
      vertex 6.25 -12 11.25
      vertex 5.5 -12 12
      vertex 6.19653 -12.8158 11.25
    endloop
  endfacet
  facet normal -0.980785 -0.195093 -1.29307e-18
    outer loop
      vertex -6.03704 -13.6176 0.75
      vertex -6.19653 -12.8158 11.25
      vertex -6.19653 -12.8158 0.75
    endloop
  endfacet
  facet normal -0.980785 -0.195093 -1.29307e-18
    outer loop
      vertex -6.19653 -12.8158 11.25
      vertex -6.03704 -13.6176 0.75
      vertex -6.03704 -13.6176 11.25
    endloop
  endfacet
  facet normal 0.588567 0.393267 0.70635
    outer loop
      vertex 4.95846 -8.19524 11.25
      vertex 4.36344 -8.65181 12
      vertex 5.41266 -8.875 11.25
    endloop
  endfacet
  facet normal 0.946932 0.321434 9.61459e-19
    outer loop
      vertex 6.03704 -10.3824 11.25
      vertex 5.77425 -9.60823 0.75
      vertex 5.77425 -9.60823 11.25
    endloop
  endfacet
  facet normal 0.946932 0.321434 9.61459e-19
    outer loop
      vertex 5.77425 -9.60823 0.75
      vertex 6.03704 -10.3824 11.25
      vertex 6.03704 -10.3824 0.75
    endloop
  endfacet
  facet normal 0.588569 -0.393265 0.706349
    outer loop
      vertex 4.76314 -14.75 12
      vertex 4.36344 -15.3482 12
      vertex 5.41266 -15.125 11.25
    endloop
  endfacet
  facet normal 0.227555 0.670296 -0.706344
    outer loop
      vertex 2.10476 -6.91866 0
      vertex 1.98935 -6.87948 0
      vertex 2.05931 -6.8295 0.0699675
    endloop
  endfacet
  facet normal 0.532211 -0.46673 -0.706339
    outer loop
      vertex 4.41942 -16.4194 0.75
      vertex 3.88909 -15.8891 0
      vertex 4.36344 -15.3482 0
    endloop
  endfacet
  facet normal 0.997859 -0.0654027 -2.32867e-19
    outer loop
      vertex 6.19653 -12.8158 11.25
      vertex 6.25 -12 0.75
      vertex 6.25 -12 11.25
    endloop
  endfacet
  facet normal 0.997859 -0.0654027 -2.32867e-19
    outer loop
      vertex 6.25 -12 0.75
      vertex 6.19653 -12.8158 11.25
      vertex 6.19653 -12.8158 0.75
    endloop
  endfacet
  facet normal -0.634864 0.313081 -0.706348
    outer loop
      vertex -5.08134 -9.89524 0
      vertex -5.77425 -9.60823 0.75
      vertex -5.41266 -8.875 0.75
    endloop
  endfacet
  facet normal 0.0463417 -0.706336 -0.706358
    outer loop
      vertex 0.815788 -18.1965 0.75
      vertex 0 -17.5 0
      vertex 0.717894 -17.4529 0
    endloop
  endfacet
  facet normal -0.227504 0.670312 -0.706346
    outer loop
      vertex -2.10476 -6.91866 0
      vertex -2.17631 -6.74592 0.186973
      vertex -2.05931 -6.8295 0.0699727
    endloop
  endfacet
  facet normal 0.706349 0.0462962 0.706349
    outer loop
      vertex 6.19653 -11.1842 11.25
      vertex 5.5 -12 12
      vertex 6.25 -12 11.25
    endloop
  endfacet
  facet normal -0.634864 0.313081 0.706348
    outer loop
      vertex -5.41266 -8.875 11.25
      vertex -5.77425 -9.60823 11.25
      vertex -5.08134 -9.89524 12
    endloop
  endfacet
  facet normal 0.532204 0.466724 0.706348
    outer loop
      vertex 4.41942 -7.58058 11.25
      vertex 3.88909 -8.11091 12
      vertex 4.36344 -8.65181 12
    endloop
  endfacet
  facet normal -0.466724 0.532204 -0.706348
    outer loop
      vertex -3.88909 -8.11091 0
      vertex -4.41942 -7.58058 0.75
      vertex -3.34819 -7.63656 0
    endloop
  endfacet
  facet normal -0.670303 -0.227517 0.70635
    outer loop
      vertex -5.31259 -13.4235 12
      vertex -6.03704 -13.6176 11.25
      vertex -5.08134 -14.1048 12
    endloop
  endfacet
  facet normal -0.706349 0.0462962 0.706349
    outer loop
      vertex -6.19653 -11.1842 11.25
      vertex -6.25 -12 11.25
      vertex -5.5 -12 12
    endloop
  endfacet
  facet normal -0.22758 -0.670304 -0.706328
    outer loop
      vertex -1.61762 -18.037 0.75
      vertex -2.10476 -17.0813 0
      vertex -1.4235 -17.3126 0
    endloop
  endfacet
  facet normal 0.321452 -0.946926 0
    outer loop
      vertex 1.61762 -18.037 0.75
      vertex 2.39177 -17.7742 11.25
      vertex 1.61762 -18.037 11.25
    endloop
  endfacet
  facet normal 0.321452 -0.946926 0
    outer loop
      vertex 2.39177 -17.7742 11.25
      vertex 1.61762 -18.037 0.75
      vertex 2.39177 -17.7742 0.75
    endloop
  endfacet
  facet normal 0.466704 -0.532237 -0.706336
    outer loop
      vertex 4.41942 -16.4194 0.75
      vertex 3.34819 -16.3634 0
      vertex 3.88909 -15.8891 0
    endloop
  endfacet
  facet normal 0.313019 -0.634897 0.706346
    outer loop
      vertex 3.125 -17.4127 11.25
      vertex 2.10476 -17.0813 12
      vertex 2.39177 -17.7742 11.25
    endloop
  endfacet
  facet normal 0.466724 0.532204 0.706348
    outer loop
      vertex 4.41942 -7.58058 11.25
      vertex 3.34819 -7.63656 12
      vertex 3.88909 -8.11091 12
    endloop
  endfacet
  facet normal 0.751841 0.659344 -2.50395e-18
    outer loop
      vertex 4.95846 -8.19524 11.25
      vertex 4.41942 -7.58058 0.75
      vertex 4.41942 -7.58058 11.25
    endloop
  endfacet
  facet normal 0.751841 0.659344 -2.50395e-18
    outer loop
      vertex 4.41942 -7.58058 0.75
      vertex 4.95846 -8.19524 11.25
      vertex 4.95846 -8.19524 0.75
    endloop
  endfacet
  facet normal 0.706349 -0.0462962 -0.706349
    outer loop
      vertex 6.19653 -12.8158 0.75
      vertex 5.5 -12 0
      vertex 6.25 -12 0.75
    endloop
  endfacet
  facet normal 0.997859 0.0654027 2.32867e-19
    outer loop
      vertex 6.25 -12 11.25
      vertex 6.19653 -11.1842 0.75
      vertex 6.19653 -11.1842 11.25
    endloop
  endfacet
  facet normal 0.997859 0.0654027 2.32867e-19
    outer loop
      vertex 6.19653 -11.1842 0.75
      vertex 6.25 -12 11.25
      vertex 6.25 -12 0.75
    endloop
  endfacet
  facet normal -0.393249 -0.588541 0.706382
    outer loop
      vertex -3.34819 -16.3634 12
      vertex -3.80476 -16.9585 11.25
      vertex -3.125 -17.4127 11.25
    endloop
  endfacet
  facet normal 0.694264 0.138099 0.706347
    outer loop
      vertex 6.03704 -10.3824 11.25
      vertex 5.45295 -11.2821 12
      vertex 6.19653 -11.1842 11.25
    endloop
  endfacet
  facet normal -0.997859 0.0654027 -2.32867e-19
    outer loop
      vertex -6.25 -12 0.75
      vertex -6.19653 -11.1842 11.25
      vertex -6.19653 -11.1842 0.75
    endloop
  endfacet
  facet normal -0.997859 0.0654027 -2.32867e-19
    outer loop
      vertex -6.19653 -11.1842 11.25
      vertex -6.25 -12 0.75
      vertex -6.25 -12 11.25
    endloop
  endfacet
  facet normal -0.6703 0.227531 0.706348
    outer loop
      vertex -5.77425 -9.60823 11.25
      vertex -6.03704 -10.3824 11.25
      vertex -5.08134 -9.89524 12
    endloop
  endfacet
  facet normal 0.70635 -0.0462931 0.706347
    outer loop
      vertex 5.5 -12 12
      vertex 5.45295 -12.7179 12
      vertex 6.19653 -12.8158 11.25
    endloop
  endfacet
  facet normal -0.393252 -0.58854 0.70638
    outer loop
      vertex -2.75 -16.7631 12
      vertex -3.34819 -16.3634 12
      vertex -3.125 -17.4127 11.25
    endloop
  endfacet
  facet normal -0.588571 -0.393247 0.706357
    outer loop
      vertex -4.36344 -15.3482 12
      vertex -5.41266 -15.125 11.25
      vertex -4.95846 -15.8048 11.25
    endloop
  endfacet
  facet normal 0.0654402 -0.997856 0
    outer loop
      vertex 0 -18.25 0.75
      vertex 0.815788 -18.1965 11.25
      vertex 0 -18.25 11.25
    endloop
  endfacet
  facet normal 0.0654402 -0.997856 0
    outer loop
      vertex 0.815788 -18.1965 11.25
      vertex 0 -18.25 0.75
      vertex 0.815788 -18.1965 0.75
    endloop
  endfacet
  facet normal 0.138101 -0.694255 -0.706356
    outer loop
      vertex 0.815788 -18.1965 0.75
      vertex 0.717894 -17.4529 0
      vertex 1.61762 -18.037 0.75
    endloop
  endfacet
  facet normal -0.442201 -0.896916 0
    outer loop
      vertex -3.125 -17.4127 0.75
      vertex -2.39177 -17.7742 11.25
      vertex -3.125 -17.4127 11.25
    endloop
  endfacet
  facet normal -0.442201 -0.896916 -0
    outer loop
      vertex -2.39177 -17.7742 11.25
      vertex -3.125 -17.4127 0.75
      vertex -2.39177 -17.7742 0.75
    endloop
  endfacet
  facet normal 0.313067 -0.634832 -0.706383
    outer loop
      vertex 3.125 -17.4127 0.75
      vertex 2.10476 -17.0813 0
      vertex 2.75 -16.7631 0
    endloop
  endfacet
  facet normal 0.634861 -0.313093 0.706346
    outer loop
      vertex 5.77425 -14.3918 11.25
      vertex 5.08134 -14.1048 12
      vertex 5.41266 -15.125 11.25
    endloop
  endfacet
  facet normal 0.70635 -0.0462931 -0.706347
    outer loop
      vertex 6.19653 -12.8158 0.75
      vertex 5.45295 -12.7179 0
      vertex 5.5 -12 0
    endloop
  endfacet
  facet normal -0.0463228 -0.706348 -0.706348
    outer loop
      vertex 0 -18.25 0.75
      vertex -0.815788 -18.1965 0.75
      vertex 0 -17.5 0
    endloop
  endfacet
  facet normal 0.227546 -0.670299 0.706344
    outer loop
      vertex 2.10476 -17.0813 12
      vertex 1.61762 -18.037 11.25
      vertex 2.39177 -17.7742 11.25
    endloop
  endfacet
  facet normal -0.39327 0.588566 -0.706349
    outer loop
      vertex -2.75 -7.23686 0
      vertex -3.34819 -7.63656 0
      vertex -3.125 -6.58734 0.75
    endloop
  endfacet
  facet normal -0.70635 0.0462931 -0.706347
    outer loop
      vertex -5.5 -12 0
      vertex -6.19653 -11.1842 0.75
      vertex -5.45295 -11.2821 0
    endloop
  endfacet
  facet normal -0.313079 0.634867 -0.706347
    outer loop
      vertex -3.125 -6.58734 0.75
      vertex -2.17631 -6.74592 0.186973
      vertex -2.10476 -6.91866 0
    endloop
  endfacet
  facet normal -0.313084 0.634859 -0.706352
    outer loop
      vertex -2.17631 -6.74592 0.186973
      vertex -3.125 -6.58734 0.75
      vertex -2.73934 -6.39715 0.75
    endloop
  endfacet
  facet normal 0.393267 0.588567 0.70635
    outer loop
      vertex 3.80476 -7.04154 11.25
      vertex 3.125 -6.58734 11.25
      vertex 3.34819 -7.63656 12
    endloop
  endfacet
  facet normal 0.555569 0.83147 -0
    outer loop
      vertex 3.80476 -7.04154 0.75
      vertex 3.125 -6.58734 11.25
      vertex 3.80476 -7.04154 11.25
    endloop
  endfacet
  facet normal 0.555569 0.83147 0
    outer loop
      vertex 3.125 -6.58734 11.25
      vertex 3.80476 -7.04154 0.75
      vertex 3.125 -6.58734 0.75
    endloop
  endfacet
  facet normal -0.393267 0.588567 0.70635
    outer loop
      vertex -3.125 -6.58734 11.25
      vertex -3.80476 -7.04154 11.25
      vertex -3.34819 -7.63656 12
    endloop
  endfacet
  facet normal -0.532204 0.466724 0.706348
    outer loop
      vertex -3.88909 -8.11091 12
      vertex -4.41942 -7.58058 11.25
      vertex -4.36344 -8.65181 12
    endloop
  endfacet
  facet normal -0.69426 0.138104 0.70635
    outer loop
      vertex -5.31259 -10.5765 12
      vertex -6.03704 -10.3824 11.25
      vertex -5.45295 -11.2821 12
    endloop
  endfacet
  facet normal 0.694264 -0.138099 0.706347
    outer loop
      vertex 6.19653 -12.8158 11.25
      vertex 5.45295 -12.7179 12
      vertex 6.03704 -13.6176 11.25
    endloop
  endfacet
  facet normal -0.70635 -0.0462931 0.706347
    outer loop
      vertex -5.5 -12 12
      vertex -6.19653 -12.8158 11.25
      vertex -5.45295 -12.7179 12
    endloop
  endfacet
  facet normal -0.694264 -0.138099 0.706347
    outer loop
      vertex -5.45295 -12.7179 12
      vertex -6.19653 -12.8158 11.25
      vertex -6.03704 -13.6176 11.25
    endloop
  endfacet
  facet normal -0.670304 -0.227524 0.706346
    outer loop
      vertex -5.08134 -14.1048 12
      vertex -6.03704 -13.6176 11.25
      vertex -5.77425 -14.3918 11.25
    endloop
  endfacet
  facet normal -0.313067 -0.634832 -0.706383
    outer loop
      vertex -2.10476 -17.0813 0
      vertex -3.125 -17.4127 0.75
      vertex -2.75 -16.7631 0
    endloop
  endfacet
  facet normal -0.138101 -0.694255 0.706356
    outer loop
      vertex -0.717894 -17.4529 12
      vertex -1.61762 -18.037 11.25
      vertex -0.815788 -18.1965 11.25
    endloop
  endfacet
  facet normal -0.670303 -0.227517 -0.70635
    outer loop
      vertex -5.08134 -14.1048 0
      vertex -6.03704 -13.6176 0.75
      vertex -5.31259 -13.4235 0
    endloop
  endfacet
  facet normal -0.466737 -0.532154 -0.706377
    outer loop
      vertex -3.80476 -16.9585 0.75
      vertex -4.41942 -16.4194 0.75
      vertex -3.34819 -16.3634 0
    endloop
  endfacet
  facet normal 0.532211 -0.46673 0.706339
    outer loop
      vertex 4.36344 -15.3482 12
      vertex 3.88909 -15.8891 12
      vertex 4.41942 -16.4194 11.25
    endloop
  endfacet
  facet normal 0.946936 -0.321422 7.46723e-19
    outer loop
      vertex 5.77425 -14.3918 11.25
      vertex 6.03704 -13.6176 0.75
      vertex 6.03704 -13.6176 11.25
    endloop
  endfacet
  facet normal 0.946936 -0.321422 7.46723e-19
    outer loop
      vertex 6.03704 -13.6176 0.75
      vertex 5.77425 -14.3918 11.25
      vertex 5.77425 -14.3918 0.75
    endloop
  endfacet
  facet normal 0.555569 -0.83147 0
    outer loop
      vertex 3.125 -17.4127 0.75
      vertex 3.80476 -16.9585 11.25
      vertex 3.125 -17.4127 11.25
    endloop
  endfacet
  facet normal 0.555569 -0.83147 0
    outer loop
      vertex 3.80476 -16.9585 11.25
      vertex 3.125 -17.4127 0.75
      vertex 3.80476 -16.9585 0.75
    endloop
  endfacet
  facet normal 0.138051 -0.694294 -0.706327
    outer loop
      vertex 1.61762 -18.037 0.75
      vertex 0.717894 -17.4529 0
      vertex 1.4235 -17.3126 0
    endloop
  endfacet
  facet normal 0.442201 -0.896916 0
    outer loop
      vertex 2.39177 -17.7742 0.75
      vertex 3.125 -17.4127 11.25
      vertex 2.39177 -17.7742 11.25
    endloop
  endfacet
  facet normal 0.442201 -0.896916 0
    outer loop
      vertex 3.125 -17.4127 11.25
      vertex 2.39177 -17.7742 0.75
      vertex 3.125 -17.4127 0.75
    endloop
  endfacet
  facet normal -0.0463228 -0.706348 0.706348
    outer loop
      vertex 0 -17.5 12
      vertex -0.815788 -18.1965 11.25
      vertex 0 -18.25 11.25
    endloop
  endfacet
  facet normal 0.634854 -0.313098 0.70635
    outer loop
      vertex 5.08134 -14.1048 12
      vertex 4.76314 -14.75 12
      vertex 5.41266 -15.125 11.25
    endloop
  endfacet
  facet normal 0.466704 -0.532237 0.706336
    outer loop
      vertex 3.88909 -15.8891 12
      vertex 3.34819 -16.3634 12
      vertex 4.41942 -16.4194 11.25
    endloop
  endfacet
  facet normal 0.313067 -0.634832 0.706383
    outer loop
      vertex 2.75 -16.7631 12
      vertex 2.10476 -17.0813 12
      vertex 3.125 -17.4127 11.25
    endloop
  endfacet
  facet normal 0.0463417 -0.706336 0.706358
    outer loop
      vertex 0.717894 -17.4529 12
      vertex 0 -17.5 12
      vertex 0.815788 -18.1965 11.25
    endloop
  endfacet
  facet normal 0.195097 -0.980784 0
    outer loop
      vertex 0.815788 -18.1965 0.75
      vertex 1.61762 -18.037 11.25
      vertex 0.815788 -18.1965 11.25
    endloop
  endfacet
  facet normal 0.195097 -0.980784 0
    outer loop
      vertex 1.61762 -18.037 11.25
      vertex 0.815788 -18.1965 0.75
      vertex 1.61762 -18.037 0.75
    endloop
  endfacet
  facet normal -0.0463417 -0.706336 0.706358
    outer loop
      vertex -0.717894 -17.4529 12
      vertex -0.815788 -18.1965 11.25
      vertex 0 -17.5 12
    endloop
  endfacet
  facet normal -0.0654402 -0.997856 0
    outer loop
      vertex -0.815788 -18.1965 0.75
      vertex 0 -18.25 11.25
      vertex -0.815788 -18.1965 11.25
    endloop
  endfacet
  facet normal -0.0654402 -0.997856 -0
    outer loop
      vertex 0 -18.25 11.25
      vertex -0.815788 -18.1965 0.75
      vertex 0 -18.25 0.75
    endloop
  endfacet
  facet normal 0.0463228 -0.706348 -0.706348
    outer loop
      vertex 0.815788 -18.1965 0.75
      vertex 0 -18.25 0.75
      vertex 0 -17.5 0
    endloop
  endfacet
  facet normal -0.670299 0.227529 -0.706349
    outer loop
      vertex -5.31259 -10.5765 0
      vertex -6.03704 -10.3824 0.75
      vertex -5.08134 -9.89524 0
    endloop
  endfacet
  facet normal -0.588566 0.39327 -0.706349
    outer loop
      vertex -4.76314 -9.25 0
      vertex -5.41266 -8.875 0.75
      vertex -4.36344 -8.65181 0
    endloop
  endfacet
  facet normal -0.997859 -0.0654027 2.32867e-19
    outer loop
      vertex -6.19653 -12.8158 0.75
      vertex -6.25 -12 11.25
      vertex -6.25 -12 0.75
    endloop
  endfacet
  facet normal -0.997859 -0.0654027 2.32867e-19
    outer loop
      vertex -6.25 -12 11.25
      vertex -6.19653 -12.8158 0.75
      vertex -6.19653 -12.8158 11.25
    endloop
  endfacet
  facet normal 0.313069 0.634846 0.706369
    outer loop
      vertex 2.17631 -6.74593 11.813
      vertex 3.125 -6.58734 11.25
      vertex 2.73933 -6.39715 11.25
    endloop
  endfacet
  facet normal 0.312995 0.634979 0.706282
    outer loop
      vertex 3.125 -6.58734 11.25
      vertex 2.17631 -6.74593 11.813
      vertex 2.10476 -6.91866 12
    endloop
  endfacet
  facet normal 0.313079 0.634867 -0.706346
    outer loop
      vertex 3.125 -6.58734 0.75
      vertex 2.1763 -6.74593 0.186959
      vertex 2.73935 -6.39716 0.75
    endloop
  endfacet
  facet normal 0.31308 0.634865 -0.706348
    outer loop
      vertex 2.1763 -6.74593 0.186959
      vertex 3.125 -6.58734 0.75
      vertex 2.10476 -6.91866 0
    endloop
  endfacet
  facet normal 0.466725 0.5322 0.70635
    outer loop
      vertex 3.80476 -7.04154 11.25
      vertex 3.34819 -7.63656 12
      vertex 4.41942 -7.58058 11.25
    endloop
  endfacet
  facet normal 0.83147 0.555569 2.14399e-18
    outer loop
      vertex 5.41266 -8.875 11.25
      vertex 4.95846 -8.19524 0.75
      vertex 4.95846 -8.19524 11.25
    endloop
  endfacet
  facet normal 0.83147 0.555569 2.14399e-18
    outer loop
      vertex 4.95846 -8.19524 0.75
      vertex 5.41266 -8.875 11.25
      vertex 5.41266 -8.875 0.75
    endloop
  endfacet
  facet normal 0.706349 0.0462962 -0.706349
    outer loop
      vertex 6.25 -12 0.75
      vertex 5.5 -12 0
      vertex 6.19653 -11.1842 0.75
    endloop
  endfacet
  facet normal 0.70635 0.0462931 -0.706347
    outer loop
      vertex 5.5 -12 0
      vertex 5.45295 -11.2821 0
      vertex 6.19653 -11.1842 0.75
    endloop
  endfacet
  facet normal 0.69426 0.138104 0.70635
    outer loop
      vertex 6.03704 -10.3824 11.25
      vertex 5.31259 -10.5765 12
      vertex 5.45295 -11.2821 12
    endloop
  endfacet
  facet normal 0.6703 0.227531 0.706348
    outer loop
      vertex 5.77425 -9.60823 11.25
      vertex 5.08134 -9.89524 12
      vertex 6.03704 -10.3824 11.25
    endloop
  endfacet
  facet normal 0.670299 0.227529 -0.706349
    outer loop
      vertex 5.31259 -10.5765 0
      vertex 5.08134 -9.89524 0
      vertex 6.03704 -10.3824 0.75
    endloop
  endfacet
  facet normal 0.6703 0.227531 -0.706348
    outer loop
      vertex 6.03704 -10.3824 0.75
      vertex 5.08134 -9.89524 0
      vertex 5.77425 -9.60823 0.75
    endloop
  endfacet
  facet normal -0.393267 0.588567 -0.70635
    outer loop
      vertex -3.34819 -7.63656 0
      vertex -3.80476 -7.04154 0.75
      vertex -3.125 -6.58734 0.75
    endloop
  endfacet
  facet normal -0.588567 0.393267 0.70635
    outer loop
      vertex -4.95846 -8.19524 11.25
      vertex -5.41266 -8.875 11.25
      vertex -4.36344 -8.65181 12
    endloop
  endfacet
  facet normal -0.694264 0.138099 0.706347
    outer loop
      vertex -6.03704 -10.3824 11.25
      vertex -6.19653 -11.1842 11.25
      vertex -5.45295 -11.2821 12
    endloop
  endfacet
  facet normal -0.70635 0.0462931 0.706347
    outer loop
      vertex -5.45295 -11.2821 12
      vertex -6.19653 -11.1842 11.25
      vertex -5.5 -12 12
    endloop
  endfacet
  facet normal -0.706349 -0.0462962 0.706349
    outer loop
      vertex -5.5 -12 12
      vertex -6.25 -12 11.25
      vertex -6.19653 -12.8158 11.25
    endloop
  endfacet
  facet normal -0.69426 -0.138104 0.70635
    outer loop
      vertex -5.45295 -12.7179 12
      vertex -6.03704 -13.6176 11.25
      vertex -5.31259 -13.4235 12
    endloop
  endfacet
  facet normal -0.634861 -0.313093 0.706346
    outer loop
      vertex -5.08134 -14.1048 12
      vertex -5.77425 -14.3918 11.25
      vertex -5.41266 -15.125 11.25
    endloop
  endfacet
  facet normal -0.313019 -0.634897 0.706346
    outer loop
      vertex -2.10476 -17.0813 12
      vertex -3.125 -17.4127 11.25
      vertex -2.39177 -17.7742 11.25
    endloop
  endfacet
  facet normal -0.634854 -0.313098 0.70635
    outer loop
      vertex -5.08134 -14.1048 12
      vertex -5.41266 -15.125 11.25
      vertex -4.76314 -14.75 12
    endloop
  endfacet
  facet normal -0.532172 -0.466745 0.706358
    outer loop
      vertex -4.36344 -15.3482 12
      vertex -4.95846 -15.8048 11.25
      vertex -4.41942 -16.4194 11.25
    endloop
  endfacet
  facet normal -0.532211 -0.46673 0.706339
    outer loop
      vertex -4.36344 -15.3482 12
      vertex -4.41942 -16.4194 11.25
      vertex -3.88909 -15.8891 12
    endloop
  endfacet
  facet normal -0.466704 -0.532237 -0.706336
    outer loop
      vertex -3.34819 -16.3634 0
      vertex -4.41942 -16.4194 0.75
      vertex -3.88909 -15.8891 0
    endloop
  endfacet
  facet normal -0.195097 -0.980784 0
    outer loop
      vertex -1.61762 -18.037 0.75
      vertex -0.815788 -18.1965 11.25
      vertex -1.61762 -18.037 11.25
    endloop
  endfacet
  facet normal -0.195097 -0.980784 -0
    outer loop
      vertex -0.815788 -18.1965 11.25
      vertex -1.61762 -18.037 0.75
      vertex -0.815788 -18.1965 0.75
    endloop
  endfacet
  facet normal -0.313019 -0.634897 -0.706346
    outer loop
      vertex -2.39177 -17.7742 0.75
      vertex -3.125 -17.4127 0.75
      vertex -2.10476 -17.0813 0
    endloop
  endfacet
  facet normal -0.321452 -0.946926 0
    outer loop
      vertex -2.39177 -17.7742 0.75
      vertex -1.61762 -18.037 11.25
      vertex -2.39177 -17.7742 11.25
    endloop
  endfacet
  facet normal -0.321452 -0.946926 -0
    outer loop
      vertex -1.61762 -18.037 11.25
      vertex -2.39177 -17.7742 0.75
      vertex -1.61762 -18.037 0.75
    endloop
  endfacet
  facet normal -0.588571 -0.393247 -0.706357
    outer loop
      vertex -4.95846 -15.8048 0.75
      vertex -5.41266 -15.125 0.75
      vertex -4.36344 -15.3482 0
    endloop
  endfacet
  facet normal 0.670303 -0.227517 -0.70635
    outer loop
      vertex 6.03704 -13.6176 0.75
      vertex 5.08134 -14.1048 0
      vertex 5.31259 -13.4235 0
    endloop
  endfacet
  facet normal 0.69426 -0.138104 0.70635
    outer loop
      vertex 5.45295 -12.7179 12
      vertex 5.31259 -13.4235 12
      vertex 6.03704 -13.6176 11.25
    endloop
  endfacet
  facet normal 0.670303 -0.227517 0.70635
    outer loop
      vertex 5.31259 -13.4235 12
      vertex 5.08134 -14.1048 12
      vertex 6.03704 -13.6176 11.25
    endloop
  endfacet
  facet normal 0.980785 -0.195093 1.29307e-18
    outer loop
      vertex 6.03704 -13.6176 11.25
      vertex 6.19653 -12.8158 0.75
      vertex 6.19653 -12.8158 11.25
    endloop
  endfacet
  facet normal 0.980785 -0.195093 1.29307e-18
    outer loop
      vertex 6.19653 -12.8158 0.75
      vertex 6.03704 -13.6176 11.25
      vertex 6.03704 -13.6176 0.75
    endloop
  endfacet
  facet normal 0.896865 -0.442304 -9.47299e-21
    outer loop
      vertex 5.41266 -15.125 11.25
      vertex 5.77425 -14.3918 0.75
      vertex 5.77425 -14.3918 11.25
    endloop
  endfacet
  facet normal 0.896865 -0.442304 -9.47299e-21
    outer loop
      vertex 5.77425 -14.3918 0.75
      vertex 5.41266 -15.125 11.25
      vertex 5.41266 -15.125 0.75
    endloop
  endfacet
  facet normal 0.659386 -0.751805 0
    outer loop
      vertex 3.80476 -16.9585 0.75
      vertex 4.41942 -16.4194 11.25
      vertex 3.80476 -16.9585 11.25
    endloop
  endfacet
  facet normal 0.659386 -0.751805 0
    outer loop
      vertex 4.41942 -16.4194 11.25
      vertex 3.80476 -16.9585 0.75
      vertex 4.41942 -16.4194 0.75
    endloop
  endfacet
  facet normal 0.313019 -0.634897 -0.706346
    outer loop
      vertex 2.39177 -17.7742 0.75
      vertex 2.10476 -17.0813 0
      vertex 3.125 -17.4127 0.75
    endloop
  endfacet
  facet normal 0.227546 -0.670299 -0.706344
    outer loop
      vertex 2.39177 -17.7742 0.75
      vertex 1.61762 -18.037 0.75
      vertex 2.10476 -17.0813 0
    endloop
  endfacet
  facet normal 0.532172 -0.466745 -0.706358
    outer loop
      vertex 4.41942 -16.4194 0.75
      vertex 4.36344 -15.3482 0
      vertex 4.95846 -15.8048 0.75
    endloop
  endfacet
  facet normal 0.393252 -0.58854 0.70638
    outer loop
      vertex 3.34819 -16.3634 12
      vertex 2.75 -16.7631 12
      vertex 3.125 -17.4127 11.25
    endloop
  endfacet
  facet normal 0.0463228 -0.706348 0.706348
    outer loop
      vertex 0 -17.5 12
      vertex 0 -18.25 11.25
      vertex 0.815788 -18.1965 11.25
    endloop
  endfacet
  facet normal -0.227546 -0.670299 0.706344
    outer loop
      vertex -2.10476 -17.0813 12
      vertex -2.39177 -17.7742 11.25
      vertex -1.61762 -18.037 11.25
    endloop
  endfacet
  facet normal -0.5322 0.466725 0.70635
    outer loop
      vertex -4.41942 -7.58058 11.25
      vertex -4.95846 -8.19524 11.25
      vertex -4.36344 -8.65181 12
    endloop
  endfacet
  facet normal -0.694264 -0.138099 -0.706347
    outer loop
      vertex -6.03704 -13.6176 0.75
      vertex -6.19653 -12.8158 0.75
      vertex -5.45295 -12.7179 0
    endloop
  endfacet
  facet normal -0.70635 -0.0462931 -0.706347
    outer loop
      vertex -5.45295 -12.7179 0
      vertex -6.19653 -12.8158 0.75
      vertex -5.5 -12 0
    endloop
  endfacet
  facet normal -0.980785 0.195093 1.29307e-18
    outer loop
      vertex -6.19653 -11.1842 0.75
      vertex -6.03704 -10.3824 11.25
      vertex -6.03704 -10.3824 0.75
    endloop
  endfacet
  facet normal -0.980785 0.195093 1.29307e-18
    outer loop
      vertex -6.03704 -10.3824 11.25
      vertex -6.19653 -11.1842 0.75
      vertex -6.19653 -11.1842 11.25
    endloop
  endfacet
  facet normal -0.313082 0.634863 -0.706349
    outer loop
      vertex -2.75 -7.23686 0
      vertex -3.125 -6.58734 0.75
      vertex -2.10476 -6.91866 0
    endloop
  endfacet
  facet normal 0.227608 0.670451 0.70618
    outer loop
      vertex 2.05931 -6.8295 11.93
      vertex 1.98935 -6.87948 12
      vertex 2.10476 -6.91866 12
    endloop
  endfacet
  facet normal 0.442286 0.896874 1.2599e-05
    outer loop
      vertex 3.125 -6.58734 11.25
      vertex 3.05 -6.55035 10.9393
      vertex 2.73933 -6.39715 11.25
    endloop
  endfacet
  facet normal 0.442328 0.896853 -2.35569e-19
    outer loop
      vertex 3.125 -6.58734 11.25
      vertex 3.05 -6.55035 1.06065
      vertex 3.05 -6.55035 10.9393
    endloop
  endfacet
  facet normal 0.442328 0.896853 -0
    outer loop
      vertex 3.125 -6.58734 0.75
      vertex 3.05 -6.55035 1.06065
      vertex 3.125 -6.58734 11.25
    endloop
  endfacet
  facet normal 0.442286 0.896874 -1.2678e-05
    outer loop
      vertex 3.05 -6.55035 1.06065
      vertex 3.125 -6.58734 0.75
      vertex 2.73935 -6.39716 0.75
    endloop
  endfacet
  facet normal 0.227544 0.670294 -0.706349
    outer loop
      vertex 2.10476 -6.91866 0
      vertex 2.05931 -6.8295 0.0699675
      vertex 2.1763 -6.74593 0.186959
    endloop
  endfacet
  facet normal 0.659344 0.751841 -0
    outer loop
      vertex 4.41942 -7.58058 0.75
      vertex 3.80476 -7.04154 11.25
      vertex 4.41942 -7.58058 11.25
    endloop
  endfacet
  facet normal 0.659344 0.751841 0
    outer loop
      vertex 3.80476 -7.04154 11.25
      vertex 4.41942 -7.58058 0.75
      vertex 3.80476 -7.04154 0.75
    endloop
  endfacet
  facet normal 0.393267 0.588567 -0.70635
    outer loop
      vertex 3.34819 -7.63656 0
      vertex 3.125 -6.58734 0.75
      vertex 3.80476 -7.04154 0.75
    endloop
  endfacet
  facet normal 0.5322 0.466725 0.70635
    outer loop
      vertex 4.41942 -7.58058 11.25
      vertex 4.36344 -8.65181 12
      vertex 4.95846 -8.19524 11.25
    endloop
  endfacet
  facet normal 0.5322 0.466725 -0.70635
    outer loop
      vertex 4.95846 -8.19524 0.75
      vertex 4.36344 -8.65181 0
      vertex 4.41942 -7.58058 0.75
    endloop
  endfacet
  facet normal 0.634863 0.313082 0.706349
    outer loop
      vertex 5.41266 -8.875 11.25
      vertex 4.76314 -9.25 12
      vertex 5.08134 -9.89524 12
    endloop
  endfacet
  facet normal 0.588566 0.39327 0.706349
    outer loop
      vertex 5.41266 -8.875 11.25
      vertex 4.36344 -8.65181 12
      vertex 4.76314 -9.25 12
    endloop
  endfacet
  facet normal 0.70635 0.0462931 0.706347
    outer loop
      vertex 6.19653 -11.1842 11.25
      vertex 5.45295 -11.2821 12
      vertex 5.5 -12 12
    endloop
  endfacet
  facet normal 0.694264 0.138099 -0.706347
    outer loop
      vertex 6.19653 -11.1842 0.75
      vertex 5.45295 -11.2821 0
      vertex 6.03704 -10.3824 0.75
    endloop
  endfacet
  facet normal 0.980785 0.195093 -1.29307e-18
    outer loop
      vertex 6.19653 -11.1842 11.25
      vertex 6.03704 -10.3824 0.75
      vertex 6.03704 -10.3824 11.25
    endloop
  endfacet
  facet normal 0.980785 0.195093 -1.29307e-18
    outer loop
      vertex 6.03704 -10.3824 0.75
      vertex 6.19653 -11.1842 11.25
      vertex 6.19653 -11.1842 0.75
    endloop
  endfacet
  facet normal -0.751841 0.659344 2.50395e-18
    outer loop
      vertex -4.95846 -8.19524 0.75
      vertex -4.41942 -7.58058 11.25
      vertex -4.41942 -7.58058 0.75
    endloop
  endfacet
  facet normal -0.751841 0.659344 2.50395e-18
    outer loop
      vertex -4.41942 -7.58058 11.25
      vertex -4.95846 -8.19524 0.75
      vertex -4.95846 -8.19524 11.25
    endloop
  endfacet
  facet normal -0.896872 0.44229 -3.11967e-18
    outer loop
      vertex -5.77425 -9.60823 0.75
      vertex -5.41266 -8.875 11.25
      vertex -5.41266 -8.875 0.75
    endloop
  endfacet
  facet normal -0.896872 0.44229 -3.11967e-18
    outer loop
      vertex -5.41266 -8.875 11.25
      vertex -5.77425 -9.60823 0.75
      vertex -5.77425 -9.60823 11.25
    endloop
  endfacet
  facet normal -0.313082 0.634863 0.706349
    outer loop
      vertex -2.10476 -6.91866 12
      vertex -3.125 -6.58734 11.25
      vertex -2.75 -7.23686 12
    endloop
  endfacet
  facet normal -0.555569 0.83147 0
    outer loop
      vertex -3.125 -6.58734 0.75
      vertex -3.80476 -7.04154 11.25
      vertex -3.125 -6.58734 11.25
    endloop
  endfacet
  facet normal -0.555569 0.83147 0
    outer loop
      vertex -3.80476 -7.04154 11.25
      vertex -3.125 -6.58734 0.75
      vertex -3.80476 -7.04154 0.75
    endloop
  endfacet
  facet normal -0.466725 0.5322 -0.70635
    outer loop
      vertex -3.34819 -7.63656 0
      vertex -4.41942 -7.58058 0.75
      vertex -3.80476 -7.04154 0.75
    endloop
  endfacet
  facet normal -0.39327 0.588566 0.706349
    outer loop
      vertex -3.125 -6.58734 11.25
      vertex -3.34819 -7.63656 12
      vertex -2.75 -7.23686 12
    endloop
  endfacet
  facet normal -0.442286 0.896874 -1.63616e-06
    outer loop
      vertex -3.04999 -6.55035 10.9393
      vertex -3.125 -6.58734 11.25
      vertex -2.73933 -6.39715 11.25
    endloop
  endfacet
  facet normal -0.442281 0.896877 0
    outer loop
      vertex -3.04999 -6.55035 1.06065
      vertex -3.125 -6.58734 11.25
      vertex -3.04999 -6.55035 10.9393
    endloop
  endfacet
  facet normal -0.442281 0.896877 -2.04243e-19
    outer loop
      vertex -3.04999 -6.55035 1.06065
      vertex -3.125 -6.58734 0.75
      vertex -3.125 -6.58734 11.25
    endloop
  endfacet
  facet normal -0.442295 0.896869 4.40555e-06
    outer loop
      vertex -3.125 -6.58734 0.75
      vertex -3.04999 -6.55035 1.06065
      vertex -2.73934 -6.39715 0.75
    endloop
  endfacet
  facet normal -0.670299 0.227529 0.706349
    outer loop
      vertex -5.08134 -9.89524 12
      vertex -6.03704 -10.3824 11.25
      vertex -5.31259 -10.5765 12
    endloop
  endfacet
  facet normal -0.588569 -0.393265 0.706349
    outer loop
      vertex -4.76314 -14.75 12
      vertex -5.41266 -15.125 11.25
      vertex -4.36344 -15.3482 12
    endloop
  endfacet
  facet normal -0.466704 -0.532237 0.706336
    outer loop
      vertex -3.88909 -15.8891 12
      vertex -4.41942 -16.4194 11.25
      vertex -3.34819 -16.3634 12
    endloop
  endfacet
  facet normal -0.466737 -0.532154 0.706377
    outer loop
      vertex -3.34819 -16.3634 12
      vertex -4.41942 -16.4194 11.25
      vertex -3.80476 -16.9585 11.25
    endloop
  endfacet
  facet normal -0.946936 -0.321422 -7.46723e-19
    outer loop
      vertex -5.77425 -14.3918 0.75
      vertex -6.03704 -13.6176 11.25
      vertex -6.03704 -13.6176 0.75
    endloop
  endfacet
  facet normal -0.946936 -0.321422 -7.46723e-19
    outer loop
      vertex -6.03704 -13.6176 11.25
      vertex -5.77425 -14.3918 0.75
      vertex -5.77425 -14.3918 11.25
    endloop
  endfacet
  facet normal -0.0463417 -0.706336 -0.706358
    outer loop
      vertex 0 -17.5 0
      vertex -0.815788 -18.1965 0.75
      vertex -0.717894 -17.4529 0
    endloop
  endfacet
  facet normal -0.227546 -0.670299 -0.706344
    outer loop
      vertex -1.61762 -18.037 0.75
      vertex -2.39177 -17.7742 0.75
      vertex -2.10476 -17.0813 0
    endloop
  endfacet
  facet normal -0.555569 -0.83147 0
    outer loop
      vertex -3.80476 -16.9585 0.75
      vertex -3.125 -17.4127 11.25
      vertex -3.80476 -16.9585 11.25
    endloop
  endfacet
  facet normal -0.555569 -0.83147 -0
    outer loop
      vertex -3.125 -17.4127 11.25
      vertex -3.80476 -16.9585 0.75
      vertex -3.125 -17.4127 0.75
    endloop
  endfacet
  facet normal -0.659386 -0.751805 0
    outer loop
      vertex -4.41942 -16.4194 0.75
      vertex -3.80476 -16.9585 11.25
      vertex -4.41942 -16.4194 11.25
    endloop
  endfacet
  facet normal -0.659386 -0.751805 -0
    outer loop
      vertex -3.80476 -16.9585 11.25
      vertex -4.41942 -16.4194 0.75
      vertex -3.80476 -16.9585 0.75
    endloop
  endfacet
  facet normal -0.393249 -0.588541 -0.706382
    outer loop
      vertex -3.125 -17.4127 0.75
      vertex -3.80476 -16.9585 0.75
      vertex -3.34819 -16.3634 0
    endloop
  endfacet
  facet normal -0.393252 -0.58854 -0.70638
    outer loop
      vertex -3.125 -17.4127 0.75
      vertex -3.34819 -16.3634 0
      vertex -2.75 -16.7631 0
    endloop
  endfacet
  facet normal 0.670304 -0.227524 0.706346
    outer loop
      vertex 6.03704 -13.6176 11.25
      vertex 5.08134 -14.1048 12
      vertex 5.77425 -14.3918 11.25
    endloop
  endfacet
  facet normal 0.694264 -0.138099 -0.706347
    outer loop
      vertex 6.03704 -13.6176 0.75
      vertex 5.45295 -12.7179 0
      vertex 6.19653 -12.8158 0.75
    endloop
  endfacet
  facet normal 0.588569 -0.393265 -0.706349
    outer loop
      vertex 5.41266 -15.125 0.75
      vertex 4.36344 -15.3482 0
      vertex 4.76314 -14.75 0
    endloop
  endfacet
  facet normal 0.588571 -0.393247 -0.706357
    outer loop
      vertex 4.95846 -15.8048 0.75
      vertex 4.36344 -15.3482 0
      vertex 5.41266 -15.125 0.75
    endloop
  endfacet
  facet normal 0.466737 -0.532154 -0.706377
    outer loop
      vertex 3.80476 -16.9585 0.75
      vertex 3.34819 -16.3634 0
      vertex 4.41942 -16.4194 0.75
    endloop
  endfacet
  facet normal 0.393249 -0.588541 -0.706382
    outer loop
      vertex 3.80476 -16.9585 0.75
      vertex 3.125 -17.4127 0.75
      vertex 3.34819 -16.3634 0
    endloop
  endfacet
  facet normal 0.466737 -0.532154 0.706377
    outer loop
      vertex 4.41942 -16.4194 11.25
      vertex 3.34819 -16.3634 12
      vertex 3.80476 -16.9585 11.25
    endloop
  endfacet
  facet normal 0.393249 -0.588541 0.706382
    outer loop
      vertex 3.34819 -16.3634 12
      vertex 3.125 -17.4127 11.25
      vertex 3.80476 -16.9585 11.25
    endloop
  endfacet
  facet normal 0.22758 -0.670304 -0.706328
    outer loop
      vertex 1.61762 -18.037 0.75
      vertex 1.4235 -17.3126 0
      vertex 2.10476 -17.0813 0
    endloop
  endfacet
  facet normal 0.532172 -0.466745 0.706358
    outer loop
      vertex 4.95846 -15.8048 11.25
      vertex 4.36344 -15.3482 12
      vertex 4.41942 -16.4194 11.25
    endloop
  endfacet
  facet normal 0.588571 -0.393247 0.706357
    outer loop
      vertex 5.41266 -15.125 11.25
      vertex 4.36344 -15.3482 12
      vertex 4.95846 -15.8048 11.25
    endloop
  endfacet
  facet normal 0.831485 -0.555547 1.6545e-18
    outer loop
      vertex 4.95846 -15.8048 11.25
      vertex 5.41266 -15.125 0.75
      vertex 5.41266 -15.125 11.25
    endloop
  endfacet
  facet normal 0.831485 -0.555547 1.6545e-18
    outer loop
      vertex 5.41266 -15.125 0.75
      vertex 4.95846 -15.8048 11.25
      vertex 4.95846 -15.8048 0.75
    endloop
  endfacet
  facet normal 0.751809 -0.659381 1.77149e-18
    outer loop
      vertex 4.41942 -16.4194 11.25
      vertex 4.95846 -15.8048 0.75
      vertex 4.95846 -15.8048 11.25
    endloop
  endfacet
  facet normal 0.751809 -0.659381 1.77149e-18
    outer loop
      vertex 4.95846 -15.8048 0.75
      vertex 4.41942 -16.4194 11.25
      vertex 4.41942 -16.4194 0.75
    endloop
  endfacet
  facet normal 0.138101 -0.694255 0.706356
    outer loop
      vertex 1.61762 -18.037 11.25
      vertex 0.717894 -17.4529 12
      vertex 0.815788 -18.1965 11.25
    endloop
  endfacet
  facet normal -0.22758 -0.670304 0.706328
    outer loop
      vertex -1.4235 -17.3126 12
      vertex -2.10476 -17.0813 12
      vertex -1.61762 -18.037 11.25
    endloop
  endfacet
  facet normal -0.138051 -0.694294 0.706327
    outer loop
      vertex -1.4235 -17.3126 12
      vertex -1.61762 -18.037 11.25
      vertex -0.717894 -17.4529 12
    endloop
  endfacet
  facet normal -0.634863 0.313082 -0.706349
    outer loop
      vertex -5.08134 -9.89524 0
      vertex -5.41266 -8.875 0.75
      vertex -4.76314 -9.25 0
    endloop
  endfacet
  facet normal -0.706349 0.0462962 -0.706349
    outer loop
      vertex -5.5 -12 0
      vertex -6.25 -12 0.75
      vertex -6.19653 -11.1842 0.75
    endloop
  endfacet
  facet normal -0.706349 -0.0462962 -0.706349
    outer loop
      vertex -6.19653 -12.8158 0.75
      vertex -6.25 -12 0.75
      vertex -5.5 -12 0
    endloop
  endfacet
  facet normal -0.6703 0.227531 -0.706348
    outer loop
      vertex -5.08134 -9.89524 0
      vertex -6.03704 -10.3824 0.75
      vertex -5.77425 -9.60823 0.75
    endloop
  endfacet
  facet normal -0.946932 0.321434 -9.61459e-19
    outer loop
      vertex -6.03704 -10.3824 0.75
      vertex -5.77425 -9.60823 11.25
      vertex -5.77425 -9.60823 0.75
    endloop
  endfacet
  facet normal -0.946932 0.321434 -9.61459e-19
    outer loop
      vertex -5.77425 -9.60823 11.25
      vertex -6.03704 -10.3824 0.75
      vertex -6.03704 -10.3824 11.25
    endloop
  endfacet
  facet normal -0.69426 -0.138104 -0.70635
    outer loop
      vertex -5.31259 -13.4235 0
      vertex -6.03704 -13.6176 0.75
      vertex -5.45295 -12.7179 0
    endloop
  endfacet
  facet normal -0.694264 0.138099 -0.706347
    outer loop
      vertex -5.45295 -11.2821 0
      vertex -6.19653 -11.1842 0.75
      vertex -6.03704 -10.3824 0.75
    endloop
  endfacet
  facet normal -0.69426 0.138104 -0.70635
    outer loop
      vertex -5.45295 -11.2821 0
      vertex -6.03704 -10.3824 0.75
      vertex -5.31259 -10.5765 0
    endloop
  endfacet
  facet normal -0.227543 0.670317 -0.706328
    outer loop
      vertex -1.98934 -6.87948 0
      vertex -2.10476 -6.91866 0
      vertex -2.05931 -6.8295 0.0699727
    endloop
  endfacet
  facet normal 0.227408 0.670421 0.706272
    outer loop
      vertex 2.17631 -6.74593 11.813
      vertex 2.05931 -6.8295 11.93
      vertex 2.10476 -6.91866 12
    endloop
  endfacet
  facet normal 0.39327 0.588566 0.706349
    outer loop
      vertex 3.125 -6.58734 11.25
      vertex 2.75 -7.23686 12
      vertex 3.34819 -7.63656 12
    endloop
  endfacet
  facet normal 0.313082 0.634863 0.706349
    outer loop
      vertex 3.125 -6.58734 11.25
      vertex 2.10476 -6.91866 12
      vertex 2.75 -7.23686 12
    endloop
  endfacet
  facet normal 0.313082 0.634863 -0.706349
    outer loop
      vertex 2.75 -7.23686 0
      vertex 2.10476 -6.91866 0
      vertex 3.125 -6.58734 0.75
    endloop
  endfacet
  facet normal 0.466725 0.5322 -0.70635
    outer loop
      vertex 4.41942 -7.58058 0.75
      vertex 3.34819 -7.63656 0
      vertex 3.80476 -7.04154 0.75
    endloop
  endfacet
  facet normal 0.466724 0.532204 -0.706348
    outer loop
      vertex 3.88909 -8.11091 0
      vertex 3.34819 -7.63656 0
      vertex 4.41942 -7.58058 0.75
    endloop
  endfacet
  facet normal 0.588567 0.393267 -0.70635
    outer loop
      vertex 5.41266 -8.875 0.75
      vertex 4.36344 -8.65181 0
      vertex 4.95846 -8.19524 0.75
    endloop
  endfacet
  facet normal 0.634864 0.313081 -0.706348
    outer loop
      vertex 5.77425 -9.60823 0.75
      vertex 5.08134 -9.89524 0
      vertex 5.41266 -8.875 0.75
    endloop
  endfacet
  facet normal 0.896872 0.44229 3.11967e-18
    outer loop
      vertex 5.77425 -9.60823 11.25
      vertex 5.41266 -8.875 0.75
      vertex 5.41266 -8.875 11.25
    endloop
  endfacet
  facet normal 0.896872 0.44229 3.11967e-18
    outer loop
      vertex 5.41266 -8.875 0.75
      vertex 5.77425 -9.60823 11.25
      vertex 5.77425 -9.60823 0.75
    endloop
  endfacet
  facet normal 0.69426 0.138104 -0.70635
    outer loop
      vertex 5.45295 -11.2821 0
      vertex 5.31259 -10.5765 0
      vertex 6.03704 -10.3824 0.75
    endloop
  endfacet
  facet normal 0.532204 0.466724 -0.706348
    outer loop
      vertex 4.36344 -8.65181 0
      vertex 3.88909 -8.11091 0
      vertex 4.41942 -7.58058 0.75
    endloop
  endfacet
  facet normal 0.670299 0.227529 0.706349
    outer loop
      vertex 6.03704 -10.3824 11.25
      vertex 5.08134 -9.89524 12
      vertex 5.31259 -10.5765 12
    endloop
  endfacet
  facet normal -0.634863 0.313082 0.706349
    outer loop
      vertex -4.76314 -9.25 12
      vertex -5.41266 -8.875 11.25
      vertex -5.08134 -9.89524 12
    endloop
  endfacet
  facet normal -0.659344 0.751841 0
    outer loop
      vertex -3.80476 -7.04154 0.75
      vertex -4.41942 -7.58058 11.25
      vertex -3.80476 -7.04154 11.25
    endloop
  endfacet
  facet normal -0.659344 0.751841 0
    outer loop
      vertex -4.41942 -7.58058 11.25
      vertex -3.80476 -7.04154 0.75
      vertex -4.41942 -7.58058 0.75
    endloop
  endfacet
  facet normal -0.5322 0.466725 -0.70635
    outer loop
      vertex -4.36344 -8.65181 0
      vertex -4.95846 -8.19524 0.75
      vertex -4.41942 -7.58058 0.75
    endloop
  endfacet
  facet normal -0.588567 0.393267 -0.70635
    outer loop
      vertex -4.36344 -8.65181 0
      vertex -5.41266 -8.875 0.75
      vertex -4.95846 -8.19524 0.75
    endloop
  endfacet
  facet normal -0.466725 0.5322 0.70635
    outer loop
      vertex -3.80476 -7.04154 11.25
      vertex -4.41942 -7.58058 11.25
      vertex -3.34819 -7.63656 12
    endloop
  endfacet
  facet normal -0.466724 0.532204 0.706348
    outer loop
      vertex -3.34819 -7.63656 12
      vertex -4.41942 -7.58058 11.25
      vertex -3.88909 -8.11091 12
    endloop
  endfacet
  facet normal -0.313072 0.634851 0.706364
    outer loop
      vertex -3.125 -6.58734 11.25
      vertex -2.17631 -6.74592 11.813
      vertex -2.73933 -6.39715 11.25
    endloop
  endfacet
  facet normal -0.313016 0.634951 0.706298
    outer loop
      vertex -2.17631 -6.74592 11.813
      vertex -3.125 -6.58734 11.25
      vertex -2.10476 -6.91866 12
    endloop
  endfacet
  facet normal -0.227372 0.670416 0.706289
    outer loop
      vertex -2.05931 -6.8295 11.93
      vertex -2.17631 -6.74592 11.813
      vertex -2.10476 -6.91866 12
    endloop
  endfacet
  facet normal -0.227587 0.670448 0.70619
    outer loop
      vertex -2.05931 -6.8295 11.93
      vertex -2.10476 -6.91866 12
      vertex -1.98934 -6.87948 12
    endloop
  endfacet
  facet normal -0.313067 -0.634832 0.706383
    outer loop
      vertex -2.75 -16.7631 12
      vertex -3.125 -17.4127 11.25
      vertex -2.10476 -17.0813 12
    endloop
  endfacet
  facet normal -0.896865 -0.442304 9.47299e-21
    outer loop
      vertex -5.41266 -15.125 0.75
      vertex -5.77425 -14.3918 11.25
      vertex -5.77425 -14.3918 0.75
    endloop
  endfacet
  facet normal -0.896865 -0.442304 9.47299e-21
    outer loop
      vertex -5.77425 -14.3918 11.25
      vertex -5.41266 -15.125 0.75
      vertex -5.41266 -15.125 11.25
    endloop
  endfacet
  facet normal -0.670304 -0.227524 -0.706346
    outer loop
      vertex -5.77425 -14.3918 0.75
      vertex -6.03704 -13.6176 0.75
      vertex -5.08134 -14.1048 0
    endloop
  endfacet
  facet normal -0.831485 -0.555547 -1.6545e-18
    outer loop
      vertex -4.95846 -15.8048 0.75
      vertex -5.41266 -15.125 11.25
      vertex -5.41266 -15.125 0.75
    endloop
  endfacet
  facet normal -0.831485 -0.555547 -1.6545e-18
    outer loop
      vertex -5.41266 -15.125 11.25
      vertex -4.95846 -15.8048 0.75
      vertex -4.95846 -15.8048 11.25
    endloop
  endfacet
  facet normal -0.532211 -0.46673 -0.706339
    outer loop
      vertex -3.88909 -15.8891 0
      vertex -4.41942 -16.4194 0.75
      vertex -4.36344 -15.3482 0
    endloop
  endfacet
  facet normal -0.138051 -0.694294 -0.706327
    outer loop
      vertex -0.717894 -17.4529 0
      vertex -1.61762 -18.037 0.75
      vertex -1.4235 -17.3126 0
    endloop
  endfacet
  facet normal -0.138101 -0.694255 -0.706356
    outer loop
      vertex -0.815788 -18.1965 0.75
      vertex -1.61762 -18.037 0.75
      vertex -0.717894 -17.4529 0
    endloop
  endfacet
  facet normal 0.634854 -0.313098 -0.70635
    outer loop
      vertex 5.41266 -15.125 0.75
      vertex 4.76314 -14.75 0
      vertex 5.08134 -14.1048 0
    endloop
  endfacet
  facet normal 0.393252 -0.58854 -0.70638
    outer loop
      vertex 3.125 -17.4127 0.75
      vertex 2.75 -16.7631 0
      vertex 3.34819 -16.3634 0
    endloop
  endfacet
  facet normal 0.138051 -0.694294 0.706327
    outer loop
      vertex 1.4235 -17.3126 12
      vertex 0.717894 -17.4529 12
      vertex 1.61762 -18.037 11.25
    endloop
  endfacet
  facet normal 0.22758 -0.670304 0.706328
    outer loop
      vertex 2.10476 -17.0813 12
      vertex 1.4235 -17.3126 12
      vertex 1.61762 -18.037 11.25
    endloop
  endfacet
  facet normal 0.39327 0.588566 -0.706349
    outer loop
      vertex 3.34819 -7.63656 0
      vertex 2.75 -7.23686 0
      vertex 3.125 -6.58734 0.75
    endloop
  endfacet
  facet normal 0.588566 0.39327 -0.706349
    outer loop
      vertex 4.76314 -9.25 0
      vertex 4.36344 -8.65181 0
      vertex 5.41266 -8.875 0.75
    endloop
  endfacet
  facet normal 0.634863 0.313082 -0.706349
    outer loop
      vertex 5.08134 -9.89524 0
      vertex 4.76314 -9.25 0
      vertex 5.41266 -8.875 0.75
    endloop
  endfacet
  facet normal -0.83147 0.555569 -2.14399e-18
    outer loop
      vertex -5.41266 -8.875 0.75
      vertex -4.95846 -8.19524 11.25
      vertex -4.95846 -8.19524 0.75
    endloop
  endfacet
  facet normal -0.83147 0.555569 -2.14399e-18
    outer loop
      vertex -4.95846 -8.19524 11.25
      vertex -5.41266 -8.875 0.75
      vertex -5.41266 -8.875 11.25
    endloop
  endfacet
  facet normal -0.588566 0.39327 0.706349
    outer loop
      vertex -4.36344 -8.65181 12
      vertex -5.41266 -8.875 11.25
      vertex -4.76314 -9.25 12
    endloop
  endfacet
  facet normal -0.532204 0.466724 -0.706348
    outer loop
      vertex -4.36344 -8.65181 0
      vertex -4.41942 -7.58058 0.75
      vertex -3.88909 -8.11091 0
    endloop
  endfacet
  facet normal -0.751809 -0.659381 -1.77149e-18
    outer loop
      vertex -4.41942 -16.4194 0.75
      vertex -4.95846 -15.8048 11.25
      vertex -4.95846 -15.8048 0.75
    endloop
  endfacet
  facet normal -0.751809 -0.659381 -1.77149e-18
    outer loop
      vertex -4.95846 -15.8048 11.25
      vertex -4.41942 -16.4194 0.75
      vertex -4.41942 -16.4194 11.25
    endloop
  endfacet
  facet normal -0.532172 -0.466745 -0.706358
    outer loop
      vertex -4.41942 -16.4194 0.75
      vertex -4.95846 -15.8048 0.75
      vertex -4.36344 -15.3482 0
    endloop
  endfacet
  facet normal -0.634861 -0.313093 -0.706346
    outer loop
      vertex -5.41266 -15.125 0.75
      vertex -5.77425 -14.3918 0.75
      vertex -5.08134 -14.1048 0
    endloop
  endfacet
  facet normal -0.634854 -0.313098 -0.70635
    outer loop
      vertex -4.76314 -14.75 0
      vertex -5.41266 -15.125 0.75
      vertex -5.08134 -14.1048 0
    endloop
  endfacet
  facet normal -0.588569 -0.393265 -0.706349
    outer loop
      vertex -4.36344 -15.3482 0
      vertex -5.41266 -15.125 0.75
      vertex -4.76314 -14.75 0
    endloop
  endfacet
  facet normal 0.670304 -0.227524 -0.706346
    outer loop
      vertex 5.77425 -14.3918 0.75
      vertex 5.08134 -14.1048 0
      vertex 6.03704 -13.6176 0.75
    endloop
  endfacet
  facet normal 0.634861 -0.313093 -0.706346
    outer loop
      vertex 5.41266 -15.125 0.75
      vertex 5.08134 -14.1048 0
      vertex 5.77425 -14.3918 0.75
    endloop
  endfacet
  facet normal 0.69426 -0.138104 -0.70635
    outer loop
      vertex 6.03704 -13.6176 0.75
      vertex 5.31259 -13.4235 0
      vertex 5.45295 -12.7179 0
    endloop
  endfacet
  facet normal 1 -0 0
    outer loop
      vertex -3.14999 138.567 10.9393
      vertex -3.14999 143.929 1.06065
      vertex -3.14999 143.929 10.9393
    endloop
  endfacet
  facet normal 1 0 0
    outer loop
      vertex -3.14999 143.929 1.06065
      vertex -3.14999 138.567 10.9393
      vertex -3.14999 138.567 1.06065
    endloop
  endfacet
  facet normal 0.710431 -2.32521e-05 0.703767
    outer loop
      vertex -4.20075 143.949 12
      vertex -3.15 143.929 10.9393
      vertex -3.68779 144.467 11.4822
    endloop
  endfacet
  facet normal 0.710431 -0 0.703767
    outer loop
      vertex -4.20075 138.762 12
      vertex -3.15 143.929 10.9393
      vertex -4.20075 143.949 12
    endloop
  endfacet
  facet normal 0.710428 1.32493e-06 0.70377
    outer loop
      vertex -3.14999 138.567 10.9393
      vertex -3.15 143.929 10.9393
      vertex -4.20075 138.762 12
    endloop
  endfacet
  facet normal -0 0 1
    outer loop
      vertex -3.15 143.929 10.9393
      vertex -3.14999 138.567 10.9393
      vertex -3.14999 143.929 10.9393
    endloop
  endfacet
  facet normal 0.710446 0.000197398 0.703752
    outer loop
      vertex -3.76503 138.532 11.5602
      vertex -3.14999 138.567 10.9393
      vertex -4.20075 138.762 12
    endloop
  endfacet
  facet normal 0.710439 0.000449552 0.703759
    outer loop
      vertex -3.14999 138.567 10.9393
      vertex -3.76503 138.532 11.5602
      vertex -3.2 138.543 10.9898
    endloop
  endfacet
  facet normal 0.710443 -4.07654e-05 0.703754
    outer loop
      vertex -3.2 138.543 10.9898
      vertex -3.76503 138.532 11.5602
      vertex -3.45776 138.37 11.25
    endloop
  endfacet
  facet normal 0 0 1
    outer loop
      vertex 3.14999 138.567 10.9393
      vertex 3.15 143.929 10.9393
      vertex 3.14999 143.929 10.9393
    endloop
  endfacet
  facet normal -0.710428 1.32493e-06 0.70377
    outer loop
      vertex 3.15 143.929 10.9393
      vertex 3.14999 138.567 10.9393
      vertex 4.20075 138.762 12
    endloop
  endfacet
  facet normal -0.710403 -0.000269786 0.703795
    outer loop
      vertex 4.20075 138.762 12
      vertex 3.14999 138.567 10.9393
      vertex 3.94322 138.626 11.74
    endloop
  endfacet
  facet normal -0.710431 0.000483557 0.703767
    outer loop
      vertex 3.2 138.543 10.9898
      vertex 3.94322 138.626 11.74
      vertex 3.14999 138.567 10.9393
    endloop
  endfacet
  facet normal -0.710408 6.70701e-05 0.70379
    outer loop
      vertex 3.94322 138.626 11.74
      vertex 3.2 138.543 10.9898
      vertex 3.45776 138.37 11.25
    endloop
  endfacet
  facet normal -0.710431 -2.32521e-05 0.703767
    outer loop
      vertex 3.15 143.929 10.9393
      vertex 4.20075 143.949 12
      vertex 3.68779 144.467 11.4822
    endloop
  endfacet
  facet normal -0.710431 0 0.703767
    outer loop
      vertex 4.20075 143.949 12
      vertex 3.15 143.929 10.9393
      vertex 4.20075 138.762 12
    endloop
  endfacet
  facet normal -1 0 0
    outer loop
      vertex 3.14999 138.567 1.06065
      vertex 3.14999 143.929 10.9393
      vertex 3.14999 143.929 1.06065
    endloop
  endfacet
  facet normal -1 -0 0
    outer loop
      vertex 3.14999 143.929 10.9393
      vertex 3.14999 138.567 1.06065
      vertex 3.14999 138.567 10.9393
    endloop
  endfacet
  facet normal -0.710414 -5.3712e-06 -0.703784
    outer loop
      vertex 4.20075 143.949 0
      vertex 3.15 143.929 1.06065
      vertex 3.68779 144.467 0.517789
    endloop
  endfacet
  facet normal -0.710414 0 -0.703784
    outer loop
      vertex 4.20075 138.762 0
      vertex 3.15 143.929 1.06065
      vertex 4.20075 143.949 0
    endloop
  endfacet
  facet normal -0.710411 1.3249e-06 -0.703787
    outer loop
      vertex 3.14999 138.567 1.06065
      vertex 3.15 143.929 1.06065
      vertex 4.20075 138.762 0
    endloop
  endfacet
  facet normal -0 0 -1
    outer loop
      vertex 3.15 143.929 1.06065
      vertex 3.14999 138.567 1.06065
      vertex 3.14999 143.929 1.06065
    endloop
  endfacet
  facet normal -0.71041 -8.97076e-06 -0.703788
    outer loop
      vertex 3.76503 138.532 0.439823
      vertex 3.14999 138.567 1.06065
      vertex 4.20075 138.762 0
    endloop
  endfacet
  facet normal -0.71042 -0.000351032 -0.703778
    outer loop
      vertex 3.14999 138.567 1.06065
      vertex 3.76503 138.532 0.439823
      vertex 3.2 138.543 1.01018
    endloop
  endfacet
  facet normal -0.710417 -8.41587e-08 -0.703781
    outer loop
      vertex 3.2 138.543 1.01018
      vertex 3.76503 138.532 0.439823
      vertex 3.45775 138.37 0.75
    endloop
  endfacet
  facet normal 0 0 -1
    outer loop
      vertex -3.14999 138.567 1.06065
      vertex -3.15 143.929 1.06065
      vertex -3.14999 143.929 1.06065
    endloop
  endfacet
  facet normal 0.710411 1.3249e-06 -0.703787
    outer loop
      vertex -3.15 143.929 1.06065
      vertex -3.14999 138.567 1.06065
      vertex -4.20075 138.762 0
    endloop
  endfacet
  facet normal 0.710412 8.19427e-06 -0.703786
    outer loop
      vertex -4.20075 138.762 0
      vertex -3.14999 138.567 1.06065
      vertex -3.94321 138.626 0.259963
    endloop
  endfacet
  facet normal 0.710401 -0.000273463 -0.703797
    outer loop
      vertex -3.2 138.543 1.01018
      vertex -3.94321 138.626 0.259963
      vertex -3.14999 138.567 1.06065
    endloop
  endfacet
  facet normal 0.710417 -2.5318e-07 -0.703781
    outer loop
      vertex -3.94321 138.626 0.259963
      vertex -3.2 138.543 1.01018
      vertex -3.45775 138.37 0.75
    endloop
  endfacet
  facet normal 0.710414 -5.3712e-06 -0.703784
    outer loop
      vertex -3.15 143.929 1.06065
      vertex -4.20075 143.949 0
      vertex -3.68779 144.467 0.517789
    endloop
  endfacet
  facet normal 0.710414 0 -0.703784
    outer loop
      vertex -4.20075 143.949 0
      vertex -3.15 143.929 1.06065
      vertex -4.20075 138.762 0
    endloop
  endfacet
  facet normal -0.997857 0.0654284 1.33037e-19
    outer loop
      vertex 6.34524 132.165 0.75
      vertex 6.39999 133 11.25
      vertex 6.39999 133 0.75
    endloop
  endfacet
  facet normal -0.997857 0.0654284 1.33037e-19
    outer loop
      vertex 6.39999 133 11.25
      vertex 6.34524 132.165 0.75
      vertex 6.34524 132.165 11.25
    endloop
  endfacet
  facet normal -0.710997 0.0465969 0.70165
    outer loop
      vertex 7.14013 133 12
      vertex 6.39999 133 11.25
      vertex 7.07977 132.079 12
    endloop
  endfacet
  facet normal -0.710982 0.0466183 0.701663
    outer loop
      vertex 6.34524 132.165 11.25
      vertex 7.07977 132.079 12
      vertex 6.39999 133 11.25
    endloop
  endfacet
  facet normal -0.71099 0.0465375 0.701661
    outer loop
      vertex 7.07977 132.079 12
      vertex 6.34524 132.165 11.25
      vertex 7.07905 132.068 12
    endloop
  endfacet
  facet normal -0.710999 0.0465381 -0.701652
    outer loop
      vertex 7.13941 132.989 0
      vertex 6.39999 133 0.75
      vertex 7.14013 133 0
    endloop
  endfacet
  facet normal -0.710996 0.0466192 -0.701649
    outer loop
      vertex 6.39999 133 0.75
      vertex 7.13941 132.989 0
      vertex 6.34524 132.165 0.75
    endloop
  endfacet
  facet normal -0.710984 0.0465961 -0.701663
    outer loop
      vertex 7.07905 132.068 0
      vertex 6.34524 132.165 0.75
      vertex 7.13941 132.989 0
    endloop
  endfacet
  facet normal -0.980782 0.195105 -9.31317e-19
    outer loop
      vertex 6.18192 131.344 0.75
      vertex 6.34524 132.165 11.25
      vertex 6.34524 132.165 0.75
    endloop
  endfacet
  facet normal -0.980782 0.195105 -9.31317e-19
    outer loop
      vertex 6.34524 132.165 11.25
      vertex 6.18192 131.344 0.75
      vertex 6.18192 131.344 11.25
    endloop
  endfacet
  facet normal -0.698788 0.13904 0.701686
    outer loop
      vertex 7.07905 132.068 12
      vertex 6.34524 132.165 11.25
      vertex 6.89898 131.163 12
    endloop
  endfacet
  facet normal -0.698811 0.139013 0.701668
    outer loop
      vertex 6.18192 131.344 11.25
      vertex 6.89898 131.163 12
      vertex 6.34524 132.165 11.25
    endloop
  endfacet
  facet normal -0.699469 0.136078 0.701588
    outer loop
      vertex 6.89898 131.163 12
      vertex 6.18192 131.344 11.25
      vertex 6.89684 131.152 12
    endloop
  endfacet
  facet normal -0.699181 0.136658 -0.701762
    outer loop
      vertex 7.0769 132.057 0
      vertex 6.34524 132.165 0.75
      vertex 7.07905 132.068 0
    endloop
  endfacet
  facet normal -0.698776 0.139006 -0.701705
    outer loop
      vertex 6.34524 132.165 0.75
      vertex 7.0769 132.057 0
      vertex 6.18192 131.344 0.75
    endloop
  endfacet
  facet normal -0.698784 0.139031 -0.701692
    outer loop
      vertex 6.89684 131.152 0
      vertex 6.18192 131.344 0.75
      vertex 7.0769 132.057 0
    endloop
  endfacet
  facet normal -0.946962 0.321346 -1.02651e-18
    outer loop
      vertex 5.91282 130.551 0.75
      vertex 6.18192 131.344 11.25
      vertex 6.18192 131.344 0.75
    endloop
  endfacet
  facet normal -0.946962 0.321346 -1.02651e-18
    outer loop
      vertex 6.18192 131.344 11.25
      vertex 5.91282 130.551 0.75
      vertex 5.91282 130.551 11.25
    endloop
  endfacet
  facet normal -0.674646 0.229009 0.701717
    outer loop
      vertex 6.89684 131.152 12
      vertex 6.18192 131.344 11.25
      vertex 6.60016 130.278 12
    endloop
  endfacet
  facet normal -0.674706 0.228958 0.701677
    outer loop
      vertex 5.91282 130.551 11.25
      vertex 6.60016 130.278 12
      vertex 6.18192 131.344 11.25
    endloop
  endfacet
  facet normal -0.67146 0.237697 0.701884
    outer loop
      vertex 6.60016 130.278 12
      vertex 5.91282 130.551 11.25
      vertex 6.59662 130.268 12
    endloop
  endfacet
  facet normal -0.671922 0.23786 -0.701386
    outer loop
      vertex 6.8933 131.142 0
      vertex 6.18192 131.344 0.75
      vertex 6.89684 131.152 0
    endloop
  endfacet
  facet normal -0.674729 0.228965 -0.701653
    outer loop
      vertex 6.18192 131.344 0.75
      vertex 6.8933 131.142 0
      vertex 5.91282 130.551 0.75
    endloop
  endfacet
  facet normal -0.674744 0.229042 -0.701612
    outer loop
      vertex 6.59662 130.268 0
      vertex 5.91282 130.551 0.75
      vertex 6.8933 131.142 0
    endloop
  endfacet
  facet normal -0.896916 0.4422 -4.74781e-19
    outer loop
      vertex 5.54256 129.8 0.75
      vertex 5.91282 130.551 11.25
      vertex 5.91282 130.551 0.75
    endloop
  endfacet
  facet normal -0.896916 0.4422 -4.74781e-19
    outer loop
      vertex 5.91282 130.551 11.25
      vertex 5.54256 129.8 0.75
      vertex 5.54256 129.8 11.25
    endloop
  endfacet
  facet normal -0.639117 0.315097 0.701601
    outer loop
      vertex 6.59662 130.268 12
      vertex 5.91282 130.551 11.25
      vertex 6.1884 129.44 12
    endloop
  endfacet
  facet normal -0.639115 0.315098 0.701602
    outer loop
      vertex 5.54256 129.8 11.25
      vertex 6.1884 129.44 12
      vertex 5.91282 130.551 11.25
    endloop
  endfacet
  facet normal -0.640719 0.31203 0.70151
    outer loop
      vertex 6.1884 129.44 12
      vertex 5.54256 129.8 11.25
      vertex 6.18353 129.43 12
    endloop
  endfacet
  facet normal -0.640542 0.311944 -0.70171
    outer loop
      vertex 6.59175 130.258 0
      vertex 5.91282 130.551 0.75
      vertex 6.59662 130.268 0
    endloop
  endfacet
  facet normal -0.639093 0.315087 -0.701627
    outer loop
      vertex 5.91282 130.551 0.75
      vertex 6.59175 130.258 0
      vertex 5.54256 129.8 0.75
    endloop
  endfacet
  facet normal -0.639093 0.315085 -0.701628
    outer loop
      vertex 6.18353 129.43 0
      vertex 5.54256 129.8 0.75
      vertex 6.59175 130.258 0
    endloop
  endfacet
  facet normal -0.831443 0.55561 -2.51637e-18
    outer loop
      vertex 5.07746 129.104 0.75
      vertex 5.54256 129.8 11.25
      vertex 5.54256 129.8 0.75
    endloop
  endfacet
  facet normal -0.831443 0.55561 -2.51637e-18
    outer loop
      vertex 5.54256 129.8 11.25
      vertex 5.07746 129.104 0.75
      vertex 5.07746 129.104 11.25
    endloop
  endfacet
  facet normal -0.592365 0.39602 0.701621
    outer loop
      vertex 6.18353 129.43 12
      vertex 5.54256 129.8 11.25
      vertex 5.67076 128.663 12
    endloop
  endfacet
  facet normal -0.592515 0.395947 0.701536
    outer loop
      vertex 5.07746 129.104 11.25
      vertex 5.67076 128.663 12
      vertex 5.54256 129.8 11.25
    endloop
  endfacet
  facet normal -0.608965 0.372078 0.700514
    outer loop
      vertex 5.67076 128.663 12
      vertex 5.07746 129.104 11.25
      vertex 5.66465 128.653 12
    endloop
  endfacet
  facet normal -0.589675 0.400324 -0.701445
    outer loop
      vertex 6.17742 129.421 0
      vertex 5.54256 129.8 0.75
      vertex 6.18353 129.43 0
    endloop
  endfacet
  facet normal -0.592473 0.395918 -0.701587
    outer loop
      vertex 5.54256 129.8 0.75
      vertex 6.17742 129.421 0
      vertex 5.07746 129.104 0.75
    endloop
  endfacet
  facet normal -0.592493 0.395589 -0.701756
    outer loop
      vertex 5.66465 128.653 0
      vertex 5.07746 129.104 0.75
      vertex 6.17742 129.421 0
    endloop
  endfacet
  facet normal -0.751625 0.65959 -2.55413e-18
    outer loop
      vertex 4.52548 128.475 0.75
      vertex 5.07746 129.104 11.25
      vertex 5.07746 129.104 0.75
    endloop
  endfacet
  facet normal -0.751625 0.65959 -2.55413e-18
    outer loop
      vertex 5.07746 129.104 11.25
      vertex 4.52548 128.475 0.75
      vertex 4.52548 128.475 11.25
    endloop
  endfacet
  facet normal -0.535624 0.469682 0.701787
    outer loop
      vertex 5.07746 129.104 11.25
      vertex 5.05609 127.959 12
      vertex 5.66465 128.653 12
    endloop
  endfacet
  facet normal -0.535331 0.469781 0.701945
    outer loop
      vertex 4.52548 128.475 11.25
      vertex 5.05609 127.959 12
      vertex 5.07746 129.104 11.25
    endloop
  endfacet
  facet normal -0.52724 0.47847 0.702199
    outer loop
      vertex 5.05609 127.959 12
      vertex 4.52548 128.475 11.25
      vertex 5.04883 127.951 12
    endloop
  endfacet
  facet normal -0.527867 0.479039 -0.70134
    outer loop
      vertex 5.65739 128.645 0
      vertex 5.07746 129.104 0.75
      vertex 5.66465 128.653 0
    endloop
  endfacet
  facet normal -0.535519 0.469946 -0.701691
    outer loop
      vertex 5.07746 129.104 0.75
      vertex 5.65739 128.645 0
      vertex 4.52548 128.475 0.75
    endloop
  endfacet
  facet normal -0.535578 0.469642 -0.701849
    outer loop
      vertex 5.04883 127.951 0
      vertex 4.52548 128.475 0.75
      vertex 5.65739 128.645 0
    endloop
  endfacet
  facet normal -0.659361 0.751827 0
    outer loop
      vertex 4.52548 128.475 0.75
      vertex 3.89607 127.923 11.25
      vertex 4.52548 128.475 11.25
    endloop
  endfacet
  facet normal -0.659361 0.751827 0
    outer loop
      vertex 3.89607 127.923 11.25
      vertex 4.52548 128.475 0.75
      vertex 3.89607 127.923 0.75
    endloop
  endfacet
  facet normal -0.469415 0.535751 0.701869
    outer loop
      vertex 4.52548 128.475 11.25
      vertex 4.35491 127.343 12
      vertex 5.04883 127.951 12
    endloop
  endfacet
  facet normal -0.469795 0.535677 0.701671
    outer loop
      vertex 3.89607 127.923 11.25
      vertex 4.35491 127.343 12
      vertex 4.52548 128.475 11.25
    endloop
  endfacet
  facet normal -0.496281 0.51303 0.700361
    outer loop
      vertex 4.35491 127.343 12
      vertex 3.89607 127.923 11.25
      vertex 4.34664 127.335 12
    endloop
  endfacet
  facet normal -0.460483 0.544028 -0.701419
    outer loop
      vertex 5.04056 127.944 0
      vertex 4.52548 128.475 0.75
      vertex 5.04883 127.951 0
    endloop
  endfacet
  facet normal -0.469719 0.53559 -0.701788
    outer loop
      vertex 4.52548 128.475 0.75
      vertex 5.04056 127.944 0
      vertex 3.89607 127.923 0.75
    endloop
  endfacet
  facet normal -0.469809 0.53532 -0.701934
    outer loop
      vertex 4.34664 127.335 0
      vertex 3.89607 127.923 0.75
      vertex 5.04056 127.944 0
    endloop
  endfacet
  facet normal -0.556314 0.830972 0
    outer loop
      vertex 3.89607 127.923 0.75
      vertex 3.2 127.457 11.25
      vertex 3.89607 127.923 11.25
    endloop
  endfacet
  facet normal -0.556314 0.830972 0
    outer loop
      vertex 3.2 127.457 11.25
      vertex 3.89607 127.923 0.75
      vertex 3.2 127.457 0.75
    endloop
  endfacet
  facet normal -0.395275 0.592464 0.701957
    outer loop
      vertex 3.89607 127.923 11.25
      vertex 3.57922 126.823 12
      vertex 4.34664 127.335 12
    endloop
  endfacet
  facet normal -0.396585 0.592384 0.701286
    outer loop
      vertex 3.2 127.457 11.25
      vertex 3.57922 126.823 12
      vertex 3.89607 127.923 11.25
    endloop
  endfacet
  facet normal -0.434264 0.567645 0.699424
    outer loop
      vertex 3.57922 126.823 12
      vertex 3.2 127.457 11.25
      vertex 3.57007 126.816 12
    endloop
  endfacet
  facet normal -0.390365 0.595958 -0.701747
    outer loop
      vertex 4.33748 127.329 0
      vertex 3.89607 127.923 0.75
      vertex 4.34664 127.335 0
    endloop
  endfacet
  facet normal -0.396226 0.591848 -0.701941
    outer loop
      vertex 3.89607 127.923 0.75
      vertex 4.33748 127.329 0
      vertex 3.2 127.457 0.75
    endloop
  endfacet
  facet normal -0.395979 0.592355 -0.701653
    outer loop
      vertex 3.57007 126.816 0
      vertex 3.2 127.457 0.75
      vertex 4.33748 127.329 0
    endloop
  endfacet
  facet normal -0.442031 0.897 0
    outer loop
      vertex 3.2 127.457 0.75
      vertex 2.44917 127.087 11.25
      vertex 3.2 127.457 11.25
    endloop
  endfacet
  facet normal -0.442031 0.897 0
    outer loop
      vertex 2.44917 127.087 11.25
      vertex 3.2 127.457 0.75
      vertex 2.44917 127.087 0.75
    endloop
  endfacet
  facet normal -0.315002 0.639106 0.701653
    outer loop
      vertex 3.2 127.457 11.25
      vertex 2.74228 126.408 12
      vertex 3.57007 126.816 12
    endloop
  endfacet
  facet normal -0.314942 0.639102 0.701684
    outer loop
      vertex 2.44917 127.087 11.25
      vertex 2.74228 126.408 12
      vertex 3.2 127.457 11.25
    endloop
  endfacet
  facet normal -0.322077 0.635779 0.701464
    outer loop
      vertex 2.74228 126.408 12
      vertex 2.44917 127.087 11.25
      vertex 2.73241 126.403 12
    endloop
  endfacet
  facet normal -0.268375 0.662885 -0.698969
    outer loop
      vertex 3.56019 126.812 0
      vertex 3.2 127.457 0.75
      vertex 3.57007 126.816 0
    endloop
  endfacet
  facet normal -0.31512 0.639463 -0.701275
    outer loop
      vertex 3.2 127.457 0.75
      vertex 3.56019 126.812 0
      vertex 2.44917 127.087 0.75
    endloop
  endfacet
  facet normal -0.315597 0.638741 -0.701718
    outer loop
      vertex 2.73241 126.403 0
      vertex 2.44917 127.087 0.75
      vertex 3.56019 126.812 0
    endloop
  endfacet
  facet normal -0.321337 0.946965 0
    outer loop
      vertex 2.44917 127.087 0.75
      vertex 1.65644 126.818 11.25
      vertex 2.44917 127.087 11.25
    endloop
  endfacet
  facet normal -0.321337 0.946965 0
    outer loop
      vertex 1.65644 126.818 11.25
      vertex 2.44917 127.087 0.75
      vertex 1.65644 126.818 0.75
    endloop
  endfacet
  facet normal -0.228541 0.674798 0.701725
    outer loop
      vertex 2.44917 127.087 11.25
      vertex 1.85843 126.107 12
      vertex 2.73241 126.403 12
    endloop
  endfacet
  facet normal -0.229014 0.674894 0.701478
    outer loop
      vertex 1.65644 126.818 11.25
      vertex 1.85843 126.107 12
      vertex 2.44917 127.087 11.25
    endloop
  endfacet
  facet normal -0.255543 0.666329 0.700502
    outer loop
      vertex 1.85843 126.107 12
      vertex 1.65644 126.818 11.25
      vertex 1.848 126.103 12
    endloop
  endfacet
  facet normal -0.197341 0.68609 -0.700241
    outer loop
      vertex 2.72198 126.4 0
      vertex 2.44917 127.087 0.75
      vertex 2.73241 126.403 0
    endloop
  endfacet
  facet normal -0.22901 0.67488 -0.701492
    outer loop
      vertex 2.44917 127.087 0.75
      vertex 2.72198 126.4 0
      vertex 1.65644 126.818 0.75
    endloop
  endfacet
  facet normal -0.229248 0.674606 -0.701678
    outer loop
      vertex 1.848 126.103 0
      vertex 1.65644 126.818 0.75
      vertex 2.72198 126.4 0
    endloop
  endfacet
  facet normal -0.194721 0.980859 0
    outer loop
      vertex 1.65644 126.818 0.75
      vertex 0.835366 126.655 11.25
      vertex 1.65644 126.818 11.25
    endloop
  endfacet
  facet normal -0.194721 0.980859 0
    outer loop
      vertex 0.835366 126.655 11.25
      vertex 1.65644 126.818 0.75
      vertex 0.835366 126.655 0.75
    endloop
  endfacet
  facet normal -0.138954 0.698806 0.701685
    outer loop
      vertex 1.65644 126.818 11.25
      vertex 0.942771 125.923 12
      vertex 1.848 126.103 12
    endloop
  endfacet
  facet normal -0.138711 0.698722 0.701817
    outer loop
      vertex 0.835366 126.655 11.25
      vertex 0.942771 125.923 12
      vertex 1.65644 126.818 11.25
    endloop
  endfacet
  facet normal -0.129712 0.700248 0.702017
    outer loop
      vertex 0.942771 125.923 12
      vertex 0.835366 126.655 11.25
      vertex 0.931974 125.921 12
    endloop
  endfacet
  facet normal -0.129797 0.700904 -0.701347
    outer loop
      vertex 1.8372 126.101 0
      vertex 1.65644 126.818 0.75
      vertex 1.848 126.103 0
    endloop
  endfacet
  facet normal -0.13875 0.698922 -0.70161
    outer loop
      vertex 1.65644 126.818 0.75
      vertex 1.8372 126.101 0
      vertex 0.835366 126.655 0.75
    endloop
  endfacet
  facet normal -0.138943 0.698751 -0.701742
    outer loop
      vertex 0.931974 125.921 0
      vertex 0.835366 126.655 0.75
      vertex 1.8372 126.101 0
    endloop
  endfacet
  facet normal -0.0656972 0.99784 0
    outer loop
      vertex 0.835366 126.655 0.75
      vertex 0 126.6 11.25
      vertex 0.835366 126.655 11.25
    endloop
  endfacet
  facet normal -0.0656972 0.99784 0
    outer loop
      vertex 0 126.6 11.25
      vertex 0.835366 126.655 0.75
      vertex 0 126.6 0.75
    endloop
  endfacet
  facet normal -0.0463155 0.710933 0.701733
    outer loop
      vertex 0.835366 126.655 11.25
      vertex 0.0109857 125.861 12
      vertex 0.931974 125.921 12
    endloop
  endfacet
  facet normal -0.0468241 0.711187 0.701442
    outer loop
      vertex 0 126.6 11.25
      vertex 0.0109857 125.861 12
      vertex 0.835366 126.655 11.25
    endloop
  endfacet
  facet normal -0.064661 0.710347 0.700875
    outer loop
      vertex 0.0109857 125.861 12
      vertex 0 126.6 11.25
      vertex 0 125.86 12
    endloop
  endfacet
  facet normal -0.0645395 0.709031 -0.702218
    outer loop
      vertex 0.920988 125.92 0
      vertex 0.835366 126.655 0.75
      vertex 0.931974 125.921 0
    endloop
  endfacet
  facet normal -0.0467957 0.710755 -0.701882
    outer loop
      vertex 0.835366 126.655 0.75
      vertex 0.920988 125.92 0
      vertex 0 126.6 0.75
    endloop
  endfacet
  facet normal -0.0463245 0.711072 -0.701591
    outer loop
      vertex 0.920988 125.92 0
      vertex 0 125.86 0
      vertex 0 126.6 0.75
    endloop
  endfacet
  facet normal 0.0656972 0.99784 -0
    outer loop
      vertex 0 126.6 0.75
      vertex -0.835366 126.655 11.25
      vertex 0 126.6 11.25
    endloop
  endfacet
  facet normal 0.0656972 0.99784 0
    outer loop
      vertex -0.835366 126.655 11.25
      vertex 0 126.6 0.75
      vertex -0.835366 126.655 0.75
    endloop
  endfacet
  facet normal 0.0463245 0.711072 0.701591
    outer loop
      vertex 0 126.6 11.25
      vertex -0.920988 125.92 12
      vertex 0 125.86 12
    endloop
  endfacet
  facet normal 0.0467957 0.710755 0.701882
    outer loop
      vertex -0.835366 126.655 11.25
      vertex -0.920988 125.92 12
      vertex 0 126.6 11.25
    endloop
  endfacet
  facet normal 0.0645395 0.709031 0.702218
    outer loop
      vertex -0.920988 125.92 12
      vertex -0.835366 126.655 11.25
      vertex -0.931974 125.921 12
    endloop
  endfacet
  facet normal 0.064661 0.710347 -0.700875
    outer loop
      vertex -0.0109857 125.861 0
      vertex 0 126.6 0.75
      vertex 0 125.86 0
    endloop
  endfacet
  facet normal 0.0468241 0.711187 -0.701442
    outer loop
      vertex 0 126.6 0.75
      vertex -0.0109857 125.861 0
      vertex -0.835366 126.655 0.75
    endloop
  endfacet
  facet normal 0.0463155 0.710933 -0.701733
    outer loop
      vertex -0.0109857 125.861 0
      vertex -0.931974 125.921 0
      vertex -0.835366 126.655 0.75
    endloop
  endfacet
  facet normal 0.194721 0.980859 -0
    outer loop
      vertex -0.835366 126.655 0.75
      vertex -1.65644 126.818 11.25
      vertex -0.835366 126.655 11.25
    endloop
  endfacet
  facet normal 0.194721 0.980859 0
    outer loop
      vertex -1.65644 126.818 11.25
      vertex -0.835366 126.655 0.75
      vertex -1.65644 126.818 0.75
    endloop
  endfacet
  facet normal 0.138943 0.698751 0.701742
    outer loop
      vertex -0.835366 126.655 11.25
      vertex -1.8372 126.101 12
      vertex -0.931974 125.921 12
    endloop
  endfacet
  facet normal 0.13875 0.698922 0.70161
    outer loop
      vertex -1.65644 126.818 11.25
      vertex -1.8372 126.101 12
      vertex -0.835366 126.655 11.25
    endloop
  endfacet
  facet normal 0.129797 0.700904 0.701347
    outer loop
      vertex -1.8372 126.101 12
      vertex -1.65644 126.818 11.25
      vertex -1.848 126.103 12
    endloop
  endfacet
  facet normal 0.129712 0.700248 -0.702017
    outer loop
      vertex -0.942771 125.923 0
      vertex -0.835366 126.655 0.75
      vertex -0.931974 125.921 0
    endloop
  endfacet
  facet normal 0.138711 0.698722 -0.701817
    outer loop
      vertex -0.835366 126.655 0.75
      vertex -0.942771 125.923 0
      vertex -1.65644 126.818 0.75
    endloop
  endfacet
  facet normal 0.138954 0.698806 -0.701685
    outer loop
      vertex -0.942771 125.923 0
      vertex -1.848 126.103 0
      vertex -1.65644 126.818 0.75
    endloop
  endfacet
  facet normal 0.321337 0.946965 -0
    outer loop
      vertex -1.65644 126.818 0.75
      vertex -2.44917 127.087 11.25
      vertex -1.65644 126.818 11.25
    endloop
  endfacet
  facet normal 0.321337 0.946965 0
    outer loop
      vertex -2.44917 127.087 11.25
      vertex -1.65644 126.818 0.75
      vertex -2.44917 127.087 0.75
    endloop
  endfacet
  facet normal 0.229248 0.674606 0.701678
    outer loop
      vertex -1.65644 126.818 11.25
      vertex -2.72198 126.4 12
      vertex -1.848 126.103 12
    endloop
  endfacet
  facet normal 0.22901 0.67488 0.701492
    outer loop
      vertex -2.44917 127.087 11.25
      vertex -2.72198 126.4 12
      vertex -1.65644 126.818 11.25
    endloop
  endfacet
  facet normal 0.197341 0.68609 0.700241
    outer loop
      vertex -2.72198 126.4 12
      vertex -2.44917 127.087 11.25
      vertex -2.73241 126.403 12
    endloop
  endfacet
  facet normal 0.255543 0.666329 -0.700502
    outer loop
      vertex -1.85843 126.107 0
      vertex -1.65644 126.818 0.75
      vertex -1.848 126.103 0
    endloop
  endfacet
  facet normal 0.229014 0.674894 -0.701478
    outer loop
      vertex -1.65644 126.818 0.75
      vertex -1.85843 126.107 0
      vertex -2.44917 127.087 0.75
    endloop
  endfacet
  facet normal 0.228541 0.674798 -0.701725
    outer loop
      vertex -1.85843 126.107 0
      vertex -2.73241 126.403 0
      vertex -2.44917 127.087 0.75
    endloop
  endfacet
  facet normal 0.442031 0.897 -0
    outer loop
      vertex -2.44917 127.087 0.75
      vertex -3.2 127.457 11.25
      vertex -2.44917 127.087 11.25
    endloop
  endfacet
  facet normal 0.442031 0.897 0
    outer loop
      vertex -3.2 127.457 11.25
      vertex -2.44917 127.087 0.75
      vertex -3.2 127.457 0.75
    endloop
  endfacet
  facet normal 0.315597 0.638741 0.701718
    outer loop
      vertex -2.44917 127.087 11.25
      vertex -3.56019 126.812 12
      vertex -2.73241 126.403 12
    endloop
  endfacet
  facet normal 0.31512 0.639463 0.701275
    outer loop
      vertex -3.2 127.457 11.25
      vertex -3.56019 126.812 12
      vertex -2.44917 127.087 11.25
    endloop
  endfacet
  facet normal 0.268375 0.662885 0.698969
    outer loop
      vertex -3.56019 126.812 12
      vertex -3.2 127.457 11.25
      vertex -3.57007 126.816 12
    endloop
  endfacet
  facet normal 0.322077 0.635779 -0.701464
    outer loop
      vertex -2.74228 126.408 0
      vertex -2.44917 127.087 0.75
      vertex -2.73241 126.403 0
    endloop
  endfacet
  facet normal 0.314942 0.639102 -0.701684
    outer loop
      vertex -2.44917 127.087 0.75
      vertex -2.74228 126.408 0
      vertex -3.2 127.457 0.75
    endloop
  endfacet
  facet normal 0.315002 0.639106 -0.701653
    outer loop
      vertex -2.74228 126.408 0
      vertex -3.57007 126.816 0
      vertex -3.2 127.457 0.75
    endloop
  endfacet
  facet normal 0.556314 0.830972 -0
    outer loop
      vertex -3.2 127.457 0.75
      vertex -3.89607 127.923 11.25
      vertex -3.2 127.457 11.25
    endloop
  endfacet
  facet normal 0.556314 0.830972 0
    outer loop
      vertex -3.89607 127.923 11.25
      vertex -3.2 127.457 0.75
      vertex -3.89607 127.923 0.75
    endloop
  endfacet
  facet normal 0.395979 0.592355 0.701653
    outer loop
      vertex -3.2 127.457 11.25
      vertex -4.33748 127.329 12
      vertex -3.57007 126.816 12
    endloop
  endfacet
  facet normal 0.396226 0.591848 0.701941
    outer loop
      vertex -3.89607 127.923 11.25
      vertex -4.33748 127.329 12
      vertex -3.2 127.457 11.25
    endloop
  endfacet
  facet normal 0.390365 0.595958 0.701747
    outer loop
      vertex -4.33748 127.329 12
      vertex -3.89607 127.923 11.25
      vertex -4.34664 127.335 12
    endloop
  endfacet
  facet normal 0.434264 0.567645 -0.699424
    outer loop
      vertex -3.57922 126.823 0
      vertex -3.2 127.457 0.75
      vertex -3.57007 126.816 0
    endloop
  endfacet
  facet normal 0.396585 0.592384 -0.701286
    outer loop
      vertex -3.2 127.457 0.75
      vertex -3.57922 126.823 0
      vertex -3.89607 127.923 0.75
    endloop
  endfacet
  facet normal 0.395275 0.592464 -0.701957
    outer loop
      vertex -3.57922 126.823 0
      vertex -4.34664 127.335 0
      vertex -3.89607 127.923 0.75
    endloop
  endfacet
  facet normal 0.659361 0.751827 -0
    outer loop
      vertex -3.89607 127.923 0.75
      vertex -4.52548 128.475 11.25
      vertex -3.89607 127.923 11.25
    endloop
  endfacet
  facet normal 0.659361 0.751827 0
    outer loop
      vertex -4.52548 128.475 11.25
      vertex -3.89607 127.923 0.75
      vertex -4.52548 128.475 0.75
    endloop
  endfacet
  facet normal 0.469809 0.53532 0.701934
    outer loop
      vertex -3.89607 127.923 11.25
      vertex -5.04056 127.944 12
      vertex -4.34664 127.335 12
    endloop
  endfacet
  facet normal 0.469719 0.53559 0.701788
    outer loop
      vertex -4.52548 128.475 11.25
      vertex -5.04056 127.944 12
      vertex -3.89607 127.923 11.25
    endloop
  endfacet
  facet normal 0.460483 0.544028 0.701419
    outer loop
      vertex -5.04056 127.944 12
      vertex -4.52548 128.475 11.25
      vertex -5.04883 127.951 12
    endloop
  endfacet
  facet normal 0.496281 0.51303 -0.700361
    outer loop
      vertex -4.35491 127.343 0
      vertex -3.89607 127.923 0.75
      vertex -4.34664 127.335 0
    endloop
  endfacet
  facet normal 0.469795 0.535677 -0.701671
    outer loop
      vertex -3.89607 127.923 0.75
      vertex -4.35491 127.343 0
      vertex -4.52548 128.475 0.75
    endloop
  endfacet
  facet normal 0.469415 0.535751 -0.701869
    outer loop
      vertex -4.35491 127.343 0
      vertex -5.04883 127.951 0
      vertex -4.52548 128.475 0.75
    endloop
  endfacet
  facet normal 0.751625 0.65959 2.55413e-18
    outer loop
      vertex -4.52548 128.475 11.25
      vertex -5.07746 129.104 0.75
      vertex -5.07746 129.104 11.25
    endloop
  endfacet
  facet normal 0.751625 0.65959 2.55413e-18
    outer loop
      vertex -5.07746 129.104 0.75
      vertex -4.52548 128.475 11.25
      vertex -4.52548 128.475 0.75
    endloop
  endfacet
  facet normal 0.535578 0.469642 0.701849
    outer loop
      vertex -4.52548 128.475 11.25
      vertex -5.65739 128.645 12
      vertex -5.04883 127.951 12
    endloop
  endfacet
  facet normal 0.535519 0.469946 0.701691
    outer loop
      vertex -5.07746 129.104 11.25
      vertex -5.65739 128.645 12
      vertex -4.52548 128.475 11.25
    endloop
  endfacet
  facet normal 0.527867 0.479039 0.70134
    outer loop
      vertex -5.65739 128.645 12
      vertex -5.07746 129.104 11.25
      vertex -5.66465 128.653 12
    endloop
  endfacet
  facet normal 0.52724 0.47847 -0.702199
    outer loop
      vertex -5.05609 127.959 0
      vertex -4.52548 128.475 0.75
      vertex -5.04883 127.951 0
    endloop
  endfacet
  facet normal 0.535331 0.469781 -0.701945
    outer loop
      vertex -4.52548 128.475 0.75
      vertex -5.05609 127.959 0
      vertex -5.07746 129.104 0.75
    endloop
  endfacet
  facet normal 0.535624 0.469682 -0.701787
    outer loop
      vertex -5.05609 127.959 0
      vertex -5.66465 128.653 0
      vertex -5.07746 129.104 0.75
    endloop
  endfacet
  facet normal 0.831443 0.55561 2.51637e-18
    outer loop
      vertex -5.07746 129.104 11.25
      vertex -5.54256 129.8 0.75
      vertex -5.54256 129.8 11.25
    endloop
  endfacet
  facet normal 0.831443 0.55561 2.51637e-18
    outer loop
      vertex -5.54256 129.8 0.75
      vertex -5.07746 129.104 11.25
      vertex -5.07746 129.104 0.75
    endloop
  endfacet
  facet normal 0.592493 0.395589 0.701756
    outer loop
      vertex -5.07746 129.104 11.25
      vertex -6.17742 129.421 12
      vertex -5.66465 128.653 12
    endloop
  endfacet
  facet normal 0.592473 0.395918 0.701587
    outer loop
      vertex -5.54256 129.8 11.25
      vertex -6.17742 129.421 12
      vertex -5.07746 129.104 11.25
    endloop
  endfacet
  facet normal 0.589675 0.400324 0.701445
    outer loop
      vertex -6.17742 129.421 12
      vertex -5.54256 129.8 11.25
      vertex -6.18353 129.43 12
    endloop
  endfacet
  facet normal 0.608965 0.372078 -0.700514
    outer loop
      vertex -5.67076 128.663 0
      vertex -5.07746 129.104 0.75
      vertex -5.66465 128.653 0
    endloop
  endfacet
  facet normal 0.592515 0.395947 -0.701536
    outer loop
      vertex -5.07746 129.104 0.75
      vertex -5.67076 128.663 0
      vertex -5.54256 129.8 0.75
    endloop
  endfacet
  facet normal 0.592365 0.39602 -0.701621
    outer loop
      vertex -5.67076 128.663 0
      vertex -6.18353 129.43 0
      vertex -5.54256 129.8 0.75
    endloop
  endfacet
  facet normal 0.896916 0.4422 4.74781e-19
    outer loop
      vertex -5.54256 129.8 11.25
      vertex -5.91282 130.551 0.75
      vertex -5.91282 130.551 11.25
    endloop
  endfacet
  facet normal 0.896916 0.4422 4.74781e-19
    outer loop
      vertex -5.91282 130.551 0.75
      vertex -5.54256 129.8 11.25
      vertex -5.54256 129.8 0.75
    endloop
  endfacet
  facet normal 0.639093 0.315085 0.701628
    outer loop
      vertex -5.54256 129.8 11.25
      vertex -6.59175 130.258 12
      vertex -6.18353 129.43 12
    endloop
  endfacet
  facet normal 0.639093 0.315087 0.701627
    outer loop
      vertex -5.91282 130.551 11.25
      vertex -6.59175 130.258 12
      vertex -5.54256 129.8 11.25
    endloop
  endfacet
  facet normal 0.640542 0.311944 0.70171
    outer loop
      vertex -6.59175 130.258 12
      vertex -5.91282 130.551 11.25
      vertex -6.59662 130.268 12
    endloop
  endfacet
  facet normal 0.640719 0.31203 -0.70151
    outer loop
      vertex -6.1884 129.44 0
      vertex -5.54256 129.8 0.75
      vertex -6.18353 129.43 0
    endloop
  endfacet
  facet normal 0.639115 0.315098 -0.701602
    outer loop
      vertex -5.54256 129.8 0.75
      vertex -6.1884 129.44 0
      vertex -5.91282 130.551 0.75
    endloop
  endfacet
  facet normal 0.639117 0.315097 -0.701601
    outer loop
      vertex -6.1884 129.44 0
      vertex -6.59662 130.268 0
      vertex -5.91282 130.551 0.75
    endloop
  endfacet
  facet normal 0.946962 0.321346 1.02651e-18
    outer loop
      vertex -5.91282 130.551 11.25
      vertex -6.18192 131.344 0.75
      vertex -6.18192 131.344 11.25
    endloop
  endfacet
  facet normal 0.946962 0.321346 1.02651e-18
    outer loop
      vertex -6.18192 131.344 0.75
      vertex -5.91282 130.551 11.25
      vertex -5.91282 130.551 0.75
    endloop
  endfacet
  facet normal 0.674744 0.229042 0.701612
    outer loop
      vertex -5.91282 130.551 11.25
      vertex -6.8933 131.142 12
      vertex -6.59662 130.268 12
    endloop
  endfacet
  facet normal 0.674729 0.228965 0.701653
    outer loop
      vertex -6.18192 131.344 11.25
      vertex -6.8933 131.142 12
      vertex -5.91282 130.551 11.25
    endloop
  endfacet
  facet normal 0.671922 0.23786 0.701386
    outer loop
      vertex -6.8933 131.142 12
      vertex -6.18192 131.344 11.25
      vertex -6.89684 131.152 12
    endloop
  endfacet
  facet normal 0.67146 0.237697 -0.701884
    outer loop
      vertex -6.60016 130.278 0
      vertex -5.91282 130.551 0.75
      vertex -6.59662 130.268 0
    endloop
  endfacet
  facet normal 0.674706 0.228958 -0.701677
    outer loop
      vertex -5.91282 130.551 0.75
      vertex -6.60016 130.278 0
      vertex -6.18192 131.344 0.75
    endloop
  endfacet
  facet normal 0.674646 0.229009 -0.701717
    outer loop
      vertex -6.60016 130.278 0
      vertex -6.89684 131.152 0
      vertex -6.18192 131.344 0.75
    endloop
  endfacet
  facet normal 0.980782 0.195105 9.31317e-19
    outer loop
      vertex -6.18192 131.344 11.25
      vertex -6.34524 132.165 0.75
      vertex -6.34524 132.165 11.25
    endloop
  endfacet
  facet normal 0.980782 0.195105 9.31317e-19
    outer loop
      vertex -6.34524 132.165 0.75
      vertex -6.18192 131.344 11.25
      vertex -6.18192 131.344 0.75
    endloop
  endfacet
  facet normal 0.698784 0.139031 0.701692
    outer loop
      vertex -6.18192 131.344 11.25
      vertex -7.0769 132.057 12
      vertex -6.89684 131.152 12
    endloop
  endfacet
  facet normal 0.698776 0.139006 0.701705
    outer loop
      vertex -6.34524 132.165 11.25
      vertex -7.0769 132.057 12
      vertex -6.18192 131.344 11.25
    endloop
  endfacet
  facet normal 0.699181 0.136658 0.701762
    outer loop
      vertex -7.0769 132.057 12
      vertex -6.34524 132.165 11.25
      vertex -7.07905 132.068 12
    endloop
  endfacet
  facet normal 0.699469 0.136078 -0.701588
    outer loop
      vertex -6.89898 131.163 0
      vertex -6.18192 131.344 0.75
      vertex -6.89684 131.152 0
    endloop
  endfacet
  facet normal 0.698811 0.139013 -0.701668
    outer loop
      vertex -6.18192 131.344 0.75
      vertex -6.89898 131.163 0
      vertex -6.34524 132.165 0.75
    endloop
  endfacet
  facet normal 0.698788 0.13904 -0.701686
    outer loop
      vertex -6.89898 131.163 0
      vertex -7.07905 132.068 0
      vertex -6.34524 132.165 0.75
    endloop
  endfacet
  facet normal 0.997857 0.0654284 -1.33037e-19
    outer loop
      vertex -6.34524 132.165 11.25
      vertex -6.39999 133 0.75
      vertex -6.39999 133 11.25
    endloop
  endfacet
  facet normal 0.997857 0.0654284 -1.33037e-19
    outer loop
      vertex -6.39999 133 0.75
      vertex -6.34524 132.165 11.25
      vertex -6.34524 132.165 0.75
    endloop
  endfacet
  facet normal 0.710984 0.0465961 0.701663
    outer loop
      vertex -6.34524 132.165 11.25
      vertex -7.13941 132.989 12
      vertex -7.07905 132.068 12
    endloop
  endfacet
  facet normal 0.710999 0.0465381 0.701652
    outer loop
      vertex -7.13941 132.989 12
      vertex -6.39999 133 11.25
      vertex -7.14013 133 12
    endloop
  endfacet
  facet normal 0.710996 0.0466192 0.701649
    outer loop
      vertex -6.39999 133 11.25
      vertex -7.13941 132.989 12
      vertex -6.34524 132.165 11.25
    endloop
  endfacet
  facet normal 0.710982 0.0466183 -0.701663
    outer loop
      vertex -6.34524 132.165 0.75
      vertex -7.07977 132.079 0
      vertex -6.39999 133 0.75
    endloop
  endfacet
  facet normal 0.71099 0.0465375 -0.701661
    outer loop
      vertex -7.07977 132.079 0
      vertex -6.34524 132.165 0.75
      vertex -7.07905 132.068 0
    endloop
  endfacet
  facet normal 0.710997 0.0465969 -0.70165
    outer loop
      vertex -7.07977 132.079 0
      vertex -7.14013 133 0
      vertex -6.39999 133 0.75
    endloop
  endfacet
  facet normal 0.997857 -0.0654284 1.33037e-19
    outer loop
      vertex -6.39999 133 11.25
      vertex -6.34524 133.835 0.75
      vertex -6.34524 133.835 11.25
    endloop
  endfacet
  facet normal 0.997857 -0.0654284 1.33037e-19
    outer loop
      vertex -6.34524 133.835 0.75
      vertex -6.39999 133 11.25
      vertex -6.39999 133 0.75
    endloop
  endfacet
  facet normal 0.710997 -0.0465969 0.70165
    outer loop
      vertex -7.07977 133.921 12
      vertex -7.14013 133 12
      vertex -6.39999 133 11.25
    endloop
  endfacet
  facet normal 0.71099 -0.0465375 0.701661
    outer loop
      vertex -7.07977 133.921 12
      vertex -6.34524 133.835 11.25
      vertex -7.07905 133.932 12
    endloop
  endfacet
  facet normal 0.710982 -0.0466183 0.701663
    outer loop
      vertex -6.34524 133.835 11.25
      vertex -7.07977 133.921 12
      vertex -6.39999 133 11.25
    endloop
  endfacet
  facet normal 0.710996 -0.0466192 -0.701649
    outer loop
      vertex -6.39999 133 0.75
      vertex -7.13941 133.011 0
      vertex -6.34524 133.835 0.75
    endloop
  endfacet
  facet normal 0.710999 -0.0465381 -0.701652
    outer loop
      vertex -7.13941 133.011 0
      vertex -6.39999 133 0.75
      vertex -7.14013 133 0
    endloop
  endfacet
  facet normal 0.710984 -0.0465961 -0.701663
    outer loop
      vertex -6.34524 133.835 0.75
      vertex -7.13941 133.011 0
      vertex -7.07905 133.932 0
    endloop
  endfacet
  facet normal 0.980782 -0.195105 -9.31317e-19
    outer loop
      vertex -6.34524 133.835 11.25
      vertex -6.18192 134.656 0.75
      vertex -6.18192 134.656 11.25
    endloop
  endfacet
  facet normal 0.980782 -0.195105 -9.31317e-19
    outer loop
      vertex -6.18192 134.656 0.75
      vertex -6.34524 133.835 11.25
      vertex -6.34524 133.835 0.75
    endloop
  endfacet
  facet normal 0.698788 -0.13904 0.701686
    outer loop
      vertex -6.89898 134.837 12
      vertex -7.07905 133.932 12
      vertex -6.34524 133.835 11.25
    endloop
  endfacet
  facet normal 0.699469 -0.136078 0.701588
    outer loop
      vertex -6.89898 134.837 12
      vertex -6.18192 134.656 11.25
      vertex -6.89684 134.848 12
    endloop
  endfacet
  facet normal 0.698811 -0.139013 0.701668
    outer loop
      vertex -6.18192 134.656 11.25
      vertex -6.89898 134.837 12
      vertex -6.34524 133.835 11.25
    endloop
  endfacet
  facet normal 0.698776 -0.139006 -0.701705
    outer loop
      vertex -6.34524 133.835 0.75
      vertex -7.0769 133.943 0
      vertex -6.18192 134.656 0.75
    endloop
  endfacet
  facet normal 0.699181 -0.136658 -0.701762
    outer loop
      vertex -7.0769 133.943 0
      vertex -6.34524 133.835 0.75
      vertex -7.07905 133.932 0
    endloop
  endfacet
  facet normal 0.698784 -0.139031 -0.701692
    outer loop
      vertex -6.18192 134.656 0.75
      vertex -7.0769 133.943 0
      vertex -6.89684 134.848 0
    endloop
  endfacet
  facet normal 0.946962 -0.321346 -1.02651e-18
    outer loop
      vertex -6.18192 134.656 11.25
      vertex -5.91282 135.449 0.75
      vertex -5.91282 135.449 11.25
    endloop
  endfacet
  facet normal 0.946962 -0.321346 -1.02651e-18
    outer loop
      vertex -5.91282 135.449 0.75
      vertex -6.18192 134.656 11.25
      vertex -6.18192 134.656 0.75
    endloop
  endfacet
  facet normal 0.674646 -0.229009 0.701717
    outer loop
      vertex -6.60016 135.722 12
      vertex -6.89684 134.848 12
      vertex -6.18192 134.656 11.25
    endloop
  endfacet
  facet normal 0.67146 -0.237697 0.701884
    outer loop
      vertex -6.60016 135.722 12
      vertex -5.91282 135.449 11.25
      vertex -6.59662 135.732 12
    endloop
  endfacet
  facet normal 0.674706 -0.228958 0.701677
    outer loop
      vertex -5.91282 135.449 11.25
      vertex -6.60016 135.722 12
      vertex -6.18192 134.656 11.25
    endloop
  endfacet
  facet normal 0.674729 -0.228965 -0.701653
    outer loop
      vertex -6.18192 134.656 0.75
      vertex -6.8933 134.858 0
      vertex -5.91282 135.449 0.75
    endloop
  endfacet
  facet normal 0.671922 -0.23786 -0.701386
    outer loop
      vertex -6.8933 134.858 0
      vertex -6.18192 134.656 0.75
      vertex -6.89684 134.848 0
    endloop
  endfacet
  facet normal 0.674744 -0.229042 -0.701612
    outer loop
      vertex -5.91282 135.449 0.75
      vertex -6.8933 134.858 0
      vertex -6.59662 135.732 0
    endloop
  endfacet
  facet normal 0.896916 -0.4422 -4.74781e-19
    outer loop
      vertex -5.91282 135.449 11.25
      vertex -5.54256 136.2 0.75
      vertex -5.54256 136.2 11.25
    endloop
  endfacet
  facet normal 0.896916 -0.4422 -4.74781e-19
    outer loop
      vertex -5.54256 136.2 0.75
      vertex -5.91282 135.449 11.25
      vertex -5.91282 135.449 0.75
    endloop
  endfacet
  facet normal 0.639117 -0.315097 0.701601
    outer loop
      vertex -6.1884 136.56 12
      vertex -6.59662 135.732 12
      vertex -5.91282 135.449 11.25
    endloop
  endfacet
  facet normal 0.640719 -0.31203 0.70151
    outer loop
      vertex -6.1884 136.56 12
      vertex -5.54256 136.2 11.25
      vertex -6.18353 136.57 12
    endloop
  endfacet
  facet normal 0.639115 -0.315098 0.701602
    outer loop
      vertex -5.54256 136.2 11.25
      vertex -6.1884 136.56 12
      vertex -5.91282 135.449 11.25
    endloop
  endfacet
  facet normal 0.639093 -0.315087 -0.701627
    outer loop
      vertex -5.91282 135.449 0.75
      vertex -6.59175 135.742 0
      vertex -5.54256 136.2 0.75
    endloop
  endfacet
  facet normal 0.640542 -0.311944 -0.70171
    outer loop
      vertex -6.59175 135.742 0
      vertex -5.91282 135.449 0.75
      vertex -6.59662 135.732 0
    endloop
  endfacet
  facet normal 0.639093 -0.315085 -0.701628
    outer loop
      vertex -5.54256 136.2 0.75
      vertex -6.59175 135.742 0
      vertex -6.18353 136.57 0
    endloop
  endfacet
  facet normal 0.831443 -0.55561 -2.51637e-18
    outer loop
      vertex -5.54256 136.2 11.25
      vertex -5.07746 136.896 0.75
      vertex -5.07746 136.896 11.25
    endloop
  endfacet
  facet normal 0.831443 -0.55561 -2.51637e-18
    outer loop
      vertex -5.07746 136.896 0.75
      vertex -5.54256 136.2 11.25
      vertex -5.54256 136.2 0.75
    endloop
  endfacet
  facet normal 0.592365 -0.39602 0.701621
    outer loop
      vertex -5.67076 137.337 12
      vertex -6.18353 136.57 12
      vertex -5.54256 136.2 11.25
    endloop
  endfacet
  facet normal 0.608965 -0.372078 0.700514
    outer loop
      vertex -5.67076 137.337 12
      vertex -5.07746 136.896 11.25
      vertex -5.66465 137.347 12
    endloop
  endfacet
  facet normal 0.592515 -0.395947 0.701536
    outer loop
      vertex -5.07746 136.896 11.25
      vertex -5.67076 137.337 12
      vertex -5.54256 136.2 11.25
    endloop
  endfacet
  facet normal 0.592473 -0.395918 -0.701587
    outer loop
      vertex -5.54256 136.2 0.75
      vertex -6.17742 136.579 0
      vertex -5.07746 136.896 0.75
    endloop
  endfacet
  facet normal 0.589675 -0.400324 -0.701445
    outer loop
      vertex -6.17742 136.579 0
      vertex -5.54256 136.2 0.75
      vertex -6.18353 136.57 0
    endloop
  endfacet
  facet normal 0.592493 -0.395589 -0.701756
    outer loop
      vertex -5.07746 136.896 0.75
      vertex -6.17742 136.579 0
      vertex -5.66465 137.347 0
    endloop
  endfacet
  facet normal 0.751625 -0.65959 -2.55413e-18
    outer loop
      vertex -5.07746 136.896 11.25
      vertex -4.52548 137.525 0.75
      vertex -4.52548 137.525 11.25
    endloop
  endfacet
  facet normal 0.751625 -0.65959 -2.55413e-18
    outer loop
      vertex -4.52548 137.525 0.75
      vertex -5.07746 136.896 11.25
      vertex -5.07746 136.896 0.75
    endloop
  endfacet
  facet normal 0.535624 -0.469682 0.701787
    outer loop
      vertex -5.05609 138.041 12
      vertex -5.66465 137.347 12
      vertex -5.07746 136.896 11.25
    endloop
  endfacet
  facet normal 0.52724 -0.47847 0.702199
    outer loop
      vertex -5.05609 138.041 12
      vertex -4.52548 137.525 11.25
      vertex -5.04883 138.049 12
    endloop
  endfacet
  facet normal 0.535331 -0.469781 0.701945
    outer loop
      vertex -4.52548 137.525 11.25
      vertex -5.05609 138.041 12
      vertex -5.07746 136.896 11.25
    endloop
  endfacet
  facet normal 0.535519 -0.469946 -0.701691
    outer loop
      vertex -5.07746 136.896 0.75
      vertex -5.65739 137.355 0
      vertex -4.52548 137.525 0.75
    endloop
  endfacet
  facet normal 0.527867 -0.479039 -0.70134
    outer loop
      vertex -5.65739 137.355 0
      vertex -5.07746 136.896 0.75
      vertex -5.66465 137.347 0
    endloop
  endfacet
  facet normal 0.535578 -0.469642 -0.701849
    outer loop
      vertex -4.52548 137.525 0.75
      vertex -5.65739 137.355 0
      vertex -5.04883 138.049 0
    endloop
  endfacet
  facet normal 0.659361 -0.751827 0
    outer loop
      vertex -4.52548 137.525 0.75
      vertex -3.89607 138.077 11.25
      vertex -4.52548 137.525 11.25
    endloop
  endfacet
  facet normal 0.659361 -0.751827 0
    outer loop
      vertex -3.89607 138.077 11.25
      vertex -4.52548 137.525 0.75
      vertex -3.89607 138.077 0.75
    endloop
  endfacet
  facet normal 0.469415 -0.535751 0.701869
    outer loop
      vertex -4.35491 138.657 12
      vertex -5.04883 138.049 12
      vertex -4.52548 137.525 11.25
    endloop
  endfacet
  facet normal 0.496281 -0.51303 0.700361
    outer loop
      vertex -4.35491 138.657 12
      vertex -3.89607 138.077 11.25
      vertex -4.34664 138.665 12
    endloop
  endfacet
  facet normal 0.469795 -0.535677 0.701671
    outer loop
      vertex -3.89607 138.077 11.25
      vertex -4.35491 138.657 12
      vertex -4.52548 137.525 11.25
    endloop
  endfacet
  facet normal 0.469719 -0.53559 -0.701788
    outer loop
      vertex -4.52548 137.525 0.75
      vertex -5.04056 138.056 0
      vertex -3.89607 138.077 0.75
    endloop
  endfacet
  facet normal 0.460483 -0.544028 -0.701419
    outer loop
      vertex -5.04056 138.056 0
      vertex -4.52548 137.525 0.75
      vertex -5.04883 138.049 0
    endloop
  endfacet
  facet normal 0.469809 -0.53532 -0.701934
    outer loop
      vertex -3.89607 138.077 0.75
      vertex -5.04056 138.056 0
      vertex -4.34664 138.665 0
    endloop
  endfacet
  facet normal 0.55574 -0.831353 -0.00221564
    outer loop
      vertex -3.89607 138.077 11.25
      vertex -3.2 138.543 10.9898
      vertex -3.45776 138.37 11.25
    endloop
  endfacet
  facet normal 0.556314 -0.830972 2.92467e-18
    outer loop
      vertex -3.89607 138.077 11.25
      vertex -3.2 138.543 1.01018
      vertex -3.2 138.543 10.9898
    endloop
  endfacet
  facet normal 0.556314 -0.830972 0
    outer loop
      vertex -3.89607 138.077 0.75
      vertex -3.2 138.543 1.01018
      vertex -3.89607 138.077 11.25
    endloop
  endfacet
  facet normal 0.555731 -0.831359 0.00224975
    outer loop
      vertex -3.2 138.543 1.01018
      vertex -3.89607 138.077 0.75
      vertex -3.45775 138.37 0.75
    endloop
  endfacet
  facet normal 0.394645 -0.593554 0.701391
    outer loop
      vertex -4.34664 138.665 12
      vertex -3.76503 138.532 11.5602
      vertex -4.20075 138.762 12
    endloop
  endfacet
  facet normal 0.395333 -0.592423 0.70196
    outer loop
      vertex -3.76503 138.532 11.5602
      vertex -4.34664 138.665 12
      vertex -3.89607 138.077 11.25
    endloop
  endfacet
  facet normal 0.395994 -0.592382 0.701621
    outer loop
      vertex -3.76503 138.532 11.5602
      vertex -3.89607 138.077 11.25
      vertex -3.45776 138.37 11.25
    endloop
  endfacet
  facet normal 0.39595 -0.59233 -0.70169
    outer loop
      vertex -3.89607 138.077 0.75
      vertex -3.94321 138.626 0.259963
      vertex -3.45775 138.37 0.75
    endloop
  endfacet
  facet normal 0.395031 -0.592638 -0.701947
    outer loop
      vertex -4.34664 138.665 0
      vertex -3.94321 138.626 0.259963
      vertex -3.89607 138.077 0.75
    endloop
  endfacet
  facet normal 0.392162 -0.5987 -0.698404
    outer loop
      vertex -3.94321 138.626 0.259963
      vertex -4.34664 138.665 0
      vertex -4.33748 138.671 0
    endloop
  endfacet
  facet normal 0.394842 -0.593261 -0.701527
    outer loop
      vertex -3.94321 138.626 0.259963
      vertex -4.33748 138.671 0
      vertex -4.20075 138.762 0
    endloop
  endfacet
  facet normal 0.432661 -0.901557 1.75249e-19
    outer loop
      vertex -3.2 138.543 10.9898
      vertex -3.14999 138.567 1.06065
      vertex -3.14999 138.567 10.9393
    endloop
  endfacet
  facet normal 0.432661 -0.901557 1.73476e-19
    outer loop
      vertex -3.14999 138.567 1.06065
      vertex -3.2 138.543 10.9898
      vertex -3.2 138.543 1.01018
    endloop
  endfacet
  facet normal -0.432661 -0.901557 0
    outer loop
      vertex 3.14999 138.567 1.06065
      vertex 3.2 138.543 10.9898
      vertex 3.14999 138.567 10.9393
    endloop
  endfacet
  facet normal -0.432661 -0.901557 -0
    outer loop
      vertex 3.2 138.543 10.9898
      vertex 3.14999 138.567 1.06065
      vertex 3.2 138.543 1.01018
    endloop
  endfacet
  facet normal -0.55574 -0.831353 -0.00221564
    outer loop
      vertex 3.2 138.543 10.9898
      vertex 3.89607 138.077 11.25
      vertex 3.45776 138.37 11.25
    endloop
  endfacet
  facet normal -0.556314 -0.830972 0
    outer loop
      vertex 3.2 138.543 1.01018
      vertex 3.89607 138.077 11.25
      vertex 3.2 138.543 10.9898
    endloop
  endfacet
  facet normal -0.555731 -0.831359 0.00224975
    outer loop
      vertex 3.89607 138.077 0.75
      vertex 3.2 138.543 1.01018
      vertex 3.45775 138.37 0.75
    endloop
  endfacet
  facet normal -0.556314 -0.830972 -2.77972e-18
    outer loop
      vertex 3.2 138.543 1.01018
      vertex 3.89607 138.077 0.75
      vertex 3.89607 138.077 11.25
    endloop
  endfacet
  facet normal -0.394874 -0.593309 0.701469
    outer loop
      vertex 4.20075 138.762 12
      vertex 3.94322 138.626 11.74
      vertex 4.33748 138.671 12
    endloop
  endfacet
  facet normal -0.392193 -0.598748 0.698345
    outer loop
      vertex 3.94322 138.626 11.74
      vertex 4.34664 138.665 12
      vertex 4.33748 138.671 12
    endloop
  endfacet
  facet normal -0.395113 -0.59258 0.701951
    outer loop
      vertex 3.94322 138.626 11.74
      vertex 3.89607 138.077 11.25
      vertex 4.34664 138.665 12
    endloop
  endfacet
  facet normal -0.39594 -0.592302 0.701719
    outer loop
      vertex 3.89607 138.077 11.25
      vertex 3.94322 138.626 11.74
      vertex 3.45776 138.37 11.25
    endloop
  endfacet
  facet normal -0.395971 -0.592361 -0.701652
    outer loop
      vertex 3.89607 138.077 0.75
      vertex 3.45775 138.37 0.75
      vertex 3.76503 138.532 0.439823
    endloop
  endfacet
  facet normal -0.395367 -0.592398 -0.701961
    outer loop
      vertex 3.76503 138.532 0.439823
      vertex 4.34664 138.665 0
      vertex 3.89607 138.077 0.75
    endloop
  endfacet
  facet normal -0.394655 -0.593569 -0.701373
    outer loop
      vertex 4.34664 138.665 0
      vertex 3.76503 138.532 0.439823
      vertex 4.20075 138.762 0
    endloop
  endfacet
  facet normal -0.659361 -0.751827 0
    outer loop
      vertex 3.89607 138.077 0.75
      vertex 4.52548 137.525 11.25
      vertex 3.89607 138.077 11.25
    endloop
  endfacet
  facet normal -0.659361 -0.751827 -0
    outer loop
      vertex 4.52548 137.525 11.25
      vertex 3.89607 138.077 0.75
      vertex 4.52548 137.525 0.75
    endloop
  endfacet
  facet normal -0.469809 -0.53532 0.701934
    outer loop
      vertex 4.34664 138.665 12
      vertex 3.89607 138.077 11.25
      vertex 5.04056 138.056 12
    endloop
  endfacet
  facet normal -0.460483 -0.544028 0.701419
    outer loop
      vertex 5.04056 138.056 12
      vertex 4.52548 137.525 11.25
      vertex 5.04883 138.049 12
    endloop
  endfacet
  facet normal -0.469719 -0.53559 0.701788
    outer loop
      vertex 4.52548 137.525 11.25
      vertex 5.04056 138.056 12
      vertex 3.89607 138.077 11.25
    endloop
  endfacet
  facet normal -0.469795 -0.535677 -0.701671
    outer loop
      vertex 3.89607 138.077 0.75
      vertex 4.35491 138.657 0
      vertex 4.52548 137.525 0.75
    endloop
  endfacet
  facet normal -0.496281 -0.51303 -0.700361
    outer loop
      vertex 4.35491 138.657 0
      vertex 3.89607 138.077 0.75
      vertex 4.34664 138.665 0
    endloop
  endfacet
  facet normal -0.469415 -0.535751 -0.701869
    outer loop
      vertex 4.52548 137.525 0.75
      vertex 4.35491 138.657 0
      vertex 5.04883 138.049 0
    endloop
  endfacet
  facet normal -0.751625 -0.65959 2.55413e-18
    outer loop
      vertex 5.07746 136.896 0.75
      vertex 4.52548 137.525 11.25
      vertex 4.52548 137.525 0.75
    endloop
  endfacet
  facet normal -0.751625 -0.65959 2.55413e-18
    outer loop
      vertex 4.52548 137.525 11.25
      vertex 5.07746 136.896 0.75
      vertex 5.07746 136.896 11.25
    endloop
  endfacet
  facet normal -0.535578 -0.469642 0.701849
    outer loop
      vertex 5.04883 138.049 12
      vertex 4.52548 137.525 11.25
      vertex 5.65739 137.355 12
    endloop
  endfacet
  facet normal -0.527867 -0.479039 0.70134
    outer loop
      vertex 5.65739 137.355 12
      vertex 5.07746 136.896 11.25
      vertex 5.66465 137.347 12
    endloop
  endfacet
  facet normal -0.535519 -0.469946 0.701691
    outer loop
      vertex 5.07746 136.896 11.25
      vertex 5.65739 137.355 12
      vertex 4.52548 137.525 11.25
    endloop
  endfacet
  facet normal -0.535331 -0.469781 -0.701945
    outer loop
      vertex 4.52548 137.525 0.75
      vertex 5.05609 138.041 0
      vertex 5.07746 136.896 0.75
    endloop
  endfacet
  facet normal -0.52724 -0.47847 -0.702199
    outer loop
      vertex 5.05609 138.041 0
      vertex 4.52548 137.525 0.75
      vertex 5.04883 138.049 0
    endloop
  endfacet
  facet normal -0.535624 -0.469682 -0.701787
    outer loop
      vertex 5.07746 136.896 0.75
      vertex 5.05609 138.041 0
      vertex 5.66465 137.347 0
    endloop
  endfacet
  facet normal -0.831443 -0.55561 2.51637e-18
    outer loop
      vertex 5.54256 136.2 0.75
      vertex 5.07746 136.896 11.25
      vertex 5.07746 136.896 0.75
    endloop
  endfacet
  facet normal -0.831443 -0.55561 2.51637e-18
    outer loop
      vertex 5.07746 136.896 11.25
      vertex 5.54256 136.2 0.75
      vertex 5.54256 136.2 11.25
    endloop
  endfacet
  facet normal -0.592493 -0.395589 0.701756
    outer loop
      vertex 5.66465 137.347 12
      vertex 5.07746 136.896 11.25
      vertex 6.17742 136.579 12
    endloop
  endfacet
  facet normal -0.589675 -0.400324 0.701445
    outer loop
      vertex 6.17742 136.579 12
      vertex 5.54256 136.2 11.25
      vertex 6.18353 136.57 12
    endloop
  endfacet
  facet normal -0.592473 -0.395918 0.701587
    outer loop
      vertex 5.54256 136.2 11.25
      vertex 6.17742 136.579 12
      vertex 5.07746 136.896 11.25
    endloop
  endfacet
  facet normal -0.592515 -0.395947 -0.701536
    outer loop
      vertex 5.07746 136.896 0.75
      vertex 5.67076 137.337 0
      vertex 5.54256 136.2 0.75
    endloop
  endfacet
  facet normal -0.608965 -0.372078 -0.700514
    outer loop
      vertex 5.67076 137.337 0
      vertex 5.07746 136.896 0.75
      vertex 5.66465 137.347 0
    endloop
  endfacet
  facet normal -0.592365 -0.39602 -0.701621
    outer loop
      vertex 6.18353 136.57 0
      vertex 5.54256 136.2 0.75
      vertex 5.67076 137.337 0
    endloop
  endfacet
  facet normal -0.896916 -0.4422 4.74781e-19
    outer loop
      vertex 5.91282 135.449 0.75
      vertex 5.54256 136.2 11.25
      vertex 5.54256 136.2 0.75
    endloop
  endfacet
  facet normal -0.896916 -0.4422 4.74781e-19
    outer loop
      vertex 5.54256 136.2 11.25
      vertex 5.91282 135.449 0.75
      vertex 5.91282 135.449 11.25
    endloop
  endfacet
  facet normal -0.639093 -0.315085 0.701628
    outer loop
      vertex 6.18353 136.57 12
      vertex 5.54256 136.2 11.25
      vertex 6.59175 135.742 12
    endloop
  endfacet
  facet normal -0.640542 -0.311944 0.70171
    outer loop
      vertex 6.59175 135.742 12
      vertex 5.91282 135.449 11.25
      vertex 6.59662 135.732 12
    endloop
  endfacet
  facet normal -0.639093 -0.315087 0.701627
    outer loop
      vertex 5.91282 135.449 11.25
      vertex 6.59175 135.742 12
      vertex 5.54256 136.2 11.25
    endloop
  endfacet
  facet normal -0.639115 -0.315098 -0.701602
    outer loop
      vertex 5.54256 136.2 0.75
      vertex 6.1884 136.56 0
      vertex 5.91282 135.449 0.75
    endloop
  endfacet
  facet normal -0.640719 -0.31203 -0.70151
    outer loop
      vertex 6.1884 136.56 0
      vertex 5.54256 136.2 0.75
      vertex 6.18353 136.57 0
    endloop
  endfacet
  facet normal -0.639117 -0.315097 -0.701601
    outer loop
      vertex 6.59662 135.732 0
      vertex 5.91282 135.449 0.75
      vertex 6.1884 136.56 0
    endloop
  endfacet
  facet normal -0.946962 -0.321346 1.02651e-18
    outer loop
      vertex 6.18192 134.656 0.75
      vertex 5.91282 135.449 11.25
      vertex 5.91282 135.449 0.75
    endloop
  endfacet
  facet normal -0.946962 -0.321346 1.02651e-18
    outer loop
      vertex 5.91282 135.449 11.25
      vertex 6.18192 134.656 0.75
      vertex 6.18192 134.656 11.25
    endloop
  endfacet
  facet normal -0.674744 -0.229042 0.701612
    outer loop
      vertex 6.59662 135.732 12
      vertex 5.91282 135.449 11.25
      vertex 6.8933 134.858 12
    endloop
  endfacet
  facet normal -0.671922 -0.23786 0.701386
    outer loop
      vertex 6.8933 134.858 12
      vertex 6.18192 134.656 11.25
      vertex 6.89684 134.848 12
    endloop
  endfacet
  facet normal -0.674729 -0.228965 0.701653
    outer loop
      vertex 6.18192 134.656 11.25
      vertex 6.8933 134.858 12
      vertex 5.91282 135.449 11.25
    endloop
  endfacet
  facet normal -0.674706 -0.228958 -0.701677
    outer loop
      vertex 5.91282 135.449 0.75
      vertex 6.60016 135.722 0
      vertex 6.18192 134.656 0.75
    endloop
  endfacet
  facet normal -0.67146 -0.237697 -0.701884
    outer loop
      vertex 6.60016 135.722 0
      vertex 5.91282 135.449 0.75
      vertex 6.59662 135.732 0
    endloop
  endfacet
  facet normal -0.674646 -0.229009 -0.701717
    outer loop
      vertex 6.89684 134.848 0
      vertex 6.18192 134.656 0.75
      vertex 6.60016 135.722 0
    endloop
  endfacet
  facet normal -0.980782 -0.195105 9.31317e-19
    outer loop
      vertex 6.34524 133.835 0.75
      vertex 6.18192 134.656 11.25
      vertex 6.18192 134.656 0.75
    endloop
  endfacet
  facet normal -0.980782 -0.195105 9.31317e-19
    outer loop
      vertex 6.18192 134.656 11.25
      vertex 6.34524 133.835 0.75
      vertex 6.34524 133.835 11.25
    endloop
  endfacet
  facet normal -0.698784 -0.139031 0.701692
    outer loop
      vertex 6.89684 134.848 12
      vertex 6.18192 134.656 11.25
      vertex 7.0769 133.943 12
    endloop
  endfacet
  facet normal -0.699181 -0.136658 0.701762
    outer loop
      vertex 7.0769 133.943 12
      vertex 6.34524 133.835 11.25
      vertex 7.07905 133.932 12
    endloop
  endfacet
  facet normal -0.698776 -0.139006 0.701705
    outer loop
      vertex 6.34524 133.835 11.25
      vertex 7.0769 133.943 12
      vertex 6.18192 134.656 11.25
    endloop
  endfacet
  facet normal -0.698811 -0.139013 -0.701668
    outer loop
      vertex 6.18192 134.656 0.75
      vertex 6.89898 134.837 0
      vertex 6.34524 133.835 0.75
    endloop
  endfacet
  facet normal -0.699469 -0.136078 -0.701588
    outer loop
      vertex 6.89898 134.837 0
      vertex 6.18192 134.656 0.75
      vertex 6.89684 134.848 0
    endloop
  endfacet
  facet normal -0.698788 -0.13904 -0.701686
    outer loop
      vertex 7.07905 133.932 0
      vertex 6.34524 133.835 0.75
      vertex 6.89898 134.837 0
    endloop
  endfacet
  facet normal -0.997857 -0.0654284 -1.33037e-19
    outer loop
      vertex 6.39999 133 0.75
      vertex 6.34524 133.835 11.25
      vertex 6.34524 133.835 0.75
    endloop
  endfacet
  facet normal -0.997857 -0.0654284 -1.33037e-19
    outer loop
      vertex 6.34524 133.835 11.25
      vertex 6.39999 133 0.75
      vertex 6.39999 133 11.25
    endloop
  endfacet
  facet normal -0.710984 -0.0465961 0.701663
    outer loop
      vertex 7.07905 133.932 12
      vertex 6.34524 133.835 11.25
      vertex 7.13941 133.011 12
    endloop
  endfacet
  facet normal -0.710996 -0.0466192 0.701649
    outer loop
      vertex 6.39999 133 11.25
      vertex 7.13941 133.011 12
      vertex 6.34524 133.835 11.25
    endloop
  endfacet
  facet normal -0.710999 -0.0465381 0.701652
    outer loop
      vertex 7.13941 133.011 12
      vertex 6.39999 133 11.25
      vertex 7.14013 133 12
    endloop
  endfacet
  facet normal -0.71099 -0.0465375 -0.701661
    outer loop
      vertex 7.07977 133.921 0
      vertex 6.34524 133.835 0.75
      vertex 7.07905 133.932 0
    endloop
  endfacet
  facet normal -0.710982 -0.0466183 -0.701663
    outer loop
      vertex 6.34524 133.835 0.75
      vertex 7.07977 133.921 0
      vertex 6.39999 133 0.75
    endloop
  endfacet
  facet normal -0.710997 -0.0465969 -0.70165
    outer loop
      vertex 7.14013 133 0
      vertex 6.39999 133 0.75
      vertex 7.07977 133.921 0
    endloop
  endfacet
  facet normal -1 0 0
    outer loop
      vertex 4.21066 144.99 1.04066
      vertex 4.21066 145 10.9493
      vertex 4.21066 145 1.05065
    endloop
  endfacet
  facet normal -1 -0 0
    outer loop
      vertex 4.21066 145 10.9493
      vertex 4.21066 144.99 1.04066
      vertex 4.21066 144.99 10.9593
    endloop
  endfacet
  facet normal 1 0 0
    outer loop
      vertex -4.21066 144.99 10.9593
      vertex -4.21066 145 1.05065
      vertex -4.21066 145 10.9493
    endloop
  endfacet
  facet normal 1 0 0
    outer loop
      vertex -4.21066 145 1.05065
      vertex -4.21066 144.99 10.9593
      vertex -4.21066 144.99 1.04066
    endloop
  endfacet
  facet normal -0.70722 0.706994 4.99114e-05
    outer loop
      vertex 3.15 143.929 1.06065
      vertex 4.21066 144.99 1.04066
      vertex 3.68779 144.467 0.517789
    endloop
  endfacet
  facet normal -0.70722 0.706993 0
    outer loop
      vertex 4.21066 144.99 1.04066
      vertex 3.15 143.929 1.06065
      vertex 4.21066 144.99 10.9593
    endloop
  endfacet
  facet normal -0.70722 0.706993 0
    outer loop
      vertex 3.15 143.929 10.9393
      vertex 4.21066 144.99 10.9593
      vertex 3.15 143.929 1.06065
    endloop
  endfacet
  facet normal -0.70722 0.706994 -4.99083e-05
    outer loop
      vertex 4.21066 144.99 10.9593
      vertex 3.15 143.929 10.9393
      vertex 3.68779 144.467 11.4822
    endloop
  endfacet
  facet normal 0.70722 0.706994 -4.99083e-05
    outer loop
      vertex -3.15 143.929 10.9393
      vertex -4.21066 144.99 10.9593
      vertex -3.68779 144.467 11.4822
    endloop
  endfacet
  facet normal 0.70722 0.706993 0
    outer loop
      vertex -4.21066 144.99 10.9593
      vertex -3.15 143.929 10.9393
      vertex -4.21066 144.99 1.04066
    endloop
  endfacet
  facet normal 0.70722 0.706993 -0
    outer loop
      vertex -3.15 143.929 1.06065
      vertex -4.21066 144.99 1.04066
      vertex -3.15 143.929 10.9393
    endloop
  endfacet
  facet normal 0.70722 0.706994 4.99114e-05
    outer loop
      vertex -4.21066 144.99 1.04066
      vertex -3.15 143.929 1.06065
      vertex -3.68779 144.467 0.517789
    endloop
  endfacet
  facet normal 0 1 0
    outer loop
      vertex 3.15 143.929 10.9393
      vertex 3.14999 143.929 1.06065
      vertex 3.14999 143.929 10.9393
    endloop
  endfacet
  facet normal 0 1 0
    outer loop
      vertex 3.14999 143.929 1.06065
      vertex 3.15 143.929 10.9393
      vertex 3.15 143.929 1.06065
    endloop
  endfacet
  facet normal 0 1 -0
    outer loop
      vertex -3.14999 143.929 1.06065
      vertex -3.15 143.929 10.9393
      vertex -3.14999 143.929 10.9393
    endloop
  endfacet
  facet normal 0 1 0
    outer loop
      vertex -3.15 143.929 10.9393
      vertex -3.14999 143.929 1.06065
      vertex -3.15 143.929 1.06065
    endloop
  endfacet
endsolid OpenSCAD_Model
