solid OpenSCAD_Model
  facet normal 0.707107 -0 0.707107
    outer loop
      vertex 18.9393 1.05066 12
      vertex 20 1.06066 10.9393
      vertex 18.9393 1.06066 12
    endloop
  endfacet
  facet normal 0.707107 0 0.707107
    outer loop
      vertex 20 1.06066 10.9393
      vertex 18.9393 1.05066 12
      vertex 20 1.05066 10.9393
    endloop
  endfacet
  facet normal 0 -0.707103 -0.70711
    outer loop
      vertex 3.04 0 1.05065
      vertex 18.9393 1.05066 0
      vertex 18.5041 0 1.05065
    endloop
  endfacet
  facet normal -0 -0.707103 -0.70711
    outer loop
      vertex 18.9393 1.05066 0
      vertex 3.04 0 1.05065
      vertex 1.98935 1.05066 0
    endloop
  endfacet
  facet normal 1.46747e-18 -0.707103 -0.70711
    outer loop
      vertex -18.8566 1.05066 0
      vertex -3.03999 0 1.05065
      vertex -18.5041 0 1.05065
    endloop
  endfacet
  facet normal 1.3454e-18 -0.707103 -0.70711
    outer loop
      vertex -3.03999 0 1.05065
      vertex -18.8566 1.05066 0
      vertex -1.98934 1.05066 0
    endloop
  endfacet
  facet normal -2.95216e-06 -0.707104 -0.70711
    outer loop
      vertex -18.8566 1.05066 0
      vertex -18.5041 0 1.05065
      vertex -18.9164 0.995263 0.0553968
    endloop
  endfacet
  facet normal 0.499991 -0.707119 -0.499991
    outer loop
      vertex 18.9393 0 1.48586
      vertex 20 1.05066 1.06065
      vertex 18.9493 0 1.49586
    endloop
  endfacet
  facet normal 0.499982 -0.707116 -0.500005
    outer loop
      vertex 20 1.05066 1.06065
      vertex 18.9393 0 1.48586
      vertex 18.9393 1.05066 0
    endloop
  endfacet
  facet normal 0.500008 -0.707103 -0.499997
    outer loop
      vertex 18.9393 0 1.48586
      vertex 18.5041 0 1.05065
      vertex 18.9393 1.05066 0
    endloop
  endfacet
  facet normal -0.707108 -0.707105 3.08342e-18
    outer loop
      vertex -18.9493 0 1.49586
      vertex -19.9233 0.974004 10.9076
      vertex -19.9233 0.974004 1.09241
    endloop
  endfacet
  facet normal -0.707108 -0.707105 3.35963e-18
    outer loop
      vertex -19.9233 0.974004 10.9076
      vertex -18.9493 0 1.49586
      vertex -18.9493 0 10.5041
    endloop
  endfacet
  facet normal -0.500176 -0.707188 0.499709
    outer loop
      vertex -19.9217 0.995272 10.9393
      vertex -19.9233 0.974004 10.9076
      vertex -18.9493 0 10.5041
    endloop
  endfacet
  facet normal -0.499987 -0.707125 0.499987
    outer loop
      vertex -19.9217 0.995272 10.9393
      vertex -18.9493 0 10.5041
      vertex -18.5141 0 10.9393
    endloop
  endfacet
  facet normal 0.707093 -0.70712 -7.90335e-19
    outer loop
      vertex 18.9493 0 10.5041
      vertex 20 1.05066 1.06065
      vertex 20 1.05066 10.9393
    endloop
  endfacet
  facet normal 0.707093 -0.70712 -8.667e-19
    outer loop
      vertex 20 1.05066 1.06065
      vertex 18.9493 0 10.5041
      vertex 18.9493 0 1.49586
    endloop
  endfacet
  facet normal 0 0 -1
    outer loop
      vertex 5.45295 -12.7179 0
      vertex 5.45295 -11.2821 0
      vertex 5.5 -12 0
    endloop
  endfacet
  facet normal 0 0 -1
    outer loop
      vertex 5.31259 -13.4235 0
      vertex 5.45295 -11.2821 0
      vertex 5.45295 -12.7179 0
    endloop
  endfacet
  facet normal 0 0 -1
    outer loop
      vertex 5.31259 -13.4235 0
      vertex 5.31259 -10.5765 0
      vertex 5.45295 -11.2821 0
    endloop
  endfacet
  facet normal 0 0 -1
    outer loop
      vertex 5.08134 -14.1048 0
      vertex 5.31259 -10.5765 0
      vertex 5.31259 -13.4235 0
    endloop
  endfacet
  facet normal 0 0 -1
    outer loop
      vertex 5.08134 -14.1048 0
      vertex 5.08134 -9.89524 0
      vertex 5.31259 -10.5765 0
    endloop
  endfacet
  facet normal 0 0 -1
    outer loop
      vertex 4.76314 -14.75 0
      vertex 5.08134 -9.89524 0
      vertex 5.08134 -14.1048 0
    endloop
  endfacet
  facet normal 0 0 -1
    outer loop
      vertex 4.76314 -14.75 0
      vertex 4.76314 -9.25 0
      vertex 5.08134 -9.89524 0
    endloop
  endfacet
  facet normal 0 0 -1
    outer loop
      vertex 4.36344 -15.3482 0
      vertex 4.76314 -9.25 0
      vertex 4.76314 -14.75 0
    endloop
  endfacet
  facet normal 0 0 -1
    outer loop
      vertex 4.36344 -15.3482 0
      vertex 4.36344 -8.65181 0
      vertex 4.76314 -9.25 0
    endloop
  endfacet
  facet normal 0 0 -1
    outer loop
      vertex 3.88909 -15.8891 0
      vertex 4.36344 -8.65181 0
      vertex 4.36344 -15.3482 0
    endloop
  endfacet
  facet normal 0 0 -1
    outer loop
      vertex 3.88909 -15.8891 0
      vertex 3.88909 -8.11091 0
      vertex 4.36344 -8.65181 0
    endloop
  endfacet
  facet normal 0 0 -1
    outer loop
      vertex 3.34819 -16.3634 0
      vertex 3.88909 -8.11091 0
      vertex 3.88909 -15.8891 0
    endloop
  endfacet
  facet normal 0 0 -1
    outer loop
      vertex 3.34819 -16.3634 0
      vertex 3.34819 -7.63656 0
      vertex 3.88909 -8.11091 0
    endloop
  endfacet
  facet normal 0 0 -1
    outer loop
      vertex 2.75 -16.7631 0
      vertex 3.34819 -7.63656 0
      vertex 3.34819 -16.3634 0
    endloop
  endfacet
  facet normal 0 0 -1
    outer loop
      vertex 2.75 -16.7631 0
      vertex 2.75 -7.23686 0
      vertex 3.34819 -7.63656 0
    endloop
  endfacet
  facet normal 0 0 -1
    outer loop
      vertex 2.10476 -17.0813 0
      vertex 2.75 -7.23686 0
      vertex 2.75 -16.7631 0
    endloop
  endfacet
  facet normal 0 0 -1
    outer loop
      vertex 1.98935 -6.87948 0
      vertex 2.75 -7.23686 0
      vertex 2.10476 -17.0813 0
    endloop
  endfacet
  facet normal 0 0 -1
    outer loop
      vertex 2.75 -7.23686 0
      vertex 1.98935 -6.87948 0
      vertex 2.10476 -6.91866 0
    endloop
  endfacet
  facet normal 0 0 -1
    outer loop
      vertex -1.98934 -6.87948 0
      vertex 1.98935 -6.87948 0
      vertex 1.4235 -17.3126 0
    endloop
  endfacet
  facet normal 0 0 -1
    outer loop
      vertex 1.4235 -17.3126 0
      vertex 1.98935 -6.87948 0
      vertex 2.10476 -17.0813 0
    endloop
  endfacet
  facet normal 0 0 -1
    outer loop
      vertex 57.7582 133.418 0
      vertex 61.3919 139.122 0
      vertex 71.8065 128.693 0
    endloop
  endfacet
  facet normal 0 0 -1
    outer loop
      vertex 55.7197 129.294 0
      vertex 71.8065 128.693 0
      vertex 71.8656 128.634 0
    endloop
  endfacet
  facet normal 0 0 -1
    outer loop
      vertex 61.3919 139.122 0
      vertex 57.8185 134.339 0
      vertex 57.8193 134.35 0
    endloop
  endfacet
  facet normal 0 0 -1
    outer loop
      vertex 61.3919 139.122 0
      vertex 57.7582 133.418 0
      vertex 57.8185 134.339 0
    endloop
  endfacet
  facet normal 0 0 -1
    outer loop
      vertex 71.8065 128.693 0
      vertex 57.756 133.408 0
      vertex 57.7582 133.418 0
    endloop
  endfacet
  facet normal 0 0 -1
    outer loop
      vertex 71.8065 128.693 0
      vertex 57.576 132.502 0
      vertex 57.756 133.408 0
    endloop
  endfacet
  facet normal 0 0 -1
    outer loop
      vertex 71.8065 128.693 0
      vertex 57.5724 132.492 0
      vertex 57.576 132.502 0
    endloop
  endfacet
  facet normal 0 0 -1
    outer loop
      vertex 71.8065 128.693 0
      vertex 57.2758 131.618 0
      vertex 57.5724 132.492 0
    endloop
  endfacet
  facet normal 0 0 -1
    outer loop
      vertex 71.8065 128.693 0
      vertex 57.2709 131.608 0
      vertex 57.2758 131.618 0
    endloop
  endfacet
  facet normal 0 0 -1
    outer loop
      vertex 71.8065 128.693 0
      vertex 56.8627 130.78 0
      vertex 57.2709 131.608 0
    endloop
  endfacet
  facet normal 0 0 -1
    outer loop
      vertex 71.8065 128.693 0
      vertex 56.8565 130.771 0
      vertex 56.8627 130.78 0
    endloop
  endfacet
  facet normal 0 0 -1
    outer loop
      vertex 71.8065 128.693 0
      vertex 56.3438 130.004 0
      vertex 56.8565 130.771 0
    endloop
  endfacet
  facet normal 0 0 -1
    outer loop
      vertex 71.8065 128.693 0
      vertex 56.3365 129.995 0
      vertex 56.3438 130.004 0
    endloop
  endfacet
  facet normal 0 0 -1
    outer loop
      vertex 71.8065 128.693 0
      vertex 55.728 129.301 0
      vertex 56.3365 129.995 0
    endloop
  endfacet
  facet normal 0 0 -1
    outer loop
      vertex 71.8065 128.693 0
      vertex 55.7197 129.294 0
      vertex 55.728 129.301 0
    endloop
  endfacet
  facet normal 0 0 -1
    outer loop
      vertex 71.8656 128.634 0
      vertex 55.0258 128.686 0
      vertex 55.7197 129.294 0
    endloop
  endfacet
  facet normal 0 0 -1
    outer loop
      vertex 53.9008 107.6 0
      vertex 55.0258 128.686 0
      vertex 71.8656 128.634 0
    endloop
  endfacet
  facet normal 0 0 -1
    outer loop
      vertex 55.0258 128.686 0
      vertex 53.9008 107.6 0
      vertex 55.0166 128.68 0
    endloop
  endfacet
  facet normal 0 0 -1
    outer loop
      vertex 55.0166 128.68 0
      vertex 53.9008 107.6 0
      vertex 54.2492 128.167 0
    endloop
  endfacet
  facet normal 0 0 -1
    outer loop
      vertex 54.2492 128.167 0
      vertex 53.9008 107.6 0
      vertex 54.2393 128.162 0
    endloop
  endfacet
  facet normal 0 0 -1
    outer loop
      vertex 53.9008 107.6 0
      vertex 53.4115 127.754 0
      vertex 54.2393 128.162 0
    endloop
  endfacet
  facet normal 0 0 -1
    outer loop
      vertex 53.9008 107.6 0
      vertex 53.4011 127.75 0
      vertex 53.4115 127.754 0
    endloop
  endfacet
  facet normal 0 0 -1
    outer loop
      vertex 53.9008 107.6 0
      vertex 52.5271 127.453 0
      vertex 53.4011 127.75 0
    endloop
  endfacet
  facet normal 0 0 -1
    outer loop
      vertex 53.9008 107.6 0
      vertex 52.5163 127.451 0
      vertex 52.5271 127.453 0
    endloop
  endfacet
  facet normal 0 0 -1
    outer loop
      vertex 53.9008 107.6 0
      vertex 51.6111 127.271 0
      vertex 52.5163 127.451 0
    endloop
  endfacet
  facet normal 0 0 -1
    outer loop
      vertex 53.9008 107.6 0
      vertex 51.6001 127.271 0
      vertex 51.6111 127.271 0
    endloop
  endfacet
  facet normal 0 0 -1
    outer loop
      vertex 53.9008 107.6 0
      vertex 50.6791 127.21 0
      vertex 51.6001 127.271 0
    endloop
  endfacet
  facet normal 0 0 -1
    outer loop
      vertex 53.9008 107.6 0
      vertex 50.6681 127.211 0
      vertex 50.6791 127.21 0
    endloop
  endfacet
  facet normal 0 0 -1
    outer loop
      vertex 53.9008 107.6 0
      vertex 49.7472 127.271 0
      vertex 50.6681 127.211 0
    endloop
  endfacet
  facet normal 0 0 -1
    outer loop
      vertex 53.9008 107.6 0
      vertex 49.7364 127.273 0
      vertex 49.7472 127.271 0
    endloop
  endfacet
  facet normal 0 0 -1
    outer loop
      vertex 53.9008 107.6 0
      vertex 48.8311 127.453 0
      vertex 49.7364 127.273 0
    endloop
  endfacet
  facet normal 0 0 -1
    outer loop
      vertex 53.9008 107.6 0
      vertex 48.8207 127.457 0
      vertex 48.8311 127.453 0
    endloop
  endfacet
  facet normal 0 0 -1
    outer loop
      vertex 53.9008 107.6 0
      vertex 47.9467 127.754 0
      vertex 48.8207 127.457 0
    endloop
  endfacet
  facet normal 0 0 -1
    outer loop
      vertex 53.9008 107.6 0
      vertex 47.9368 127.759 0
      vertex 47.9467 127.754 0
    endloop
  endfacet
  facet normal 0 0 -1
    outer loop
      vertex 53.9008 107.6 0
      vertex 47.1091 128.167 0
      vertex 47.9368 127.759 0
    endloop
  endfacet
  facet normal 0 0 -1
    outer loop
      vertex 53.9008 107.6 0
      vertex 47.0999 128.173 0
      vertex 47.1091 128.167 0
    endloop
  endfacet
  facet normal 0 0 -1
    outer loop
      vertex 53.9008 107.6 0
      vertex 46.3325 128.686 0
      vertex 47.0999 128.173 0
    endloop
  endfacet
  facet normal 0 0 -1
    outer loop
      vertex 23.2563 129.865 0
      vertex 46.3325 128.686 0
      vertex 53.9008 107.6 0
    endloop
  endfacet
  facet normal 0 0 -1
    outer loop
      vertex 46.3325 128.686 0
      vertex 23.2563 129.865 0
      vertex 46.3242 128.693 0
    endloop
  endfacet
  facet normal 0 0 -1
    outer loop
      vertex 46.3242 128.693 0
      vertex 23.2563 129.865 0
      vertex 45.6303 129.301 0
    endloop
  endfacet
  facet normal 0 0 -1
    outer loop
      vertex 45.6303 129.301 0
      vertex 23.2563 129.865 0
      vertex 45.623 129.31 0
    endloop
  endfacet
  facet normal 0 0 -1
    outer loop
      vertex 45.623 129.31 0
      vertex 23.2563 129.865 0
      vertex 45.0145 130.004 0
    endloop
  endfacet
  facet normal -0 0 -1
    outer loop
      vertex 45.0145 130.004 0
      vertex 23.2563 129.865 0
      vertex 45.0084 130.013 0
    endloop
  endfacet
  facet normal -0 0 -1
    outer loop
      vertex 45.0084 130.013 0
      vertex 23.2563 129.865 0
      vertex 44.4956 130.78 0
    endloop
  endfacet
  facet normal -0 0 -1
    outer loop
      vertex 44.4956 130.78 0
      vertex 23.2563 129.865 0
      vertex 44.4907 130.79 0
    endloop
  endfacet
  facet normal 0 0 -1
    outer loop
      vertex 23.2563 129.865 0
      vertex 44.079 131.628 0
      vertex 44.0825 131.618 0
    endloop
  endfacet
  facet normal 0 0 -1
    outer loop
      vertex 23.2563 129.865 0
      vertex 43.7801 132.513 0
      vertex 43.7823 132.502 0
    endloop
  endfacet
  facet normal 0 0 -1
    outer loop
      vertex 23.2563 129.865 0
      vertex 43.5994 133.429 0
      vertex 43.6001 133.418 0
    endloop
  endfacet
  facet normal -0 0 -1
    outer loop
      vertex 43.7801 132.513 0
      vertex 23.2563 129.865 0
      vertex 43.6001 133.418 0
    endloop
  endfacet
  facet normal -0 0 -1
    outer loop
      vertex 44.079 131.628 0
      vertex 23.2563 129.865 0
      vertex 43.7823 132.502 0
    endloop
  endfacet
  facet normal -0 0 -1
    outer loop
      vertex 44.4907 130.79 0
      vertex 23.2563 129.865 0
      vertex 44.0825 131.618 0
    endloop
  endfacet
  facet normal 0 0 -1
    outer loop
      vertex 23.2563 129.865 0
      vertex 53.9008 107.6 0
      vertex 38.8918 83.1078 0
    endloop
  endfacet
  facet normal -0 0 -1
    outer loop
      vertex 71.8136 128.7 0
      vertex 71.8065 128.693 0
      vertex 61.3919 139.122 0
    endloop
  endfacet
  facet normal 0 0 -1
    outer loop
      vertex 57.7589 135.271 0
      vertex 61.3919 139.122 0
      vertex 57.8193 134.35 0
    endloop
  endfacet
  facet normal 0 0 -1
    outer loop
      vertex 57.7582 135.282 0
      vertex 61.3919 139.122 0
      vertex 57.7589 135.271 0
    endloop
  endfacet
  facet normal 0 0 -1
    outer loop
      vertex 61.3919 139.122 0
      vertex 57.7582 135.282 0
      vertex 57.7239 135.454 0
    endloop
  endfacet
  facet normal 0 0 -1
    outer loop
      vertex 51.6219 141.427 0
      vertex 55.4511 145.063 0
      vertex 51.7832 141.395 0
    endloop
  endfacet
  facet normal 0 0 -1
    outer loop
      vertex 51.6111 141.429 0
      vertex 55.4511 145.063 0
      vertex 51.6219 141.427 0
    endloop
  endfacet
  facet normal 0 0 -1
    outer loop
      vertex 50.6901 141.49 0
      vertex 55.4511 145.063 0
      vertex 51.6111 141.429 0
    endloop
  endfacet
  facet normal 0 0 -1
    outer loop
      vertex 50.6791 141.49 0
      vertex 55.4511 145.063 0
      vertex 50.6901 141.49 0
    endloop
  endfacet
  facet normal 0 0 -1
    outer loop
      vertex 49.7581 141.43 0
      vertex 55.4511 145.063 0
      vertex 50.6791 141.49 0
    endloop
  endfacet
  facet normal 0 0 -1
    outer loop
      vertex 49.7472 141.429 0
      vertex 55.4511 145.063 0
      vertex 49.7581 141.43 0
    endloop
  endfacet
  facet normal 0 0 -1
    outer loop
      vertex 45.0878 155.426 0
      vertex 49.7472 141.429 0
      vertex 48.8419 141.249 0
    endloop
  endfacet
  facet normal 0 0 -1
    outer loop
      vertex 45.0878 155.426 0
      vertex 48.8419 141.249 0
      vertex 48.8311 141.247 0
    endloop
  endfacet
  facet normal 0 0 -1
    outer loop
      vertex 45.0878 155.426 0
      vertex 48.8311 141.247 0
      vertex 47.9571 140.95 0
    endloop
  endfacet
  facet normal 0 0 -1
    outer loop
      vertex 45.0878 155.426 0
      vertex 47.9571 140.95 0
      vertex 47.9467 140.947 0
    endloop
  endfacet
  facet normal 0 0 -1
    outer loop
      vertex 45.0878 155.426 0
      vertex 47.9467 140.947 0
      vertex 47.1189 140.539 0
    endloop
  endfacet
  facet normal 0 0 -1
    outer loop
      vertex 45.0878 155.426 0
      vertex 47.1189 140.539 0
      vertex 47.1091 140.534 0
    endloop
  endfacet
  facet normal 0 0 -1
    outer loop
      vertex 49.7472 141.429 0
      vertex 45.0878 155.426 0
      vertex 55.4511 145.063 0
    endloop
  endfacet
  facet normal 0 0 -1
    outer loop
      vertex 46.3416 140.021 0
      vertex 45.0878 155.426 0
      vertex 47.1091 140.534 0
    endloop
  endfacet
  facet normal 0 0 -1
    outer loop
      vertex 46.3325 140.015 0
      vertex 45.0878 155.426 0
      vertex 46.3416 140.021 0
    endloop
  endfacet
  facet normal 0 0 -1
    outer loop
      vertex 45.6386 139.406 0
      vertex 45.0878 155.426 0
      vertex 46.3325 140.015 0
    endloop
  endfacet
  facet normal 0 0 -1
    outer loop
      vertex 45.6303 139.399 0
      vertex 45.0878 155.426 0
      vertex 45.6386 139.406 0
    endloop
  endfacet
  facet normal 0 0 -1
    outer loop
      vertex 45.0217 138.705 0
      vertex 45.0878 155.426 0
      vertex 45.6303 139.399 0
    endloop
  endfacet
  facet normal 0 0 -1
    outer loop
      vertex 45.0145 138.697 0
      vertex 45.0878 155.426 0
      vertex 45.0217 138.705 0
    endloop
  endfacet
  facet normal 0 0 -1
    outer loop
      vertex 44.5017 137.929 0
      vertex 45.0878 155.426 0
      vertex 45.0145 138.697 0
    endloop
  endfacet
  facet normal 0 0 -1
    outer loop
      vertex 44.4956 137.92 0
      vertex 45.0878 155.426 0
      vertex 44.5017 137.929 0
    endloop
  endfacet
  facet normal 0 0 -1
    outer loop
      vertex 23.2563 129.865 0
      vertex 44.4956 137.92 0
      vertex 44.0874 137.093 0
    endloop
  endfacet
  facet normal 0 0 -1
    outer loop
      vertex 23.2563 129.865 0
      vertex 44.0874 137.093 0
      vertex 44.0825 137.083 0
    endloop
  endfacet
  facet normal 0 0 -1
    outer loop
      vertex 23.2563 129.865 0
      vertex 44.0825 137.083 0
      vertex 43.7858 136.209 0
    endloop
  endfacet
  facet normal 0 0 -1
    outer loop
      vertex 23.2563 129.865 0
      vertex 43.7858 136.209 0
      vertex 43.7823 136.198 0
    endloop
  endfacet
  facet normal 0 0 -1
    outer loop
      vertex 23.2563 129.865 0
      vertex 43.7823 136.198 0
      vertex 43.6022 135.293 0
    endloop
  endfacet
  facet normal 0 0 -1
    outer loop
      vertex 23.2563 129.865 0
      vertex 43.6022 135.293 0
      vertex 43.6001 135.282 0
    endloop
  endfacet
  facet normal 0 0 -1
    outer loop
      vertex 23.2563 129.865 0
      vertex 43.5397 134.361 0
      vertex 43.539 134.35 0
    endloop
  endfacet
  facet normal -0 0 -1
    outer loop
      vertex 43.5994 133.429 0
      vertex 23.2563 129.865 0
      vertex 43.539 134.35 0
    endloop
  endfacet
  facet normal -0 0 -1
    outer loop
      vertex 43.5397 134.361 0
      vertex 23.2563 129.865 0
      vertex 43.6001 135.282 0
    endloop
  endfacet
  facet normal 0 0 -1
    outer loop
      vertex 5.14161 100.304 0
      vertex 38.8918 83.1078 0
      vertex 27.899 56.5688 0
    endloop
  endfacet
  facet normal -0 0 -1
    outer loop
      vertex 44.4956 137.92 0
      vertex 23.2563 129.865 0
      vertex 45.0878 155.426 0
    endloop
  endfacet
  facet normal 0 0 -1
    outer loop
      vertex -8.12579 68.274 0
      vertex 27.899 56.5688 0
      vertex 21.1931 28.637 0
    endloop
  endfacet
  facet normal 0 0 -1
    outer loop
      vertex 18.9393 1.06066 0
      vertex 21.1931 28.637 0
      vertex 19.0228 1.06066 0
    endloop
  endfacet
  facet normal 0 0 -1
    outer loop
      vertex 1.98935 1.05066 0
      vertex 21.1931 28.637 0
      vertex 18.9393 1.06066 0
    endloop
  endfacet
  facet normal 0 0 -1
    outer loop
      vertex 38.8918 83.1078 0
      vertex 5.14161 100.304 0
      vertex 23.2563 129.865 0
    endloop
  endfacet
  facet normal 0 0 -1
    outer loop
      vertex 1.98935 1.05066 0
      vertex 18.9393 1.06066 0
      vertex 18.9393 1.05066 0
    endloop
  endfacet
  facet normal -0 0 -1
    outer loop
      vertex 21.1931 28.637 0
      vertex 1.98935 1.05066 0
      vertex -16.2192 34.5625 0
    endloop
  endfacet
  facet normal 0 0 -1
    outer loop
      vertex -1.98934 -6.87948 0
      vertex 1.4235 -17.3126 0
      vertex 0.717894 -17.4529 0
    endloop
  endfacet
  facet normal 0 0 -1
    outer loop
      vertex 1.98935 -6.87948 0
      vertex -1.98934 -6.87948 0
      vertex 1.98935 1.05066 0
    endloop
  endfacet
  facet normal 0 0 -1
    outer loop
      vertex -1.98934 -6.87948 0
      vertex 0.717894 -17.4529 0
      vertex 0 -17.5 0
    endloop
  endfacet
  facet normal 0 0 -1
    outer loop
      vertex -1.98934 -6.87948 0
      vertex 0 -17.5 0
      vertex -0.717894 -17.4529 0
    endloop
  endfacet
  facet normal 0 0 -1
    outer loop
      vertex -1.98934 -6.87948 0
      vertex -0.717894 -17.4529 0
      vertex -1.4235 -17.3126 0
    endloop
  endfacet
  facet normal -0 0 -1
    outer loop
      vertex 1.98935 1.05066 0
      vertex -1.98934 -6.87948 0
      vertex -1.98934 1.05066 0
    endloop
  endfacet
  facet normal 0 0 -1
    outer loop
      vertex -16.2192 34.5625 0
      vertex 1.98935 1.05066 0
      vertex -1.98934 1.05066 0
    endloop
  endfacet
  facet normal 0 0 -1
    outer loop
      vertex 27.899 56.5688 0
      vertex -8.12579 68.274 0
      vertex 5.14161 100.304 0
    endloop
  endfacet
  facet normal 0 0 -1
    outer loop
      vertex 21.1931 28.637 0
      vertex -16.2192 34.5625 0
      vertex -8.12579 68.274 0
    endloop
  endfacet
  facet normal 0 -0 -1
    outer loop
      vertex -16.2192 34.5625 0
      vertex -1.98934 1.05066 0
      vertex -18.8566 1.05066 0
    endloop
  endfacet
  facet normal 0 0 -1
    outer loop
      vertex -2.10476 -17.0813 0
      vertex -1.98934 -6.87948 0
      vertex -1.4235 -17.3126 0
    endloop
  endfacet
  facet normal 0 0 -1
    outer loop
      vertex -2.75 -16.7631 0
      vertex -1.98934 -6.87948 0
      vertex -2.10476 -17.0813 0
    endloop
  endfacet
  facet normal 0 0 -1
    outer loop
      vertex -2.75 -7.23686 0
      vertex -1.98934 -6.87948 0
      vertex -2.75 -16.7631 0
    endloop
  endfacet
  facet normal 0 0 -1
    outer loop
      vertex -1.98934 -6.87948 0
      vertex -2.75 -7.23686 0
      vertex -2.10476 -6.91866 0
    endloop
  endfacet
  facet normal 0 0 -1
    outer loop
      vertex -3.34819 -16.3634 0
      vertex -2.75 -7.23686 0
      vertex -2.75 -16.7631 0
    endloop
  endfacet
  facet normal 0 0 -1
    outer loop
      vertex -3.34819 -16.3634 0
      vertex -3.34819 -7.63656 0
      vertex -2.75 -7.23686 0
    endloop
  endfacet
  facet normal 0 0 -1
    outer loop
      vertex -3.88909 -15.8891 0
      vertex -3.34819 -7.63656 0
      vertex -3.34819 -16.3634 0
    endloop
  endfacet
  facet normal 0 0 -1
    outer loop
      vertex -3.88909 -15.8891 0
      vertex -3.88909 -8.11091 0
      vertex -3.34819 -7.63656 0
    endloop
  endfacet
  facet normal 0 0 -1
    outer loop
      vertex -4.36344 -15.3482 0
      vertex -3.88909 -8.11091 0
      vertex -3.88909 -15.8891 0
    endloop
  endfacet
  facet normal 0 0 -1
    outer loop
      vertex -4.36344 -15.3482 0
      vertex -4.36344 -8.65181 0
      vertex -3.88909 -8.11091 0
    endloop
  endfacet
  facet normal 0 0 -1
    outer loop
      vertex -4.76314 -14.75 0
      vertex -4.36344 -8.65181 0
      vertex -4.36344 -15.3482 0
    endloop
  endfacet
  facet normal 0 0 -1
    outer loop
      vertex -4.76314 -14.75 0
      vertex -4.76314 -9.25 0
      vertex -4.36344 -8.65181 0
    endloop
  endfacet
  facet normal 0 0 -1
    outer loop
      vertex -5.08134 -14.1048 0
      vertex -4.76314 -9.25 0
      vertex -4.76314 -14.75 0
    endloop
  endfacet
  facet normal 0 0 -1
    outer loop
      vertex -5.08134 -14.1048 0
      vertex -5.08134 -9.89524 0
      vertex -4.76314 -9.25 0
    endloop
  endfacet
  facet normal 0 0 -1
    outer loop
      vertex -5.31259 -13.4235 0
      vertex -5.08134 -9.89524 0
      vertex -5.08134 -14.1048 0
    endloop
  endfacet
  facet normal 0 0 -1
    outer loop
      vertex -5.31259 -13.4235 0
      vertex -5.31259 -10.5765 0
      vertex -5.08134 -9.89524 0
    endloop
  endfacet
  facet normal 0 0 -1
    outer loop
      vertex -5.45295 -12.7179 0
      vertex -5.31259 -10.5765 0
      vertex -5.31259 -13.4235 0
    endloop
  endfacet
  facet normal 0 0 -1
    outer loop
      vertex -5.45295 -12.7179 0
      vertex -5.45295 -11.2821 0
      vertex -5.31259 -10.5765 0
    endloop
  endfacet
  facet normal 0 -0 -1
    outer loop
      vertex -5.45295 -11.2821 0
      vertex -5.45295 -12.7179 0
      vertex -5.5 -12 0
    endloop
  endfacet
  facet normal 0 -0.70712 0.707093
    outer loop
      vertex 16.3042 1.05066 12
      vertex 18.5041 0 10.9493
      vertex 18.9393 1.05066 12
    endloop
  endfacet
  facet normal -8.13902e-05 -0.707205 0.707008
    outer loop
      vertex 16.2642 0.956091 11.9054
      vertex 18.5041 0 10.9493
      vertex 16.3042 1.05066 12
    endloop
  endfacet
  facet normal 0 -0.70711 0.707103
    outer loop
      vertex 18.5041 0 10.9493
      vertex 16.2642 0.956091 11.9054
      vertex 15.8593 0 10.9493
    endloop
  endfacet
  facet normal -2.58507e-17 -0.70712 0.707093
    outer loop
      vertex -16.1389 1.05066 12
      vertex -18.5041 0 10.9493
      vertex -15.8593 0 10.9493
    endloop
  endfacet
  facet normal 0 -0.70712 0.707093
    outer loop
      vertex -18.8566 1.05066 12
      vertex -18.5041 0 10.9493
      vertex -16.1389 1.05066 12
    endloop
  endfacet
  facet normal 0.000661253 -0.707009 0.707204
    outer loop
      vertex -18.8902 1.01952 11.9689
      vertex -18.5041 0 10.9493
      vertex -18.8566 1.05066 12
    endloop
  endfacet
  facet normal -0.000820999 -0.70729 0.706923
    outer loop
      vertex -18.5041 0 10.9493
      vertex -18.8902 1.01952 11.9689
      vertex -18.9164 0.995263 11.9446
    endloop
  endfacet
  facet normal 0 -0.70712 0.707093
    outer loop
      vertex -9.39575 1.05066 12
      vertex -3.03998 0 10.9493
      vertex -1.98934 1.05066 12
    endloop
  endfacet
  facet normal 6.39651e-05 -0.706927 0.707287
    outer loop
      vertex -9.43135 0.966614 11.916
      vertex -3.03998 0 10.9493
      vertex -9.39575 1.05066 12
    endloop
  endfacet
  facet normal 0 -0.707138 0.707075
    outer loop
      vertex -3.03998 0 10.9493
      vertex -9.43135 0.966614 11.916
      vertex -9.84073 0 10.9493
    endloop
  endfacet
  facet normal -1.00532e-17 -0.70712 0.707093
    outer loop
      vertex 9.56114 1.05066 12
      vertex 3.03998 0 10.9493
      vertex 9.84075 0 10.9493
    endloop
  endfacet
  facet normal -9.02954e-18 -0.70712 0.707093
    outer loop
      vertex 3.03998 0 10.9493
      vertex 9.56114 1.05066 12
      vertex 1.98935 1.05066 12
    endloop
  endfacet
  facet normal 0 0 1
    outer loop
      vertex 71.8136 128.7 12
      vertex 69.9503 130.564 12
      vertex 71.8065 128.693 12
    endloop
  endfacet
  facet normal 0 0 1
    outer loop
      vertex 71.8065 128.693 12
      vertex 53.9008 107.6 12
      vertex 71.8656 128.634 12
    endloop
  endfacet
  facet normal 0 0 1
    outer loop
      vertex 69.9503 130.564 12
      vertex 53.9008 107.6 12
      vertex 71.8065 128.693 12
    endloop
  endfacet
  facet normal -0 0 1
    outer loop
      vertex 51.7021 109.198 12
      vertex 53.9008 107.6 12
      vertex 69.9503 130.564 12
    endloop
  endfacet
  facet normal 0 0 1
    outer loop
      vertex 51.7021 109.198 12
      vertex 38.8918 83.1078 12
      vertex 53.9008 107.6 12
    endloop
  endfacet
  facet normal -0 0 1
    outer loop
      vertex 36.4702 84.3416 12
      vertex 38.8918 83.1078 12
      vertex 51.7021 109.198 12
    endloop
  endfacet
  facet normal 0 0 1
    outer loop
      vertex 36.4702 84.3416 12
      vertex 27.899 56.5688 12
      vertex 38.8918 83.1078 12
    endloop
  endfacet
  facet normal -0 0 1
    outer loop
      vertex 25.3142 57.4087 12
      vertex 27.899 56.5688 12
      vertex 36.4702 84.3416 12
    endloop
  endfacet
  facet normal 0 0 1
    outer loop
      vertex 25.3142 57.4087 12
      vertex 21.1931 28.637 12
      vertex 27.899 56.5688 12
    endloop
  endfacet
  facet normal 0 0 1
    outer loop
      vertex 21.1931 28.637 12
      vertex 18.9393 1.06066 12
      vertex 19.0228 1.06066 12
    endloop
  endfacet
  facet normal -0 0 1
    outer loop
      vertex 18.5088 29.0621 12
      vertex 21.1931 28.637 12
      vertex 25.3142 57.4087 12
    endloop
  endfacet
  facet normal 0 0 1
    outer loop
      vertex 18.5088 29.0621 12
      vertex 18.9393 1.06066 12
      vertex 21.1931 28.637 12
    endloop
  endfacet
  facet normal 0 0 1
    outer loop
      vertex 16.3042 1.05066 12
      vertex 18.9393 1.06066 12
      vertex 18.5088 29.0621 12
    endloop
  endfacet
  facet normal 0 0 1
    outer loop
      vertex 18.9393 1.06066 12
      vertex 16.3042 1.05066 12
      vertex 18.9393 1.05066 12
    endloop
  endfacet
  facet normal 0 0 1
    outer loop
      vertex 51.6001 141.43 12
      vertex 55.4511 145.063 12
      vertex 51.7777 148.736 12
    endloop
  endfacet
  facet normal 0 0 1
    outer loop
      vertex 55.4511 145.063 12
      vertex 51.6111 141.429 12
      vertex 51.7832 141.395 12
    endloop
  endfacet
  facet normal 0 0 1
    outer loop
      vertex 55.4511 145.063 12
      vertex 51.6001 141.43 12
      vertex 51.6111 141.429 12
    endloop
  endfacet
  facet normal 0 0 1
    outer loop
      vertex 51.7777 148.736 12
      vertex 50.6791 141.49 12
      vertex 51.6001 141.43 12
    endloop
  endfacet
  facet normal 0 0 1
    outer loop
      vertex 51.7777 148.736 12
      vertex 50.6681 141.49 12
      vertex 50.6791 141.49 12
    endloop
  endfacet
  facet normal 0 0 1
    outer loop
      vertex 51.7777 148.736 12
      vertex 49.7472 141.429 12
      vertex 50.6681 141.49 12
    endloop
  endfacet
  facet normal 0 0 1
    outer loop
      vertex 51.7777 148.736 12
      vertex 49.7364 141.427 12
      vertex 49.7472 141.429 12
    endloop
  endfacet
  facet normal 0 0 1
    outer loop
      vertex 51.7777 148.736 12
      vertex 48.8311 141.247 12
      vertex 49.7364 141.427 12
    endloop
  endfacet
  facet normal 0 0 1
    outer loop
      vertex 51.7777 148.736 12
      vertex 48.8207 141.244 12
      vertex 48.8311 141.247 12
    endloop
  endfacet
  facet normal 0 0 1
    outer loop
      vertex 51.7777 148.736 12
      vertex 47.9467 140.947 12
      vertex 48.8207 141.244 12
    endloop
  endfacet
  facet normal 0 0 1
    outer loop
      vertex 51.7777 148.736 12
      vertex 47.9368 140.942 12
      vertex 47.9467 140.947 12
    endloop
  endfacet
  facet normal 0 0 1
    outer loop
      vertex 51.7777 148.736 12
      vertex 47.1091 140.534 12
      vertex 47.9368 140.942 12
    endloop
  endfacet
  facet normal 0 0 1
    outer loop
      vertex 51.7777 148.736 12
      vertex 47.0999 140.528 12
      vertex 47.1091 140.534 12
    endloop
  endfacet
  facet normal 0 0 1
    outer loop
      vertex 51.7777 148.736 12
      vertex 46.3325 140.015 12
      vertex 47.0999 140.528 12
    endloop
  endfacet
  facet normal 0 0 1
    outer loop
      vertex 51.7777 148.736 12
      vertex 46.3242 140.008 12
      vertex 46.3325 140.015 12
    endloop
  endfacet
  facet normal 0 0 1
    outer loop
      vertex 51.7777 148.736 12
      vertex 45.6303 139.399 12
      vertex 46.3242 140.008 12
    endloop
  endfacet
  facet normal 0 0 1
    outer loop
      vertex 51.7777 148.736 12
      vertex 45.623 139.391 12
      vertex 45.6303 139.399 12
    endloop
  endfacet
  facet normal 0 0 1
    outer loop
      vertex 51.7777 148.736 12
      vertex 45.0145 138.697 12
      vertex 45.623 139.391 12
    endloop
  endfacet
  facet normal 0 0 1
    outer loop
      vertex 30.9103 124.304 12
      vertex 44.4907 137.91 12
      vertex 44.4956 137.92 12
    endloop
  endfacet
  facet normal 0 0 1
    outer loop
      vertex 30.9103 124.304 12
      vertex 43.7801 136.187 12
      vertex 43.7823 136.198 12
    endloop
  endfacet
  facet normal 0 0 1
    outer loop
      vertex 30.9103 124.304 12
      vertex 43.5994 135.271 12
      vertex 43.6001 135.282 12
    endloop
  endfacet
  facet normal 0 0 1
    outer loop
      vertex 43.5994 135.271 12
      vertex 30.9103 124.304 12
      vertex 43.539 134.35 12
    endloop
  endfacet
  facet normal 0 0 1
    outer loop
      vertex 43.7801 136.187 12
      vertex 30.9103 124.304 12
      vertex 43.6001 135.282 12
    endloop
  endfacet
  facet normal 0 0 1
    outer loop
      vertex 44.079 137.072 12
      vertex 30.9103 124.304 12
      vertex 43.7823 136.198 12
    endloop
  endfacet
  facet normal 0 0 1
    outer loop
      vertex 44.0825 137.083 12
      vertex 30.9103 124.304 12
      vertex 44.079 137.072 12
    endloop
  endfacet
  facet normal 0 0 1
    outer loop
      vertex 44.4907 137.91 12
      vertex 30.9103 124.304 12
      vertex 44.0825 137.083 12
    endloop
  endfacet
  facet normal 0 0 1
    outer loop
      vertex 45.0084 138.688 12
      vertex 30.9103 124.304 12
      vertex 44.4956 137.92 12
    endloop
  endfacet
  facet normal 0 0 1
    outer loop
      vertex 45.0145 138.697 12
      vertex 30.9103 124.304 12
      vertex 45.0084 138.688 12
    endloop
  endfacet
  facet normal 0 0 1
    outer loop
      vertex 30.9103 124.304 12
      vertex 45.0145 138.697 12
      vertex 51.7777 148.736 12
    endloop
  endfacet
  facet normal 0 0 1
    outer loop
      vertex 65.1822 135.332 12
      vertex 57.8185 134.361 12
      vertex 57.8193 134.35 12
    endloop
  endfacet
  facet normal 0 0 1
    outer loop
      vertex 65.1822 135.332 12
      vertex 57.7582 135.282 12
      vertex 57.8185 134.361 12
    endloop
  endfacet
  facet normal 0 0 1
    outer loop
      vertex 61.3919 139.122 12
      vertex 57.756 135.293 12
      vertex 57.7582 135.282 12
    endloop
  endfacet
  facet normal 0 -0 1
    outer loop
      vertex 57.756 135.293 12
      vertex 61.3919 139.122 12
      vertex 57.7239 135.454 12
    endloop
  endfacet
  facet normal 0 0 1
    outer loop
      vertex 57.7582 135.282 12
      vertex 65.1822 135.332 12
      vertex 61.3919 139.122 12
    endloop
  endfacet
  facet normal 0 0 1
    outer loop
      vertex 57.7589 133.429 12
      vertex 65.1822 135.332 12
      vertex 57.8193 134.35 12
    endloop
  endfacet
  facet normal 0 0 1
    outer loop
      vertex 57.7582 133.418 12
      vertex 65.1822 135.332 12
      vertex 57.7589 133.429 12
    endloop
  endfacet
  facet normal 0 0 1
    outer loop
      vertex 57.5781 132.513 12
      vertex 65.1822 135.332 12
      vertex 57.7582 133.418 12
    endloop
  endfacet
  facet normal 0 0 1
    outer loop
      vertex 57.576 132.502 12
      vertex 65.1822 135.332 12
      vertex 57.5781 132.513 12
    endloop
  endfacet
  facet normal 0 0 1
    outer loop
      vertex 57.2793 131.628 12
      vertex 65.1822 135.332 12
      vertex 57.576 132.502 12
    endloop
  endfacet
  facet normal 0 0 1
    outer loop
      vertex 57.2758 131.618 12
      vertex 65.1822 135.332 12
      vertex 57.2793 131.628 12
    endloop
  endfacet
  facet normal 0 0 1
    outer loop
      vertex 56.8675 130.79 12
      vertex 65.1822 135.332 12
      vertex 57.2758 131.618 12
    endloop
  endfacet
  facet normal 0 0 1
    outer loop
      vertex 56.8627 130.78 12
      vertex 65.1822 135.332 12
      vertex 56.8675 130.79 12
    endloop
  endfacet
  facet normal 0 0 1
    outer loop
      vertex 56.3499 130.013 12
      vertex 65.1822 135.332 12
      vertex 56.8627 130.78 12
    endloop
  endfacet
  facet normal 0 0 1
    outer loop
      vertex 56.3438 130.004 12
      vertex 65.1822 135.332 12
      vertex 56.3499 130.013 12
    endloop
  endfacet
  facet normal 0 0 1
    outer loop
      vertex 55.7352 129.31 12
      vertex 65.1822 135.332 12
      vertex 56.3438 130.004 12
    endloop
  endfacet
  facet normal 0 0 1
    outer loop
      vertex 55.728 129.301 12
      vertex 65.1822 135.332 12
      vertex 55.7352 129.31 12
    endloop
  endfacet
  facet normal 0 0 1
    outer loop
      vertex 46.2468 113.161 12
      vertex 55.728 129.301 12
      vertex 55.034 128.693 12
    endloop
  endfacet
  facet normal 0 0 1
    outer loop
      vertex 46.2468 113.161 12
      vertex 55.034 128.693 12
      vertex 55.0258 128.686 12
    endloop
  endfacet
  facet normal 0 0 1
    outer loop
      vertex 46.2468 113.161 12
      vertex 55.0258 128.686 12
      vertex 54.2584 128.173 12
    endloop
  endfacet
  facet normal 0 0 1
    outer loop
      vertex 46.2468 113.161 12
      vertex 54.2584 128.173 12
      vertex 54.2492 128.167 12
    endloop
  endfacet
  facet normal 0 0 1
    outer loop
      vertex 46.2468 113.161 12
      vertex 52.5376 127.457 12
      vertex 52.5271 127.453 12
    endloop
  endfacet
  facet normal 0 0 1
    outer loop
      vertex 46.2468 113.161 12
      vertex 49.7581 127.271 12
      vertex 49.7472 127.271 12
    endloop
  endfacet
  facet normal 0 0 1
    outer loop
      vertex 46.2468 113.161 12
      vertex 47.1189 128.162 12
      vertex 47.1091 128.167 12
    endloop
  endfacet
  facet normal -0 0 1
    outer loop
      vertex 55.728 129.301 12
      vertex 46.2468 113.161 12
      vertex 65.1822 135.332 12
    endloop
  endfacet
  facet normal -0 0 1
    outer loop
      vertex 53.4214 127.759 12
      vertex 46.2468 113.161 12
      vertex 54.2492 128.167 12
    endloop
  endfacet
  facet normal -0 0 1
    outer loop
      vertex 53.4115 127.754 12
      vertex 46.2468 113.161 12
      vertex 53.4214 127.759 12
    endloop
  endfacet
  facet normal -0 0 1
    outer loop
      vertex 52.5376 127.457 12
      vertex 46.2468 113.161 12
      vertex 53.4115 127.754 12
    endloop
  endfacet
  facet normal -0 0 1
    outer loop
      vertex 51.6219 127.273 12
      vertex 46.2468 113.161 12
      vertex 52.5271 127.453 12
    endloop
  endfacet
  facet normal -0 0 1
    outer loop
      vertex 51.6111 127.271 12
      vertex 46.2468 113.161 12
      vertex 51.6219 127.273 12
    endloop
  endfacet
  facet normal -0 0 1
    outer loop
      vertex 50.6901 127.211 12
      vertex 46.2468 113.161 12
      vertex 51.6111 127.271 12
    endloop
  endfacet
  facet normal -0 0 1
    outer loop
      vertex 50.6791 127.21 12
      vertex 46.2468 113.161 12
      vertex 50.6901 127.211 12
    endloop
  endfacet
  facet normal 0 0 1
    outer loop
      vertex 49.7581 127.271 12
      vertex 46.2468 113.161 12
      vertex 50.6791 127.21 12
    endloop
  endfacet
  facet normal 0 0 1
    outer loop
      vertex 48.8419 127.451 12
      vertex 46.2468 113.161 12
      vertex 49.7472 127.271 12
    endloop
  endfacet
  facet normal 0 0 1
    outer loop
      vertex 48.8311 127.453 12
      vertex 46.2468 113.161 12
      vertex 48.8419 127.451 12
    endloop
  endfacet
  facet normal 0 0 1
    outer loop
      vertex 47.9571 127.75 12
      vertex 46.2468 113.161 12
      vertex 48.8311 127.453 12
    endloop
  endfacet
  facet normal 0 0 1
    outer loop
      vertex 47.9467 127.754 12
      vertex 46.2468 113.161 12
      vertex 47.9571 127.75 12
    endloop
  endfacet
  facet normal 0 0 1
    outer loop
      vertex 47.1189 128.162 12
      vertex 46.2468 113.161 12
      vertex 47.9467 127.754 12
    endloop
  endfacet
  facet normal 0 0 1
    outer loop
      vertex 46.3416 128.68 12
      vertex 46.2468 113.161 12
      vertex 47.1091 128.167 12
    endloop
  endfacet
  facet normal 0 0 1
    outer loop
      vertex 46.3325 128.686 12
      vertex 46.2468 113.161 12
      vertex 46.3416 128.68 12
    endloop
  endfacet
  facet normal 0 0 1
    outer loop
      vertex 30.9103 124.304 12
      vertex 46.3325 128.686 12
      vertex 45.6386 129.294 12
    endloop
  endfacet
  facet normal 0 0 1
    outer loop
      vertex 30.9103 124.304 12
      vertex 45.6386 129.294 12
      vertex 45.6303 129.301 12
    endloop
  endfacet
  facet normal 0 0 1
    outer loop
      vertex 30.9103 124.304 12
      vertex 45.6303 129.301 12
      vertex 45.0217 129.995 12
    endloop
  endfacet
  facet normal 0 0 1
    outer loop
      vertex 30.9103 124.304 12
      vertex 45.0217 129.995 12
      vertex 45.0145 130.004 12
    endloop
  endfacet
  facet normal 0 0 1
    outer loop
      vertex 30.9103 124.304 12
      vertex 45.0145 130.004 12
      vertex 44.5017 130.771 12
    endloop
  endfacet
  facet normal 0 0 1
    outer loop
      vertex 30.9103 124.304 12
      vertex 44.5017 130.771 12
      vertex 44.4956 130.78 12
    endloop
  endfacet
  facet normal 0 0 1
    outer loop
      vertex 30.9103 124.304 12
      vertex 44.4956 130.78 12
      vertex 44.0874 131.608 12
    endloop
  endfacet
  facet normal 0 0 1
    outer loop
      vertex 30.9103 124.304 12
      vertex 44.0874 131.608 12
      vertex 44.0825 131.618 12
    endloop
  endfacet
  facet normal 0 0 1
    outer loop
      vertex 30.9103 124.304 12
      vertex 44.0825 131.618 12
      vertex 43.7858 132.492 12
    endloop
  endfacet
  facet normal 0 0 1
    outer loop
      vertex 30.9103 124.304 12
      vertex 43.7858 132.492 12
      vertex 43.7823 132.502 12
    endloop
  endfacet
  facet normal 0 0 1
    outer loop
      vertex 30.9103 124.304 12
      vertex 43.7823 132.502 12
      vertex 43.6022 133.408 12
    endloop
  endfacet
  facet normal 0 0 1
    outer loop
      vertex 30.9103 124.304 12
      vertex 43.6022 133.408 12
      vertex 43.6001 133.418 12
    endloop
  endfacet
  facet normal 0 0 1
    outer loop
      vertex 30.9103 124.304 12
      vertex 43.5397 134.339 12
      vertex 43.539 134.35 12
    endloop
  endfacet
  facet normal 0 0 1
    outer loop
      vertex 43.5397 134.339 12
      vertex 30.9103 124.304 12
      vertex 43.6001 133.418 12
    endloop
  endfacet
  facet normal 0 0 1
    outer loop
      vertex 46.3325 128.686 12
      vertex 30.9103 124.304 12
      vertex 46.2468 113.161 12
    endloop
  endfacet
  facet normal 0 0 1
    outer loop
      vertex 30.9103 124.304 12
      vertex 30.462 87.4029 12
      vertex 46.2468 113.161 12
    endloop
  endfacet
  facet normal -0 0 1
    outer loop
      vertex 13.5713 96.0092 12
      vertex 30.462 87.4029 12
      vertex 30.9103 124.304 12
    endloop
  endfacet
  facet normal 0 0 1
    outer loop
      vertex 30.462 87.4029 12
      vertex 13.5713 96.0092 12
      vertex 18.9011 59.4924 12
    endloop
  endfacet
  facet normal -0 0 1
    outer loop
      vertex 0.872048 65.3504 12
      vertex 18.9011 59.4924 12
      vertex 13.5713 96.0092 12
    endloop
  endfacet
  facet normal 0 0 1
    outer loop
      vertex 18.9011 59.4924 12
      vertex 0.872048 65.3504 12
      vertex 11.8487 30.117 12
    endloop
  endfacet
  facet normal -0 0 1
    outer loop
      vertex -6.87479 33.0825 12
      vertex 11.8487 30.117 12
      vertex 0.872048 65.3504 12
    endloop
  endfacet
  facet normal 0 0 1
    outer loop
      vertex -1.98934 -6.87948 12
      vertex 1.98935 -6.87948 12
      vertex 1.98935 1.05066 12
    endloop
  endfacet
  facet normal 0 -0 1
    outer loop
      vertex 1.98935 1.05066 12
      vertex 11.8487 30.117 12
      vertex -6.87479 33.0825 12
    endloop
  endfacet
  facet normal 0 0 1
    outer loop
      vertex 11.8487 30.117 12
      vertex 1.98935 1.05066 12
      vertex 9.56114 1.05066 12
    endloop
  endfacet
  facet normal 0 0 1
    outer loop
      vertex -1.98934 -6.87948 12
      vertex 1.98935 1.05066 12
      vertex -1.98934 1.05066 12
    endloop
  endfacet
  facet normal 0 0 1
    outer loop
      vertex 1.98935 -6.87948 12
      vertex -1.98934 -6.87948 12
      vertex 1.4235 -17.3126 12
    endloop
  endfacet
  facet normal 0 0 1
    outer loop
      vertex 1.4235 -17.3126 12
      vertex -1.98934 -6.87948 12
      vertex 0.717894 -17.4529 12
    endloop
  endfacet
  facet normal 0 0 1
    outer loop
      vertex 0.717894 -17.4529 12
      vertex -1.98934 -6.87948 12
      vertex 0 -17.5 12
    endloop
  endfacet
  facet normal 0 0 1
    outer loop
      vertex 0 -17.5 12
      vertex -1.98934 -6.87948 12
      vertex -0.717894 -17.4529 12
    endloop
  endfacet
  facet normal 0 0 1
    outer loop
      vertex 1.98935 1.05066 12
      vertex -6.87479 33.0825 12
      vertex -1.98934 1.05066 12
    endloop
  endfacet
  facet normal 0 0 1
    outer loop
      vertex -1.98934 1.05066 12
      vertex -6.87479 33.0825 12
      vertex -9.39575 1.05066 12
    endloop
  endfacet
  facet normal 0 0 1
    outer loop
      vertex 5.45295 -11.2821 12
      vertex 5.45295 -12.7179 12
      vertex 5.5 -12 12
    endloop
  endfacet
  facet normal 0 0 1
    outer loop
      vertex 5.31259 -10.5765 12
      vertex 5.45295 -12.7179 12
      vertex 5.45295 -11.2821 12
    endloop
  endfacet
  facet normal 0 0 1
    outer loop
      vertex 5.31259 -10.5765 12
      vertex 5.31259 -13.4235 12
      vertex 5.45295 -12.7179 12
    endloop
  endfacet
  facet normal 0 0 1
    outer loop
      vertex 5.08134 -9.89524 12
      vertex 5.31259 -13.4235 12
      vertex 5.31259 -10.5765 12
    endloop
  endfacet
  facet normal 0 0 1
    outer loop
      vertex 5.08134 -9.89524 12
      vertex 5.08134 -14.1048 12
      vertex 5.31259 -13.4235 12
    endloop
  endfacet
  facet normal 0 0 1
    outer loop
      vertex 4.76314 -9.25 12
      vertex 5.08134 -14.1048 12
      vertex 5.08134 -9.89524 12
    endloop
  endfacet
  facet normal 0 0 1
    outer loop
      vertex 4.76314 -9.25 12
      vertex 4.76314 -14.75 12
      vertex 5.08134 -14.1048 12
    endloop
  endfacet
  facet normal 0 0 1
    outer loop
      vertex 4.36344 -8.65181 12
      vertex 4.76314 -14.75 12
      vertex 4.76314 -9.25 12
    endloop
  endfacet
  facet normal 0 0 1
    outer loop
      vertex 4.36344 -8.65181 12
      vertex 4.36344 -15.3482 12
      vertex 4.76314 -14.75 12
    endloop
  endfacet
  facet normal 0 0 1
    outer loop
      vertex 3.88909 -8.11091 12
      vertex 4.36344 -15.3482 12
      vertex 4.36344 -8.65181 12
    endloop
  endfacet
  facet normal 0 0 1
    outer loop
      vertex 3.88909 -8.11091 12
      vertex 3.88909 -15.8891 12
      vertex 4.36344 -15.3482 12
    endloop
  endfacet
  facet normal 0 0 1
    outer loop
      vertex 3.34819 -7.63656 12
      vertex 3.88909 -15.8891 12
      vertex 3.88909 -8.11091 12
    endloop
  endfacet
  facet normal 0 0 1
    outer loop
      vertex 3.34819 -7.63656 12
      vertex 3.34819 -16.3634 12
      vertex 3.88909 -15.8891 12
    endloop
  endfacet
  facet normal 0 0 1
    outer loop
      vertex 2.75 -7.23686 12
      vertex 3.34819 -16.3634 12
      vertex 3.34819 -7.63656 12
    endloop
  endfacet
  facet normal 0 0 1
    outer loop
      vertex 2.75 -7.23686 12
      vertex 2.75 -16.7631 12
      vertex 3.34819 -16.3634 12
    endloop
  endfacet
  facet normal 0 0 1
    outer loop
      vertex 1.98935 -6.87948 12
      vertex 2.75 -7.23686 12
      vertex 2.10476 -6.91866 12
    endloop
  endfacet
  facet normal 0 0 1
    outer loop
      vertex 2.75 -7.23686 12
      vertex 1.98935 -6.87948 12
      vertex 2.75 -16.7631 12
    endloop
  endfacet
  facet normal 0 0 1
    outer loop
      vertex 2.75 -16.7631 12
      vertex 1.98935 -6.87948 12
      vertex 2.10476 -17.0813 12
    endloop
  endfacet
  facet normal 0 0 1
    outer loop
      vertex 2.10476 -17.0813 12
      vertex 1.98935 -6.87948 12
      vertex 1.4235 -17.3126 12
    endloop
  endfacet
  facet normal 0 0 1
    outer loop
      vertex -0.717894 -17.4529 12
      vertex -1.98934 -6.87948 12
      vertex -1.4235 -17.3126 12
    endloop
  endfacet
  facet normal 0 0 1
    outer loop
      vertex -2.75 -7.23686 12
      vertex -1.98934 -6.87948 12
      vertex -2.10476 -6.91866 12
    endloop
  endfacet
  facet normal 0 0 1
    outer loop
      vertex -1.98934 -6.87948 12
      vertex -2.10476 -17.0813 12
      vertex -1.4235 -17.3126 12
    endloop
  endfacet
  facet normal 0 0 1
    outer loop
      vertex -1.98934 -6.87948 12
      vertex -2.75 -7.23686 12
      vertex -2.10476 -17.0813 12
    endloop
  endfacet
  facet normal 0 0 1
    outer loop
      vertex -2.75 -7.23686 12
      vertex -2.75 -16.7631 12
      vertex -2.10476 -17.0813 12
    endloop
  endfacet
  facet normal -0 0 1
    outer loop
      vertex -3.34819 -7.63656 12
      vertex -2.75 -16.7631 12
      vertex -2.75 -7.23686 12
    endloop
  endfacet
  facet normal 0 0 1
    outer loop
      vertex -3.34819 -7.63656 12
      vertex -3.34819 -16.3634 12
      vertex -2.75 -16.7631 12
    endloop
  endfacet
  facet normal -0 0 1
    outer loop
      vertex -3.88909 -8.11091 12
      vertex -3.34819 -16.3634 12
      vertex -3.34819 -7.63656 12
    endloop
  endfacet
  facet normal 0 0 1
    outer loop
      vertex -3.88909 -8.11091 12
      vertex -3.88909 -15.8891 12
      vertex -3.34819 -16.3634 12
    endloop
  endfacet
  facet normal -0 0 1
    outer loop
      vertex -4.36344 -8.65181 12
      vertex -3.88909 -15.8891 12
      vertex -3.88909 -8.11091 12
    endloop
  endfacet
  facet normal 0 0 1
    outer loop
      vertex -4.36344 -8.65181 12
      vertex -4.36344 -15.3482 12
      vertex -3.88909 -15.8891 12
    endloop
  endfacet
  facet normal -0 0 1
    outer loop
      vertex -4.76314 -9.25 12
      vertex -4.36344 -15.3482 12
      vertex -4.36344 -8.65181 12
    endloop
  endfacet
  facet normal 0 0 1
    outer loop
      vertex -4.76314 -9.25 12
      vertex -4.76314 -14.75 12
      vertex -4.36344 -15.3482 12
    endloop
  endfacet
  facet normal -0 0 1
    outer loop
      vertex -5.08134 -9.89524 12
      vertex -4.76314 -14.75 12
      vertex -4.76314 -9.25 12
    endloop
  endfacet
  facet normal 0 0 1
    outer loop
      vertex -5.08134 -9.89524 12
      vertex -5.08134 -14.1048 12
      vertex -4.76314 -14.75 12
    endloop
  endfacet
  facet normal -0 0 1
    outer loop
      vertex -5.31259 -10.5765 12
      vertex -5.08134 -14.1048 12
      vertex -5.08134 -9.89524 12
    endloop
  endfacet
  facet normal 0 0 1
    outer loop
      vertex -5.31259 -10.5765 12
      vertex -5.31259 -13.4235 12
      vertex -5.08134 -14.1048 12
    endloop
  endfacet
  facet normal -0 0 1
    outer loop
      vertex -5.45295 -11.2821 12
      vertex -5.31259 -13.4235 12
      vertex -5.31259 -10.5765 12
    endloop
  endfacet
  facet normal 0 0 1
    outer loop
      vertex -5.45295 -11.2821 12
      vertex -5.45295 -12.7179 12
      vertex -5.31259 -13.4235 12
    endloop
  endfacet
  facet normal 0 -0 1
    outer loop
      vertex -5.45295 -12.7179 12
      vertex -5.45295 -11.2821 12
      vertex -5.5 -12 12
    endloop
  endfacet
  facet normal 0 0 1
    outer loop
      vertex 45.0878 155.426 12
      vertex 25.455 128.267 12
      vertex 47.0096 153.505 12
    endloop
  endfacet
  facet normal -0 0 1
    outer loop
      vertex 23.2563 129.865 12
      vertex 25.455 128.267 12
      vertex 45.0878 155.426 12
    endloop
  endfacet
  facet normal 0 0 1
    outer loop
      vertex 23.2563 129.865 12
      vertex 7.56317 99.0705 12
      vertex 25.455 128.267 12
    endloop
  endfacet
  facet normal -0 0 1
    outer loop
      vertex 5.14161 100.304 12
      vertex 7.56317 99.0705 12
      vertex 23.2563 129.865 12
    endloop
  endfacet
  facet normal 0 0 1
    outer loop
      vertex 5.14161 100.304 12
      vertex -5.54102 67.4342 12
      vertex 7.56317 99.0705 12
    endloop
  endfacet
  facet normal -0 0 1
    outer loop
      vertex -8.12579 68.274 12
      vertex -5.54102 67.4342 12
      vertex 5.14161 100.304 12
    endloop
  endfacet
  facet normal 0 0 1
    outer loop
      vertex -8.12579 68.274 12
      vertex -13.5349 34.1374 12
      vertex -5.54102 67.4342 12
    endloop
  endfacet
  facet normal -0 0 1
    outer loop
      vertex -16.2192 34.5625 12
      vertex -13.5349 34.1374 12
      vertex -8.12579 68.274 12
    endloop
  endfacet
  facet normal 0 0 1
    outer loop
      vertex -16.2192 34.5625 12
      vertex -16.1389 1.05066 12
      vertex -13.5349 34.1374 12
    endloop
  endfacet
  facet normal 0 0 1
    outer loop
      vertex -16.1389 1.05066 12
      vertex -16.2192 34.5625 12
      vertex -18.8566 1.05066 12
    endloop
  endfacet
  facet normal 0.499993 -0.707117 0.499993
    outer loop
      vertex 18.5041 0 10.9493
      vertex 20 1.05066 10.9393
      vertex 18.9393 1.05066 12
    endloop
  endfacet
  facet normal 0.499993 -0.707117 0.499993
    outer loop
      vertex 20 1.05066 10.9393
      vertex 18.5041 0 10.9493
      vertex 18.9493 0 10.5041
    endloop
  endfacet
  facet normal 0.70709 -6.66414e-15 -0.707123
    outer loop
      vertex 18.9393 1.05066 0
      vertex 20 1.06066 1.06065
      vertex 20 1.05066 1.06065
    endloop
  endfacet
  facet normal 0.70709 -6.66414e-15 -0.707123
    outer loop
      vertex 20 1.06066 1.06065
      vertex 18.9393 1.05066 0
      vertex 18.9393 1.06066 0
    endloop
  endfacet
  facet normal 1 -0 0
    outer loop
      vertex 20 1.05066 10.9393
      vertex 20 1.06066 1.06065
      vertex 20 1.06066 10.9393
    endloop
  endfacet
  facet normal 1 0 0
    outer loop
      vertex 20 1.06066 1.06065
      vertex 20 1.05066 10.9393
      vertex 20 1.05066 1.06065
    endloop
  endfacet
  facet normal -0.499985 -0.707128 0.499985
    outer loop
      vertex -18.9164 0.995263 11.9446
      vertex -18.5141 0 10.9393
      vertex -18.5041 0 10.9493
    endloop
  endfacet
  facet normal -0.499989 -0.707127 0.499982
    outer loop
      vertex -18.5141 0 10.9393
      vertex -18.9164 0.995263 11.9446
      vertex -19.9217 0.995272 10.9393
    endloop
  endfacet
  facet normal -0.498583 -0.708432 -0.499539
    outer loop
      vertex -19.8911 0.995272 1.03011
      vertex -19.9233 0.974004 1.09241
      vertex -19.9217 0.995273 1.06065
    endloop
  endfacet
  facet normal -0.500083 -0.707138 -0.499873
    outer loop
      vertex -19.9233 0.974004 1.09241
      vertex -19.8911 0.995272 1.03011
      vertex -18.9493 0 1.49586
    endloop
  endfacet
  facet normal -0.500001 -0.707114 -0.499989
    outer loop
      vertex -18.9493 0 1.49586
      vertex -19.8911 0.995272 1.03011
      vertex -18.5041 0 1.05065
    endloop
  endfacet
  facet normal -0.500001 -0.707115 -0.499988
    outer loop
      vertex -18.5041 0 1.05065
      vertex -19.8911 0.995272 1.03011
      vertex -18.9164 0.995263 0.0553968
    endloop
  endfacet
  facet normal 0 -1 0
    outer loop
      vertex 20 1.06066 10.9393
      vertex 19.0228 1.06066 12
      vertex 18.9393 1.06066 12
    endloop
  endfacet
  facet normal 0 -1 0
    outer loop
      vertex 19.0228 1.06066 12
      vertex 20 1.06066 10.9393
      vertex 20.0442 1.06066 10.9786
    endloop
  endfacet
  facet normal 0 -1 0
    outer loop
      vertex 20 1.06066 10.9393
      vertex 20.0835 1.06066 10.9393
      vertex 20.0442 1.06066 10.9786
    endloop
  endfacet
  facet normal 0 -1 0
    outer loop
      vertex 20 1.06066 1.06065
      vertex 20.0835 1.06066 10.9393
      vertex 20 1.06066 10.9393
    endloop
  endfacet
  facet normal 0 -1 0
    outer loop
      vertex 20 1.06066 1.06065
      vertex 20.0835 1.06066 1.06065
      vertex 20.0835 1.06066 10.9393
    endloop
  endfacet
  facet normal 0 -1 -0
    outer loop
      vertex 20 1.06066 1.06065
      vertex 19.0623 1.06066 0.0395135
      vertex 20.0835 1.06066 1.06065
    endloop
  endfacet
  facet normal 0 -1 0
    outer loop
      vertex 18.9393 1.06066 0
      vertex 19.0623 1.06066 0.0395135
      vertex 20 1.06066 1.06065
    endloop
  endfacet
  facet normal 0 -1 0
    outer loop
      vertex 19.0623 1.06066 0.0395135
      vertex 18.9393 1.06066 0
      vertex 19.0228 1.06066 0
    endloop
  endfacet
  facet normal 0.500334 0.499681 -0.707096
    outer loop
      vertex 71.8136 128.7 0
      vertex 71.8663 130.134 1.05065
      vertex 72.2488 129.751 1.05065
    endloop
  endfacet
  facet normal 0.499749 0.499895 -0.707359
    outer loop
      vertex 71.8136 128.7 0
      vertex 70.1578 131.842 1.05065
      vertex 71.8663 130.134 1.05065
    endloop
  endfacet
  facet normal 0.499959 0.499944 -0.707175
    outer loop
      vertex 61.3919 139.122 0
      vertex 70.1578 131.842 1.05065
      vertex 71.8136 128.7 0
    endloop
  endfacet
  facet normal 0.500496 0.500496 -0.706405
    outer loop
      vertex 70.1578 131.842 1.05065
      vertex 62.1347 139.851 1.04066
      vertex 62.1418 139.858 1.05065
    endloop
  endfacet
  facet normal 0.499987 0.499985 -0.707127
    outer loop
      vertex 70.1578 131.842 1.05065
      vertex 61.3919 139.122 0
      vertex 62.1347 139.851 1.04066
    endloop
  endfacet
  facet normal 0.500049 0.499921 -0.707128
    outer loop
      vertex 62.1347 139.851 1.04066
      vertex 61.3919 139.122 0
      vertex 61.3953 139.851 0.517789
    endloop
  endfacet
  facet normal 0.500281 0.499659 -0.707149
    outer loop
      vertex 56.18 145.066 0.517789
      vertex 55.4511 145.063 0
      vertex 56.18 145.806 1.04066
    endloop
  endfacet
  facet normal 0.50226 0.50228 -0.703882
    outer loop
      vertex 56.18 145.806 1.04066
      vertex 46.4626 155.537 1.05065
      vertex 56.187 145.813 1.05065
    endloop
  endfacet
  facet normal 0.499955 0.499982 -0.707151
    outer loop
      vertex 55.4511 145.063 0
      vertex 46.4626 155.537 1.05065
      vertex 56.18 145.806 1.04066
    endloop
  endfacet
  facet normal 0.500003 0.500018 -0.707092
    outer loop
      vertex 45.0878 155.426 0
      vertex 46.4626 155.537 1.05065
      vertex 55.4511 145.063 0
    endloop
  endfacet
  facet normal 0.500157 0.499635 -0.707253
    outer loop
      vertex 46.4626 155.537 1.05065
      vertex 45.0878 155.426 0
      vertex 46.08 155.92 1.05065
    endloop
  endfacet
  facet normal 0.50163 0.497564 -0.70767
    outer loop
      vertex 45.0861 155.472 0.0311376
      vertex 46.08 155.92 1.05065
      vertex 45.0878 155.426 0
    endloop
  endfacet
  facet normal 0.502428 0.496387 -0.707931
    outer loop
      vertex 46.08 155.92 1.05065
      vertex 45.0861 155.472 0.0311376
      vertex 45.0847 155.508 0.0553865
    endloop
  endfacet
  facet normal 0.145301 0.856041 -0.496065
    outer loop
      vertex 45.7723 156.228 1.48586
      vertex 44.3878 156.235 1.09241
      vertex 45.7652 156.235 1.49586
    endloop
  endfacet
  facet normal 0.146437 0.853491 -0.50011
    outer loop
      vertex 45.0685 155.524 0.0783292
      vertex 44.3878 156.235 1.09241
      vertex 45.7723 156.228 1.48586
    endloop
  endfacet
  facet normal 0.152047 0.854355 -0.49695
    outer loop
      vertex 44.3878 156.235 1.09241
      vertex 45.0685 155.524 0.0783292
      vertex 44.3739 156.219 1.06065
    endloop
  endfacet
  facet normal 0.496445 -0.503537 -0.707101
    outer loop
      vertex 72.5565 127.943 1.06065
      vertex 71.8136 128.7 0
      vertex 72.5636 127.95 1.06065
    endloop
  endfacet
  facet normal 0.496445 -0.503537 -0.707101
    outer loop
      vertex 71.8136 128.7 0
      vertex 72.5565 127.943 1.06065
      vertex 71.8065 128.693 0
    endloop
  endfacet
  facet normal 0.105926 0.877568 -0.467604
    outer loop
      vertex 45.0685 155.524 0.0783292
      vertex 46.0766 155.923 1.05551
      vertex 46.08 155.92 1.05065
    endloop
  endfacet
  facet normal 0.147401 0.853144 -0.500418
    outer loop
      vertex 46.0766 155.923 1.05551
      vertex 45.0685 155.524 0.0783292
      vertex 45.7723 156.228 1.48586
    endloop
  endfacet
  facet normal 0.142235 0.856203 -0.496674
    outer loop
      vertex 45.0685 155.524 0.0783292
      vertex 46.08 155.92 1.05065
      vertex 45.0847 155.508 0.0553865
    endloop
  endfacet
  facet normal 1 0 0
    outer loop
      vertex 72.5636 127.95 10.9393
      vertex 72.5636 129.436 2.83177
      vertex 72.5636 129.436 10.5041
    endloop
  endfacet
  facet normal 1 0 0
    outer loop
      vertex 72.5636 127.95 1.06065
      vertex 72.5636 129.436 2.83177
      vertex 72.5636 127.95 10.9393
    endloop
  endfacet
  facet normal 1 0 0
    outer loop
      vertex 72.5636 129.436 2.83177
      vertex 72.5636 127.95 1.06065
      vertex 72.5636 129.436 1.49586
    endloop
  endfacet
  facet normal 0.854928 0.1458 0.497836
    outer loop
      vertex 72.5469 129.453 10.5278
      vertex 72.5636 127.95 10.9393
      vertex 72.5636 129.436 10.5041
    endloop
  endfacet
  facet normal 0.853526 0.146394 0.500062
    outer loop
      vertex 72.5636 127.95 10.9393
      vertex 72.5469 129.453 10.5278
      vertex 72.2559 129.744 10.9393
    endloop
  endfacet
  facet normal 0.702074 -0.712104 3.39624e-20
    outer loop
      vertex 72.5565 127.943 10.9393
      vertex 72.5636 127.95 1.06065
      vertex 72.5636 127.95 10.9393
    endloop
  endfacet
  facet normal 0.702074 -0.712104 3.39624e-20
    outer loop
      vertex 72.5636 127.95 1.06065
      vertex 72.5565 127.943 10.9393
      vertex 72.5565 127.943 1.06065
    endloop
  endfacet
  facet normal 0 1 -0
    outer loop
      vertex 45.7652 156.235 2.83176
      vertex 44.3878 156.235 10.9076
      vertex 45.7652 156.235 10.5041
    endloop
  endfacet
  facet normal 0 1 0
    outer loop
      vertex 44.3878 156.235 1.09241
      vertex 45.7652 156.235 2.83176
      vertex 45.7652 156.235 1.49586
    endloop
  endfacet
  facet normal 0 1 0
    outer loop
      vertex 45.7652 156.235 2.83176
      vertex 44.3878 156.235 1.09241
      vertex 44.3878 156.235 10.9076
    endloop
  endfacet
  facet normal 0.499905 0.499983 0.707186
    outer loop
      vertex 71.6017 130.398 10.9493
      vertex 71.8136 128.7 12
      vertex 72.2488 129.751 10.9493
    endloop
  endfacet
  facet normal 0.500079 0.500119 0.706967
    outer loop
      vertex 69.9503 130.564 12
      vertex 71.6017 130.398 10.9493
      vertex 70.3786 131.621 10.9493
    endloop
  endfacet
  facet normal 0.500123 0.499935 0.707066
    outer loop
      vertex 71.6017 130.398 10.9493
      vertex 69.9503 130.564 12
      vertex 71.8136 128.7 12
    endloop
  endfacet
  facet normal 0.499888 0.499929 0.707236
    outer loop
      vertex 46.7271 155.273 10.9493
      vertex 47.0833 153.547 11.9176
      vertex 47.9502 154.05 10.9493
    endloop
  endfacet
  facet normal 0.503582 0.49942 0.704971
    outer loop
      vertex 47.0833 153.547 11.9176
      vertex 46.7271 155.273 10.9493
      vertex 47.0096 153.505 12
    endloop
  endfacet
  facet normal 0.49992 0.499997 0.707166
    outer loop
      vertex 45.0878 155.426 12
      vertex 46.7271 155.273 10.9493
      vertex 46.08 155.92 10.9493
    endloop
  endfacet
  facet normal 0.499894 0.500102 0.70711
    outer loop
      vertex 46.7271 155.273 10.9493
      vertex 45.0878 155.426 12
      vertex 47.0096 153.505 12
    endloop
  endfacet
  facet normal 0.501956 0.497134 0.707742
    outer loop
      vertex 45.0878 155.426 12
      vertex 46.08 155.92 10.9493
      vertex 45.0847 155.508 11.9446
    endloop
  endfacet
  facet normal 0.500282 0.499677 0.707135
    outer loop
      vertex 56.18 145.806 10.9593
      vertex 55.4511 145.063 12
      vertex 56.18 145.066 11.4822
    endloop
  endfacet
  facet normal 0.499935 0.499935 0.707199
    outer loop
      vertex 51.7777 148.736 12
      vertex 56.187 145.813 10.9493
      vertex 52.206 149.794 10.9493
    endloop
  endfacet
  facet normal 0.501468 0.503568 0.703526
    outer loop
      vertex 56.187 145.813 10.9493
      vertex 51.7777 148.736 12
      vertex 56.18 145.806 10.9593
    endloop
  endfacet
  facet normal 0.499951 0.500005 0.707138
    outer loop
      vertex 56.18 145.806 10.9593
      vertex 51.7777 148.736 12
      vertex 55.4511 145.063 12
    endloop
  endfacet
  facet normal 0.500057 0.50007 0.707017
    outer loop
      vertex 62.1418 139.858 10.9493
      vertex 65.265 135.38 11.9076
      vertex 66.1229 135.877 10.9493
    endloop
  endfacet
  facet normal 0.500981 0.500508 0.706052
    outer loop
      vertex 62.1347 139.851 10.9593
      vertex 65.265 135.38 11.9076
      vertex 62.1418 139.858 10.9493
    endloop
  endfacet
  facet normal 0.499665 0.499879 0.707429
    outer loop
      vertex 65.265 135.38 11.9076
      vertex 62.1347 139.851 10.9593
      vertex 65.1822 135.332 12
    endloop
  endfacet
  facet normal 0.500067 0.499922 0.707114
    outer loop
      vertex 61.3919 139.122 12
      vertex 62.1347 139.851 10.9593
      vertex 61.3953 139.851 11.4822
    endloop
  endfacet
  facet normal 0.499976 0.500015 0.707113
    outer loop
      vertex 62.1347 139.851 10.9593
      vertex 61.3919 139.122 12
      vertex 65.1822 135.332 12
    endloop
  endfacet
  facet normal 0.146526 0.853613 0.499875
    outer loop
      vertex 45.7819 156.218 10.5278
      vertex 45.0847 155.508 11.9446
      vertex 46.08 155.92 10.9493
    endloop
  endfacet
  facet normal 0.146466 0.853634 0.499856
    outer loop
      vertex 45.0847 155.508 11.9446
      vertex 45.7819 156.218 10.5278
      vertex 44.3955 156.197 10.9699
    endloop
  endfacet
  facet normal 0.159388 0.851443 0.49964
    outer loop
      vertex 44.3955 156.197 10.9699
      vertex 44.3878 156.235 10.9076
      vertex 44.3739 156.219 10.9393
    endloop
  endfacet
  facet normal 0.148259 0.850106 0.505311
    outer loop
      vertex 45.7652 156.235 10.5041
      vertex 44.3955 156.197 10.9699
      vertex 45.7819 156.218 10.5278
    endloop
  endfacet
  facet normal 0.14699 0.852421 0.501769
    outer loop
      vertex 44.3955 156.197 10.9699
      vertex 45.7652 156.235 10.5041
      vertex 44.3878 156.235 10.9076
    endloop
  endfacet
  facet normal 0.85241 0.148294 0.501405
    outer loop
      vertex 71.8136 128.7 12
      vertex 72.2559 129.744 10.9393
      vertex 72.2488 129.751 10.9493
    endloop
  endfacet
  facet normal 0.853553 0.146398 0.500015
    outer loop
      vertex 72.2559 129.744 10.9393
      vertex 71.8136 128.7 12
      vertex 72.5636 127.95 10.9393
    endloop
  endfacet
  facet normal 0.496457 -0.503549 0.707085
    outer loop
      vertex 71.8136 128.7 12
      vertex 72.5565 127.943 10.9393
      vertex 72.5636 127.95 10.9393
    endloop
  endfacet
  facet normal 0.496457 -0.503549 0.707085
    outer loop
      vertex 72.5565 127.943 10.9393
      vertex 71.8136 128.7 12
      vertex 71.8065 128.693 12
    endloop
  endfacet
  facet normal 0.851245 0.150171 -0.502823
    outer loop
      vertex 72.2522 129.748 1.05551
      vertex 71.8136 128.7 0
      vertex 72.2488 129.751 1.05065
    endloop
  endfacet
  facet normal 0.853596 0.146311 -0.499968
    outer loop
      vertex 72.5636 129.436 1.49586
      vertex 71.8136 128.7 0
      vertex 72.2522 129.748 1.05551
    endloop
  endfacet
  facet normal 0.85355 0.146439 -0.500008
    outer loop
      vertex 71.8136 128.7 0
      vertex 72.5636 129.436 1.49586
      vertex 72.5636 127.95 1.06065
    endloop
  endfacet
  facet normal 0.706505 0.707703 -0.00263746
    outer loop
      vertex 71.8935 128.606 11.9605
      vertex 71.8065 128.693 12
      vertex 71.8656 128.634 12
    endloop
  endfacet
  facet normal 0.706508 0.707705 -0.000777441
    outer loop
      vertex 72.5565 127.943 10.9393
      vertex 71.8935 128.606 11.9605
      vertex 72.6156 127.884 10.9393
    endloop
  endfacet
  facet normal 0.707107 0.707107 1.06326e-13
    outer loop
      vertex 71.8935 128.606 11.9605
      vertex 72.5565 127.943 10.9393
      vertex 71.8065 128.693 12
    endloop
  endfacet
  facet normal 0.706508 0.707705 -0
    outer loop
      vertex 72.6156 127.884 1.06065
      vertex 72.5565 127.943 10.9393
      vertex 72.6156 127.884 10.9393
    endloop
  endfacet
  facet normal 0.706508 0.707705 -2.07918e-20
    outer loop
      vertex 72.6156 127.884 1.06065
      vertex 72.5565 127.943 1.06065
      vertex 72.5565 127.943 10.9393
    endloop
  endfacet
  facet normal 0.706501 0.707698 0.00445084
    outer loop
      vertex 72.5878 127.912 1.02137
      vertex 72.5565 127.943 1.06065
      vertex 72.6156 127.884 1.06065
    endloop
  endfacet
  facet normal 0.705256 0.708949 0.00247216
    outer loop
      vertex 71.8656 128.634 0
      vertex 72.5565 127.943 1.06065
      vertex 72.5878 127.912 1.02137
    endloop
  endfacet
  facet normal 0.706508 0.707705 0.000846748
    outer loop
      vertex 72.5565 127.943 1.06065
      vertex 71.8656 128.634 0
      vertex 71.8065 128.693 0
    endloop
  endfacet
  facet normal 0 -1 0
    outer loop
      vertex -18.5141 0 10.9393
      vertex -15.8593 0 10.9493
      vertex -18.5041 0 10.9493
    endloop
  endfacet
  facet normal 0 -1 0
    outer loop
      vertex -15.225 0 9.10999
      vertex -18.5141 0 10.9393
      vertex -18.9493 0 10.5041
    endloop
  endfacet
  facet normal 0 -1 0
    outer loop
      vertex -18.5141 0 10.9393
      vertex -15.225 0 9.10999
      vertex -15.8593 0 10.9493
    endloop
  endfacet
  facet normal 0 -1 0
    outer loop
      vertex -18.5041 0 1.05065
      vertex -15.225 0 9.10999
      vertex -18.9493 0 1.49586
    endloop
  endfacet
  facet normal 0 -1 0
    outer loop
      vertex -18.9493 0 1.49586
      vertex -15.225 0 9.10999
      vertex -18.9493 0 10.5041
    endloop
  endfacet
  facet normal 0 -1 0
    outer loop
      vertex -9.84073 0 10.9493
      vertex -3.04999 0 10.9393
      vertex -3.03998 0 10.9493
    endloop
  endfacet
  facet normal 0 -1 0
    outer loop
      vertex -10.475 0 9.10999
      vertex -3.04999 0 10.9393
      vertex -9.84073 0 10.9493
    endloop
  endfacet
  facet normal 0 -1 -0
    outer loop
      vertex -15.225 0 9.10999
      vertex -18.5041 0 1.05065
      vertex -10.475 0 9.10999
    endloop
  endfacet
  facet normal -0 -1 0
    outer loop
      vertex -3.04999 0 1.06065
      vertex -10.475 0 9.10999
      vertex -18.5041 0 1.05065
    endloop
  endfacet
  facet normal 0 -1 0
    outer loop
      vertex -10.475 0 9.10999
      vertex -3.04999 0 1.06065
      vertex -3.04999 0 10.9393
    endloop
  endfacet
  facet normal 0 -1 -0
    outer loop
      vertex -3.04999 0 1.06065
      vertex -18.5041 0 1.05065
      vertex -3.03999 0 1.05065
    endloop
  endfacet
  facet normal 0 -1 0
    outer loop
      vertex 3.05 0 10.9393
      vertex 9.84075 0 10.9493
      vertex 3.03998 0 10.9493
    endloop
  endfacet
  facet normal 0 -1 0
    outer loop
      vertex 3.05 0 10.9393
      vertex 10.475 0 9.10999
      vertex 9.84075 0 10.9493
    endloop
  endfacet
  facet normal 0 -1 0
    outer loop
      vertex 18.5041 0 1.05065
      vertex 15.225 0 9.10999
      vertex 10.475 0 9.10999
    endloop
  endfacet
  facet normal 0 -1 0
    outer loop
      vertex 3.05 0 1.06065
      vertex 10.475 0 9.10999
      vertex 3.05 0 10.9393
    endloop
  endfacet
  facet normal 0 -1 0
    outer loop
      vertex 15.225 0 9.10999
      vertex 18.9393 0 1.48586
      vertex 18.9493 0 1.49586
    endloop
  endfacet
  facet normal 0 -1 -0
    outer loop
      vertex 10.475 0 9.10999
      vertex 3.05 0 1.06065
      vertex 18.5041 0 1.05065
    endloop
  endfacet
  facet normal 0 -1 0
    outer loop
      vertex 18.5041 0 1.05065
      vertex 3.05 0 1.06065
      vertex 3.04 0 1.05065
    endloop
  endfacet
  facet normal 0 -1 0
    outer loop
      vertex 15.225 0 9.10999
      vertex 18.5041 0 1.05065
      vertex 18.9393 0 1.48586
    endloop
  endfacet
  facet normal 0 -1 0
    outer loop
      vertex 15.225 0 9.10999
      vertex 18.5041 0 10.9493
      vertex 15.8593 0 10.9493
    endloop
  endfacet
  facet normal 0 -1 -0
    outer loop
      vertex 18.5041 0 10.9493
      vertex 15.225 0 9.10999
      vertex 18.9493 0 10.5041
    endloop
  endfacet
  facet normal 0 -1 -0
    outer loop
      vertex 18.9493 0 10.5041
      vertex 15.225 0 9.10999
      vertex 18.9493 0 1.49586
    endloop
  endfacet
  facet normal 0.707052 0.707161 -9.04847e-05
    outer loop
      vertex 46.7271 155.273 10.9493
      vertex 45.7819 156.218 10.5278
      vertex 46.08 155.92 10.9493
    endloop
  endfacet
  facet normal 0.707078 0.707136 -0.000206199
    outer loop
      vertex 45.7819 156.218 10.5278
      vertex 46.7271 155.273 10.9493
      vertex 48.3987 153.601 9.10999
    endloop
  endfacet
  facet normal 0.70886 0.70532 0.0064338
    outer loop
      vertex 48.3987 153.601 9.10999
      vertex 45.7652 156.235 10.5041
      vertex 45.7819 156.218 10.5278
    endloop
  endfacet
  facet normal 0.707174 0.70704 0
    outer loop
      vertex 45.7652 156.235 10.5041
      vertex 48.3987 153.601 9.10999
      vertex 45.7652 156.235 2.83176
    endloop
  endfacet
  facet normal 0.707078 0.707136 -0.000206326
    outer loop
      vertex 47.9502 154.05 10.9493
      vertex 48.3987 153.601 9.10999
      vertex 46.7271 155.273 10.9493
    endloop
  endfacet
  facet normal 0.707355 0.706859 -0.000151799
    outer loop
      vertex 46.0766 155.923 1.05551
      vertex 45.7652 156.235 2.83176
      vertex 48.3987 153.601 9.10999
    endloop
  endfacet
  facet normal 0.702074 0.712104 0
    outer loop
      vertex 45.7652 156.235 2.83176
      vertex 45.7723 156.228 1.48586
      vertex 45.7652 156.235 1.49586
    endloop
  endfacet
  facet normal 0.707962 0.70625 6.15034e-05
    outer loop
      vertex 45.7652 156.235 2.83176
      vertex 46.0766 155.923 1.05551
      vertex 45.7723 156.228 1.48586
    endloop
  endfacet
  facet normal 0.707128 0.707086 -1.8888e-05
    outer loop
      vertex 46.4626 155.537 1.05065
      vertex 48.3987 153.601 9.10999
      vertex 51.7575 150.242 9.10999
    endloop
  endfacet
  facet normal 0.707107 0.707107 -8.7473e-06
    outer loop
      vertex 48.3987 153.601 9.10999
      vertex 46.4626 155.537 1.05065
      vertex 46.0766 155.923 1.05551
    endloop
  endfacet
  facet normal 0.706261 0.705523 0.0585838
    outer loop
      vertex 46.0766 155.923 1.05551
      vertex 46.4626 155.537 1.05065
      vertex 46.08 155.92 1.05065
    endloop
  endfacet
  facet normal 0.707107 0.707107 -0
    outer loop
      vertex 56.187 145.813 9.10999
      vertex 52.206 149.794 10.9493
      vertex 56.187 145.813 10.9493
    endloop
  endfacet
  facet normal 0.707067 0.707147 -0.000172768
    outer loop
      vertex 52.206 149.794 10.9493
      vertex 56.187 145.813 9.10999
      vertex 51.7575 150.242 9.10999
    endloop
  endfacet
  facet normal 0.707059 0.707155 -2.30447e-16
    outer loop
      vertex 66.5714 135.429 9.10999
      vertex 62.1418 139.858 9.10999
      vertex 62.1418 139.858 10.0173
    endloop
  endfacet
  facet normal 0.707098 0.707116 -1.1042e-16
    outer loop
      vertex 66.1229 135.877 10.9493
      vertex 62.1418 139.858 10.0173
      vertex 62.1418 139.858 10.9493
    endloop
  endfacet
  facet normal 0.707077 0.707136 0.000177751
    outer loop
      vertex 62.1418 139.858 10.0173
      vertex 66.1229 135.877 10.9493
      vertex 66.5714 135.429 9.10999
    endloop
  endfacet
  facet normal 0.707067 0.707147 0
    outer loop
      vertex 56.187 145.813 9.10999
      vertex 56.187 145.813 7.16984
      vertex 51.7575 150.242 9.10999
    endloop
  endfacet
  facet normal 0.707059 0.707155 -4.59701e-17
    outer loop
      vertex 66.5714 135.429 9.10999
      vertex 62.1418 139.858 4.56166
      vertex 62.1418 139.858 9.10999
    endloop
  endfacet
  facet normal 0.707092 0.707121 -6.53884e-05
    outer loop
      vertex 66.5714 135.429 9.10999
      vertex 70.1578 131.842 1.05065
      vertex 62.1418 139.858 4.56166
    endloop
  endfacet
  facet normal 0.707003 0.70721 -0.000144751
    outer loop
      vertex 70.1578 131.842 1.05065
      vertex 66.5714 135.429 9.10999
      vertex 71.8663 130.134 1.05065
    endloop
  endfacet
  facet normal 0.707787 0.706426 1.10237e-17
    outer loop
      vertex 72.2522 129.748 1.05551
      vertex 72.5636 129.436 2.83177
      vertex 72.5636 129.436 1.49586
    endloop
  endfacet
  facet normal 0.707355 0.706859 0.000151798
    outer loop
      vertex 72.5636 129.436 2.83177
      vertex 72.2522 129.748 1.05551
      vertex 69.9301 132.07 9.10999
    endloop
  endfacet
  facet normal 0.707138 0.707075 3.27195e-05
    outer loop
      vertex 69.9301 132.07 9.10999
      vertex 71.8663 130.134 1.05065
      vertex 66.5714 135.429 9.10999
    endloop
  endfacet
  facet normal 0.707198 0.707016 6.1375e-05
    outer loop
      vertex 72.2522 129.748 1.05551
      vertex 71.8663 130.134 1.05065
      vertex 69.9301 132.07 9.10999
    endloop
  endfacet
  facet normal 0.706348 0.705426 -0.0587049
    outer loop
      vertex 71.8663 130.134 1.05065
      vertex 72.2522 129.748 1.05551
      vertex 72.2488 129.751 1.05065
    endloop
  endfacet
  facet normal 0.707078 0.707136 0.000206326
    outer loop
      vertex 70.3786 131.621 10.9493
      vertex 71.6017 130.398 10.9493
      vertex 69.9301 132.07 9.10999
    endloop
  endfacet
  facet normal 0.707035 0.707144 0.00699385
    outer loop
      vertex 72.2559 129.744 10.9393
      vertex 71.6017 130.398 10.9493
      vertex 72.2488 129.751 10.9493
    endloop
  endfacet
  facet normal 0.706997 0.707216 -0.000154566
    outer loop
      vertex 72.5469 129.453 10.5278
      vertex 71.6017 130.398 10.9493
      vertex 72.2559 129.744 10.9393
    endloop
  endfacet
  facet normal 0.707078 0.707136 0.000206199
    outer loop
      vertex 71.6017 130.398 10.9493
      vertex 72.5469 129.453 10.5278
      vertex 69.9301 132.07 9.10999
    endloop
  endfacet
  facet normal 0.70886 0.70532 -0.0064338
    outer loop
      vertex 72.5636 129.436 10.5041
      vertex 69.9301 132.07 9.10999
      vertex 72.5469 129.453 10.5278
    endloop
  endfacet
  facet normal 0.707174 0.70704 9.54562e-18
    outer loop
      vertex 69.9301 132.07 9.10999
      vertex 72.5636 129.436 10.5041
      vertex 72.5636 129.436 2.83177
    endloop
  endfacet
  facet normal 0.707067 0.707147 -0
    outer loop
      vertex 56.187 145.813 1.05065
      vertex 51.7575 150.242 9.10999
      vertex 56.187 145.813 7.16984
    endloop
  endfacet
  facet normal 0.707092 0.707121 2.78834e-05
    outer loop
      vertex 51.7575 150.242 9.10999
      vertex 56.187 145.813 1.05065
      vertex 46.4626 155.537 1.05065
    endloop
  endfacet
  facet normal 0.707107 0.707107 0
    outer loop
      vertex 62.1418 139.858 4.56166
      vertex 70.1578 131.842 1.05065
      vertex 62.1418 139.858 1.05065
    endloop
  endfacet
  facet normal 0.705993 -0.0555616 -0.706036
    outer loop
      vertex 22.2407 28.4711 1.06065
      vertex 20.0835 1.06066 1.06065
      vertex 19.0623 1.06066 0.0395135
    endloop
  endfacet
  facet normal 0.706134 -0.0555833 -0.705893
    outer loop
      vertex 19.0228 1.06066 0
      vertex 22.2407 28.4711 1.06065
      vertex 19.0623 1.06066 0.0395135
    endloop
  endfacet
  facet normal 0.706012 -0.0555642 -0.706017
    outer loop
      vertex 22.2407 28.4711 1.06065
      vertex 19.0228 1.06066 0
      vertex 21.1931 28.637 0
    endloop
  endfacet
  facet normal 0.996917 -0.0784573 -1.73718e-17
    outer loop
      vertex 20.0835 1.06066 10.9393
      vertex 22.2407 28.4711 1.06065
      vertex 22.2407 28.4711 10.9393
    endloop
  endfacet
  facet normal 0.996917 -0.0784573 -1.73718e-17
    outer loop
      vertex 22.2407 28.4711 1.06065
      vertex 20.0835 1.06066 10.9393
      vertex 20.0835 1.06066 1.06065
    endloop
  endfacet
  facet normal 0.706014 -0.0555644 0.706014
    outer loop
      vertex 20.0442 1.06066 10.9786
      vertex 21.1931 28.637 12
      vertex 19.0228 1.06066 12
    endloop
  endfacet
  facet normal 0.706029 -0.0555645 0.706
    outer loop
      vertex 20.0442 1.06066 10.9786
      vertex 22.2407 28.4711 10.9393
      vertex 21.1931 28.637 12
    endloop
  endfacet
  facet normal 0.706014 -0.0555633 0.706014
    outer loop
      vertex 22.2407 28.4711 10.9393
      vertex 20.0442 1.06066 10.9786
      vertex 20.0835 1.06066 10.9393
    endloop
  endfacet
  facet normal -0.942765 0.074197 0.325098
    outer loop
      vertex 15.225 0 9.10999
      vertex 16.2642 0.956091 11.9054
      vertex 17.5245 29.218 9.10999
    endloop
  endfacet
  facet normal -0.942763 0.0741336 0.325119
    outer loop
      vertex 16.2642 0.956091 11.9054
      vertex 15.225 0 9.10999
      vertex 15.8593 0 10.9493
    endloop
  endfacet
  facet normal -0.942766 0.074199 0.325096
    outer loop
      vertex 17.5245 29.218 9.10999
      vertex 16.3042 1.05066 12
      vertex 18.5088 29.0621 12
    endloop
  endfacet
  facet normal -0.942947 0.0741538 0.32458
    outer loop
      vertex 16.3042 1.05066 12
      vertex 17.5245 29.218 9.10999
      vertex 16.2642 0.956091 11.9054
    endloop
  endfacet
  facet normal 0 0 1
    outer loop
      vertex 66.5714 135.429 9.10999
      vertex 50.8958 109.784 9.10999
      vertex 69.9301 132.07 9.10999
    endloop
  endfacet
  facet normal -0 0 1
    outer loop
      vertex 47.053 112.576 9.10999
      vertex 50.8958 109.784 9.10999
      vertex 66.5714 135.429 9.10999
    endloop
  endfacet
  facet normal 0 0 1
    outer loop
      vertex 47.053 112.576 9.10999
      vertex 35.5823 84.7941 9.10999
      vertex 50.8958 109.784 9.10999
    endloop
  endfacet
  facet normal -0 0 1
    outer loop
      vertex 31.35 86.9505 9.10999
      vertex 35.5823 84.7941 9.10999
      vertex 47.053 112.576 9.10999
    endloop
  endfacet
  facet normal 0 0 1
    outer loop
      vertex 31.35 86.9505 9.10999
      vertex 24.3664 57.7166 9.10999
      vertex 35.5823 84.7941 9.10999
    endloop
  endfacet
  facet normal -0 0 1
    outer loop
      vertex 19.8489 59.1845 9.10999
      vertex 24.3664 57.7166 9.10999
      vertex 31.35 86.9505 9.10999
    endloop
  endfacet
  facet normal 0 0 1
    outer loop
      vertex 19.8489 59.1845 9.10999
      vertex 17.5245 29.218 9.10999
      vertex 24.3664 57.7166 9.10999
    endloop
  endfacet
  facet normal -0 0 1
    outer loop
      vertex 12.833 29.9611 9.10999
      vertex 17.5245 29.218 9.10999
      vertex 19.8489 59.1845 9.10999
    endloop
  endfacet
  facet normal 0 0 1
    outer loop
      vertex 17.5245 29.218 9.10999
      vertex 12.833 29.9611 9.10999
      vertex 15.225 0 9.10999
    endloop
  endfacet
  facet normal 0 0 1
    outer loop
      vertex 15.225 0 9.10999
      vertex 12.833 29.9611 9.10999
      vertex 10.475 0 9.10999
    endloop
  endfacet
  facet normal 0.942765 -0.0742103 0.325094
    outer loop
      vertex 10.475 0 9.10999
      vertex 9.56114 1.05066 12
      vertex 9.84075 0 10.9493
    endloop
  endfacet
  facet normal 0.942768 -0.0741971 0.32509
    outer loop
      vertex 9.56114 1.05066 12
      vertex 10.475 0 9.10999
      vertex 11.8487 30.117 12
    endloop
  endfacet
  facet normal 0.942766 -0.0741976 0.325096
    outer loop
      vertex 12.833 29.9611 9.10999
      vertex 11.8487 30.117 12
      vertex 10.475 0 9.10999
    endloop
  endfacet
  facet normal -0.942769 0.0741978 0.325088
    outer loop
      vertex -10.475 0 9.10999
      vertex -9.43135 0.966614 11.916
      vertex -7.85907 33.2384 9.10999
    endloop
  endfacet
  facet normal -0.942767 0.0741464 0.325105
    outer loop
      vertex -9.43135 0.966614 11.916
      vertex -10.475 0 9.10999
      vertex -9.84073 0 10.9493
    endloop
  endfacet
  facet normal -0.942768 0.0741974 0.32509
    outer loop
      vertex -7.85907 33.2384 9.10999
      vertex -9.39575 1.05066 12
      vertex -6.87479 33.0825 12
    endloop
  endfacet
  facet normal -0.942703 0.0742109 0.325275
    outer loop
      vertex -9.39575 1.05066 12
      vertex -7.85907 33.2384 9.10999
      vertex -9.43135 0.966614 11.916
    endloop
  endfacet
  facet normal 0 0 1
    outer loop
      vertex 48.3987 153.601 9.10999
      vertex 30.1041 124.89 9.10999
      vertex 51.7575 150.242 9.10999
    endloop
  endfacet
  facet normal -0 0 1
    outer loop
      vertex 26.2613 127.682 9.10999
      vertex 30.1041 124.89 9.10999
      vertex 48.3987 153.601 9.10999
    endloop
  endfacet
  facet normal 0 0 1
    outer loop
      vertex 26.2613 127.682 9.10999
      vertex 12.6834 96.4616 9.10999
      vertex 30.1041 124.89 9.10999
    endloop
  endfacet
  facet normal -0 0 1
    outer loop
      vertex 8.45111 98.6181 9.10999
      vertex 12.6834 96.4616 9.10999
      vertex 26.2613 127.682 9.10999
    endloop
  endfacet
  facet normal 0 0 1
    outer loop
      vertex 8.45111 98.6181 9.10999
      vertex -0.0757275 65.6584 9.10999
      vertex 12.6834 96.4616 9.10999
    endloop
  endfacet
  facet normal -0 0 1
    outer loop
      vertex -4.59325 67.1262 9.10999
      vertex -0.0757275 65.6584 9.10999
      vertex 8.45111 98.6181 9.10999
    endloop
  endfacet
  facet normal 0 0 1
    outer loop
      vertex -4.59325 67.1262 9.10999
      vertex -7.85907 33.2384 9.10999
      vertex -0.0757275 65.6584 9.10999
    endloop
  endfacet
  facet normal -0 0 1
    outer loop
      vertex -12.5506 33.9815 9.10999
      vertex -7.85907 33.2384 9.10999
      vertex -4.59325 67.1262 9.10999
    endloop
  endfacet
  facet normal 0 0 1
    outer loop
      vertex -12.5506 33.9815 9.10999
      vertex -10.475 0 9.10999
      vertex -7.85907 33.2384 9.10999
    endloop
  endfacet
  facet normal 0 0 1
    outer loop
      vertex -10.475 0 9.10999
      vertex -12.5506 33.9815 9.10999
      vertex -15.225 0 9.10999
    endloop
  endfacet
  facet normal 0.942755 -0.0742441 0.325116
    outer loop
      vertex -15.225 0 9.10999
      vertex -16.1389 1.05066 12
      vertex -15.8593 0 10.9493
    endloop
  endfacet
  facet normal 0.942764 -0.0741976 0.325102
    outer loop
      vertex -16.1389 1.05066 12
      vertex -15.225 0 9.10999
      vertex -13.5349 34.1374 12
    endloop
  endfacet
  facet normal 0.942766 -0.0741972 0.325096
    outer loop
      vertex -12.5506 33.9815 9.10999
      vertex -13.5349 34.1374 12
      vertex -15.225 0 9.10999
    endloop
  endfacet
  facet normal -0.706017 0.0555657 0.706011
    outer loop
      vertex -19.9217 0.995272 10.9393
      vertex -18.8902 1.01952 11.9689
      vertex -17.2668 34.7284 10.9393
    endloop
  endfacet
  facet normal -0.706024 0.0553009 0.706025
    outer loop
      vertex -18.8902 1.01952 11.9689
      vertex -19.9217 0.995272 10.9393
      vertex -18.9164 0.995263 11.9446
    endloop
  endfacet
  facet normal -0.706029 0.0555649 0.706
    outer loop
      vertex -17.2668 34.7284 10.9393
      vertex -18.8566 1.05066 12
      vertex -16.2192 34.5625 12
    endloop
  endfacet
  facet normal -0.705473 0.0555561 0.706556
    outer loop
      vertex -18.8566 1.05066 12
      vertex -17.2668 34.7284 10.9393
      vertex -18.8902 1.01952 11.9689
    endloop
  endfacet
  facet normal -0.996917 0.0784604 -3.2487e-17
    outer loop
      vertex -19.9217 0.995273 1.06065
      vertex -17.2668 34.7284 10.9393
      vertex -17.2668 34.7284 1.06065
    endloop
  endfacet
  facet normal -0.996917 0.0784604 7.94242e-09
    outer loop
      vertex -19.9217 0.995273 1.06065
      vertex -19.9217 0.995272 10.9393
      vertex -17.2668 34.7284 10.9393
    endloop
  endfacet
  facet normal -0.997182 0.0750149 7.59364e-09
    outer loop
      vertex -19.9233 0.974004 1.09241
      vertex -19.9217 0.995272 10.9393
      vertex -19.9217 0.995273 1.06065
    endloop
  endfacet
  facet normal -0.997182 0.0750184 2.81339e-21
    outer loop
      vertex -19.9217 0.995272 10.9393
      vertex -19.9233 0.974004 1.09241
      vertex -19.9233 0.974004 10.9076
    endloop
  endfacet
  facet normal -0.705997 0.0561248 -0.705988
    outer loop
      vertex -19.8911 0.995272 1.03011
      vertex -18.8566 1.05066 0
      vertex -18.9164 0.995263 0.0553968
    endloop
  endfacet
  facet normal -0.706004 0.0555629 -0.706025
    outer loop
      vertex -18.8566 1.05066 0
      vertex -19.8911 0.995272 1.03011
      vertex -16.2192 34.5625 0
    endloop
  endfacet
  facet normal -0.706012 0.0555641 -0.706017
    outer loop
      vertex -19.8911 0.995272 1.03011
      vertex -17.2668 34.7284 1.06065
      vertex -16.2192 34.5625 0
    endloop
  endfacet
  facet normal -0.705322 0.055511 -0.70671
    outer loop
      vertex -17.2668 34.7284 1.06065
      vertex -19.8911 0.995272 1.03011
      vertex -19.9217 0.995273 1.06065
    endloop
  endfacet
  facet normal 0.688629 -0.165325 -0.706015
    outer loop
      vertex 28.9077 56.2411 1.06065
      vertex 22.2407 28.4711 1.06065
      vertex 21.1931 28.637 0
    endloop
  endfacet
  facet normal 0.688646 -0.165331 -0.705997
    outer loop
      vertex 27.899 56.5688 0
      vertex 28.9077 56.2411 1.06065
      vertex 21.1931 28.637 0
    endloop
  endfacet
  facet normal 0.97237 -0.233446 -3.74829e-17
    outer loop
      vertex 22.2407 28.4711 10.9393
      vertex 28.9077 56.2411 1.06065
      vertex 28.9077 56.2411 10.9393
    endloop
  endfacet
  facet normal 0.97237 -0.233446 -3.74829e-17
    outer loop
      vertex 28.9077 56.2411 1.06065
      vertex 22.2407 28.4711 10.9393
      vertex 22.2407 28.4711 1.06065
    endloop
  endfacet
  facet normal 0.688645 -0.165331 0.705999
    outer loop
      vertex 22.2407 28.4711 10.9393
      vertex 27.899 56.5688 12
      vertex 21.1931 28.637 12
    endloop
  endfacet
  facet normal 0.688663 -0.165334 0.705981
    outer loop
      vertex 28.9077 56.2411 10.9393
      vertex 27.899 56.5688 12
      vertex 22.2407 28.4711 10.9393
    endloop
  endfacet
  facet normal -0.919552 0.220765 0.325096
    outer loop
      vertex 18.5088 29.0621 12
      vertex 24.3664 57.7166 9.10999
      vertex 17.5245 29.218 9.10999
    endloop
  endfacet
  facet normal -0.919553 0.220764 0.325094
    outer loop
      vertex 25.3142 57.4087 12
      vertex 24.3664 57.7166 9.10999
      vertex 18.5088 29.0621 12
    endloop
  endfacet
  facet normal 0.919552 -0.220765 0.325096
    outer loop
      vertex 12.833 29.9611 9.10999
      vertex 18.9011 59.4924 12
      vertex 11.8487 30.117 12
    endloop
  endfacet
  facet normal 0.919553 -0.220764 0.325094
    outer loop
      vertex 19.8489 59.1845 9.10999
      vertex 18.9011 59.4924 12
      vertex 12.833 29.9611 9.10999
    endloop
  endfacet
  facet normal -0.919554 0.220765 0.325091
    outer loop
      vertex -6.87479 33.0825 12
      vertex -0.0757275 65.6584 9.10999
      vertex -7.85907 33.2384 9.10999
    endloop
  endfacet
  facet normal -0.919552 0.220765 0.325094
    outer loop
      vertex 0.872048 65.3504 12
      vertex -0.0757275 65.6584 9.10999
      vertex -6.87479 33.0825 12
    endloop
  endfacet
  facet normal 0.919551 -0.220765 0.325096
    outer loop
      vertex -12.5506 33.9815 9.10999
      vertex -5.54102 67.4342 12
      vertex -13.5349 34.1374 12
    endloop
  endfacet
  facet normal 0.919553 -0.220765 0.325092
    outer loop
      vertex -4.59325 67.1262 9.10999
      vertex -5.54102 67.4342 12
      vertex -12.5506 33.9815 9.10999
    endloop
  endfacet
  facet normal -0.688645 0.165328 0.705999
    outer loop
      vertex -16.2192 34.5625 12
      vertex -9.13455 68.6018 10.9393
      vertex -17.2668 34.7284 10.9393
    endloop
  endfacet
  facet normal -0.688636 0.165327 0.706008
    outer loop
      vertex -8.12579 68.274 12
      vertex -9.13455 68.6018 10.9393
      vertex -16.2192 34.5625 12
    endloop
  endfacet
  facet normal -0.97237 0.233444 -4.02463e-17
    outer loop
      vertex -17.2668 34.7284 1.06065
      vertex -9.13455 68.6018 10.9393
      vertex -9.13455 68.6018 1.06065
    endloop
  endfacet
  facet normal -0.97237 0.233444 -4.02463e-17
    outer loop
      vertex -9.13455 68.6018 10.9393
      vertex -17.2668 34.7284 1.06065
      vertex -17.2668 34.7284 10.9393
    endloop
  endfacet
  facet normal -0.688629 0.165325 -0.706015
    outer loop
      vertex -8.12579 68.274 0
      vertex -16.2192 34.5625 0
      vertex -17.2668 34.7284 1.06065
    endloop
  endfacet
  facet normal -0.68862 0.165322 -0.706025
    outer loop
      vertex -9.13455 68.6018 1.06065
      vertex -8.12579 68.274 0
      vertex -17.2668 34.7284 1.06065
    endloop
  endfacet
  facet normal 0.654307 -0.271023 -0.705995
    outer loop
      vertex 39.8368 82.6263 1.06065
      vertex 28.9077 56.2411 1.06065
      vertex 27.899 56.5688 0
    endloop
  endfacet
  facet normal 0.654305 -0.271022 -0.705997
    outer loop
      vertex 38.8918 83.1078 0
      vertex 39.8368 82.6263 1.06065
      vertex 27.899 56.5688 0
    endloop
  endfacet
  facet normal 0.92388 -0.382683 -4.63371e-17
    outer loop
      vertex 28.9077 56.2411 10.9393
      vertex 39.8368 82.6263 1.06065
      vertex 39.8368 82.6263 10.9393
    endloop
  endfacet
  facet normal 0.92388 -0.382683 -4.63371e-17
    outer loop
      vertex 39.8368 82.6263 1.06065
      vertex 28.9077 56.2411 10.9393
      vertex 28.9077 56.2411 1.06065
    endloop
  endfacet
  facet normal 0.654322 -0.271029 0.705978
    outer loop
      vertex 28.9077 56.2411 10.9393
      vertex 38.8918 83.1078 12
      vertex 27.899 56.5688 12
    endloop
  endfacet
  facet normal 0.654321 -0.271028 0.70598
    outer loop
      vertex 39.8368 82.6263 10.9393
      vertex 38.8918 83.1078 12
      vertex 28.9077 56.2411 10.9393
    endloop
  endfacet
  facet normal -0.873696 0.361898 0.325092
    outer loop
      vertex 25.3142 57.4087 12
      vertex 35.5823 84.7941 9.10999
      vertex 24.3664 57.7166 9.10999
    endloop
  endfacet
  facet normal -0.873697 0.361898 0.32509
    outer loop
      vertex 36.4702 84.3416 12
      vertex 35.5823 84.7941 9.10999
      vertex 25.3142 57.4087 12
    endloop
  endfacet
  facet normal 0.873697 -0.361897 0.325092
    outer loop
      vertex 19.8489 59.1845 9.10999
      vertex 30.462 87.4029 12
      vertex 18.9011 59.4924 12
    endloop
  endfacet
  facet normal 0.873692 -0.361896 0.325106
    outer loop
      vertex 31.35 86.9505 9.10999
      vertex 30.462 87.4029 12
      vertex 19.8489 59.1845 9.10999
    endloop
  endfacet
  facet normal -0.873695 0.361897 0.325096
    outer loop
      vertex 0.872048 65.3504 12
      vertex 12.6834 96.4616 9.10999
      vertex -0.0757275 65.6584 9.10999
    endloop
  endfacet
  facet normal -0.873701 0.361898 0.325079
    outer loop
      vertex 13.5713 96.0092 12
      vertex 12.6834 96.4616 9.10999
      vertex 0.872048 65.3504 12
    endloop
  endfacet
  facet normal 0.873696 -0.361897 0.325095
    outer loop
      vertex -4.59325 67.1262 9.10999
      vertex 7.56317 99.0705 12
      vertex -5.54102 67.4342 12
    endloop
  endfacet
  facet normal 0.873697 -0.361897 0.32509
    outer loop
      vertex 8.45111 98.6181 9.10999
      vertex 7.56317 99.0705 12
      vertex -4.59325 67.1262 9.10999
    endloop
  endfacet
  facet normal -0.654294 0.271016 0.70601
    outer loop
      vertex -8.12579 68.274 12
      vertex 4.19654 100.786 10.9393
      vertex -9.13455 68.6018 10.9393
    endloop
  endfacet
  facet normal -0.654241 0.270998 0.706066
    outer loop
      vertex 5.14161 100.304 12
      vertex 4.19654 100.786 10.9393
      vertex -8.12579 68.274 12
    endloop
  endfacet
  facet normal -0.92388 0.382682 -8.62997e-17
    outer loop
      vertex -9.13455 68.6018 1.06065
      vertex 4.19654 100.786 10.9393
      vertex 4.19654 100.786 1.06065
    endloop
  endfacet
  facet normal -0.92388 0.382682 -8.62997e-17
    outer loop
      vertex 4.19654 100.786 10.9393
      vertex -9.13455 68.6018 1.06065
      vertex -9.13455 68.6018 10.9393
    endloop
  endfacet
  facet normal -0.654277 0.271013 -0.706026
    outer loop
      vertex 5.14161 100.304 0
      vertex -8.12579 68.274 0
      vertex -9.13455 68.6018 1.06065
    endloop
  endfacet
  facet normal -0.654227 0.270989 -0.706083
    outer loop
      vertex 4.19654 100.786 1.06065
      vertex 5.14161 100.304 0
      vertex -9.13455 68.6018 1.06065
    endloop
  endfacet
  facet normal 0.603853 -0.370041 -0.705997
    outer loop
      vertex 54.7589 106.977 1.06065
      vertex 39.8368 82.6263 1.06065
      vertex 38.8918 83.1078 0
    endloop
  endfacet
  facet normal 0.603896 -0.370072 -0.705943
    outer loop
      vertex 53.9008 107.6 0
      vertex 54.7589 106.977 1.06065
      vertex 38.8918 83.1078 0
    endloop
  endfacet
  facet normal 0.852641 -0.522498 -4.90917e-17
    outer loop
      vertex 39.8368 82.6263 10.9393
      vertex 54.7589 106.977 1.06065
      vertex 54.7589 106.977 10.9393
    endloop
  endfacet
  facet normal 0.852641 -0.522498 -4.90917e-17
    outer loop
      vertex 54.7589 106.977 1.06065
      vertex 39.8368 82.6263 10.9393
      vertex 39.8368 82.6263 1.06065
    endloop
  endfacet
  facet normal 0.603865 -0.370053 0.70598
    outer loop
      vertex 39.8368 82.6263 10.9393
      vertex 53.9008 107.6 12
      vertex 38.8918 83.1078 12
    endloop
  endfacet
  facet normal 0.603913 -0.370078 0.705926
    outer loop
      vertex 54.7589 106.977 10.9393
      vertex 53.9008 107.6 12
      vertex 39.8368 82.6263 10.9393
    endloop
  endfacet
  facet normal -0.806331 0.49411 0.325094
    outer loop
      vertex 36.4702 84.3416 12
      vertex 50.8958 109.784 9.10999
      vertex 35.5823 84.7941 9.10999
    endloop
  endfacet
  facet normal -0.806313 0.494105 0.325146
    outer loop
      vertex 51.7021 109.198 12
      vertex 50.8958 109.784 9.10999
      vertex 36.4702 84.3416 12
    endloop
  endfacet
  facet normal 0.80632 -0.494121 0.325104
    outer loop
      vertex 31.35 86.9505 9.10999
      vertex 46.2468 113.161 12
      vertex 30.462 87.4029 12
    endloop
  endfacet
  facet normal 0.806368 -0.494132 0.324968
    outer loop
      vertex 47.053 112.576 9.10999
      vertex 46.2468 113.161 12
      vertex 31.35 86.9505 9.10999
    endloop
  endfacet
  facet normal -0.806334 0.494115 0.325079
    outer loop
      vertex 13.5713 96.0092 12
      vertex 30.1041 124.89 9.10999
      vertex 12.6834 96.4616 9.10999
    endloop
  endfacet
  facet normal -0.806319 0.494111 0.325121
    outer loop
      vertex 30.9103 124.304 12
      vertex 30.1041 124.89 9.10999
      vertex 13.5713 96.0092 12
    endloop
  endfacet
  facet normal 0.806325 -0.494122 0.325089
    outer loop
      vertex 8.45111 98.6181 9.10999
      vertex 25.455 128.267 12
      vertex 7.56317 99.0705 12
    endloop
  endfacet
  facet normal 0.806358 -0.494132 0.324993
    outer loop
      vertex 26.2613 127.682 9.10999
      vertex 25.455 128.267 12
      vertex 8.45111 98.6181 9.10999
    endloop
  endfacet
  facet normal -0.603773 0.369998 0.706087
    outer loop
      vertex 5.14161 100.304 12
      vertex 22.3982 130.488 10.9393
      vertex 4.19654 100.786 10.9393
    endloop
  endfacet
  facet normal -0.603916 0.370074 0.705926
    outer loop
      vertex 23.2563 129.865 12
      vertex 22.3982 130.488 10.9393
      vertex 5.14161 100.304 12
    endloop
  endfacet
  facet normal -0.852637 0.522504 -1.12917e-18
    outer loop
      vertex 4.19654 100.786 1.06065
      vertex 22.3982 130.488 10.9393
      vertex 22.3982 130.488 1.06065
    endloop
  endfacet
  facet normal -0.852637 0.522504 -1.12917e-18
    outer loop
      vertex 22.3982 130.488 10.9393
      vertex 4.19654 100.786 1.06065
      vertex 4.19654 100.786 10.9393
    endloop
  endfacet
  facet normal -0.603764 0.369981 -0.706105
    outer loop
      vertex 23.2563 129.865 0
      vertex 5.14161 100.304 0
      vertex 4.19654 100.786 1.06065
    endloop
  endfacet
  facet normal -0.603896 0.370073 -0.705943
    outer loop
      vertex 22.3982 130.488 1.06065
      vertex 23.2563 129.865 0
      vertex 4.19654 100.786 1.06065
    endloop
  endfacet
  facet normal 0.537383 -0.458979 -0.707501
    outer loop
      vertex 54.7589 106.977 1.06065
      vertex 72.5878 127.912 1.02137
      vertex 72.6156 127.884 1.06065
    endloop
  endfacet
  facet normal 0.538584 -0.459999 -0.705924
    outer loop
      vertex 72.5878 127.912 1.02137
      vertex 54.7589 106.977 1.06065
      vertex 53.9008 107.6 0
    endloop
  endfacet
  facet normal 0.538558 -0.459973 -0.705961
    outer loop
      vertex 71.8656 128.634 0
      vertex 72.5878 127.912 1.02137
      vertex 53.9008 107.6 0
    endloop
  endfacet
  facet normal 0.760398 -0.649457 -1.68611e-17
    outer loop
      vertex 54.7589 106.977 10.9393
      vertex 72.6156 127.884 1.06065
      vertex 72.6156 127.884 10.9393
    endloop
  endfacet
  facet normal 0.760398 -0.649457 -1.68611e-17
    outer loop
      vertex 72.6156 127.884 1.06065
      vertex 54.7589 106.977 10.9393
      vertex 54.7589 106.977 1.06065
    endloop
  endfacet
  facet normal 0.538369 -0.459812 0.706209
    outer loop
      vertex 53.9008 107.6 12
      vertex 71.8935 128.606 11.9605
      vertex 71.8656 128.634 12
    endloop
  endfacet
  facet normal 0.538597 -0.460009 0.705907
    outer loop
      vertex 71.8935 128.606 11.9605
      vertex 53.9008 107.6 12
      vertex 54.7589 106.977 10.9393
    endloop
  endfacet
  facet normal 0.538528 -0.459958 0.705993
    outer loop
      vertex 72.6156 127.884 10.9393
      vertex 71.8935 128.606 11.9605
      vertex 54.7589 106.977 10.9393
    endloop
  endfacet
  facet normal -0.719082 0.614163 0.325153
    outer loop
      vertex 51.7021 109.198 12
      vertex 69.9301 132.07 9.10999
      vertex 50.8958 109.784 9.10999
    endloop
  endfacet
  facet normal -0.7187 0.614549 0.325268
    outer loop
      vertex 69.9301 132.07 9.10999
      vertex 69.9503 130.564 12
      vertex 70.3786 131.621 10.9493
    endloop
  endfacet
  facet normal -0.719108 0.614174 0.325075
    outer loop
      vertex 69.9503 130.564 12
      vertex 69.9301 132.07 9.10999
      vertex 51.7021 109.198 12
    endloop
  endfacet
  facet normal 0.719149 -0.614197 0.324941
    outer loop
      vertex 47.053 112.576 9.10999
      vertex 65.1822 135.332 12
      vertex 46.2468 113.161 12
    endloop
  endfacet
  facet normal 0.719033 -0.614149 0.325289
    outer loop
      vertex 65.1822 135.332 12
      vertex 47.053 112.576 9.10999
      vertex 65.265 135.38 11.9076
    endloop
  endfacet
  facet normal 0.718944 -0.614425 0.324964
    outer loop
      vertex 65.265 135.38 11.9076
      vertex 66.5714 135.429 9.10999
      vertex 66.1229 135.877 10.9493
    endloop
  endfacet
  facet normal 0.719113 -0.614183 0.325047
    outer loop
      vertex 66.5714 135.429 9.10999
      vertex 65.265 135.38 11.9076
      vertex 47.053 112.576 9.10999
    endloop
  endfacet
  facet normal -0.719082 0.614175 0.325131
    outer loop
      vertex 30.9103 124.304 12
      vertex 51.7575 150.242 9.10999
      vertex 30.1041 124.89 9.10999
    endloop
  endfacet
  facet normal -0.719379 0.613925 0.324948
    outer loop
      vertex 51.7575 150.242 9.10999
      vertex 51.7777 148.736 12
      vertex 52.206 149.794 10.9493
    endloop
  endfacet
  facet normal -0.719098 0.614183 0.32508
    outer loop
      vertex 51.7777 148.736 12
      vertex 51.7575 150.242 9.10999
      vertex 30.9103 124.304 12
    endloop
  endfacet
  facet normal 0.719146 -0.614189 0.324964
    outer loop
      vertex 26.2613 127.682 9.10999
      vertex 47.0096 153.505 12
      vertex 25.455 128.267 12
    endloop
  endfacet
  facet normal 0.717749 -0.613545 0.329238
    outer loop
      vertex 47.0096 153.505 12
      vertex 26.2613 127.682 9.10999
      vertex 47.0833 153.547 11.9176
    endloop
  endfacet
  facet normal 0.719398 -0.613745 0.325243
    outer loop
      vertex 47.0833 153.547 11.9176
      vertex 48.3987 153.601 9.10999
      vertex 47.9502 154.05 10.9493
    endloop
  endfacet
  facet normal 0.719096 -0.614179 0.325092
    outer loop
      vertex 48.3987 153.601 9.10999
      vertex 47.0833 153.547 11.9176
      vertex 26.2613 127.682 9.10999
    endloop
  endfacet
  facet normal -0.536707 0.458377 0.708404
    outer loop
      vertex 22.3982 130.488 10.9393
      vertex 44.3955 156.197 10.9699
      vertex 44.3739 156.219 10.9393
    endloop
  endfacet
  facet normal -0.538602 0.460002 0.705908
    outer loop
      vertex 44.3955 156.197 10.9699
      vertex 22.3982 130.488 10.9393
      vertex 23.2563 129.865 12
    endloop
  endfacet
  facet normal -0.541918 0.456328 0.705755
    outer loop
      vertex 44.3955 156.197 10.9699
      vertex 45.0878 155.426 12
      vertex 45.0847 155.508 11.9446
    endloop
  endfacet
  facet normal -0.538454 0.45989 0.706094
    outer loop
      vertex 45.0878 155.426 12
      vertex 44.3955 156.197 10.9699
      vertex 23.2563 129.865 12
    endloop
  endfacet
  facet normal -0.75491 0.655828 2.54482e-22
    outer loop
      vertex 44.3739 156.219 1.06065
      vertex 44.3878 156.235 10.9076
      vertex 44.3878 156.235 1.09241
    endloop
  endfacet
  facet normal -0.75491 0.655828 0
    outer loop
      vertex 44.3739 156.219 1.06065
      vertex 44.3739 156.219 10.9393
      vertex 44.3878 156.235 10.9076
    endloop
  endfacet
  facet normal -0.760415 0.649437 -7.00792e-17
    outer loop
      vertex 22.3982 130.488 1.06065
      vertex 44.3739 156.219 10.9393
      vertex 44.3739 156.219 1.06065
    endloop
  endfacet
  facet normal -0.760415 0.649437 -7.00792e-17
    outer loop
      vertex 44.3739 156.219 10.9393
      vertex 22.3982 130.488 1.06065
      vertex 22.3982 130.488 10.9393
    endloop
  endfacet
  facet normal -0.538583 0.46 -0.705924
    outer loop
      vertex 22.3982 130.488 1.06065
      vertex 45.0878 155.426 0
      vertex 23.2563 129.865 0
    endloop
  endfacet
  facet normal -0.537524 0.458975 -0.707396
    outer loop
      vertex 45.0878 155.426 0
      vertex 22.3982 130.488 1.06065
      vertex 45.0861 155.472 0.0311376
    endloop
  endfacet
  facet normal -0.548983 0.452159 -0.702972
    outer loop
      vertex 45.0861 155.472 0.0311376
      vertex 45.0685 155.524 0.0783292
      vertex 45.0847 155.508 0.0553865
    endloop
  endfacet
  facet normal -0.540345 0.457824 -0.705992
    outer loop
      vertex 45.0861 155.472 0.0311376
      vertex 44.3739 156.219 1.06065
      vertex 45.0685 155.524 0.0783292
    endloop
  endfacet
  facet normal -0.538431 0.45985 -0.706138
    outer loop
      vertex 44.3739 156.219 1.06065
      vertex 45.0861 155.472 0.0311376
      vertex 22.3982 130.488 1.06065
    endloop
  endfacet
  facet normal -0.706753 3.87451e-05 0.70746
    outer loop
      vertex -3.04999 0 10.9393
      vertex -2.73933 -6.39715 11.25
      vertex -3.03998 0 10.9493
    endloop
  endfacet
  facet normal -0.707152 -2.32859e-18 0.707061
    outer loop
      vertex -2.73933 -6.39715 11.25
      vertex -3.04999 0 10.9393
      vertex -3.04999 -6.55035 10.9393
    endloop
  endfacet
  facet normal -0.707092 6.9085e-06 0.707121
    outer loop
      vertex -2.17631 -6.74592 11.813
      vertex -3.03998 0 10.9493
      vertex -2.73933 -6.39715 11.25
    endloop
  endfacet
  facet normal -0.707106 3.46115e-06 0.707108
    outer loop
      vertex -2.05931 -6.8295 11.93
      vertex -3.03998 0 10.9493
      vertex -2.17631 -6.74592 11.813
    endloop
  endfacet
  facet normal -0.707274 -4.50378e-05 0.706939
    outer loop
      vertex -1.98934 -6.87948 12
      vertex -3.03998 0 10.9493
      vertex -2.05931 -6.8295 11.93
    endloop
  endfacet
  facet normal -0.707127 -5.16192e-18 0.707087
    outer loop
      vertex -3.03998 0 10.9493
      vertex -1.98934 -6.87948 12
      vertex -1.98934 1.05066 12
    endloop
  endfacet
  facet normal -1 0 0
    outer loop
      vertex -3.04999 -6.55035 1.06065
      vertex -3.04999 0 10.9393
      vertex -3.04999 0 1.06065
    endloop
  endfacet
  facet normal -1 -0 0
    outer loop
      vertex -3.04999 0 10.9393
      vertex -3.04999 -6.55035 1.06065
      vertex -3.04999 -6.55035 10.9393
    endloop
  endfacet
  facet normal 0.7064 7.19303e-05 0.707813
    outer loop
      vertex 3.03998 0 10.9493
      vertex 2.73933 -6.39715 11.25
      vertex 3.05 0 10.9393
    endloop
  endfacet
  facet normal 0.70713 -0 0.707083
    outer loop
      vertex 1.98935 -6.87948 12
      vertex 3.03998 0 10.9493
      vertex 1.98935 1.05066 12
    endloop
  endfacet
  facet normal 0.707092 6.90851e-06 0.707121
    outer loop
      vertex 3.03998 0 10.9493
      vertex 2.17631 -6.74593 11.813
      vertex 2.73933 -6.39715 11.25
    endloop
  endfacet
  facet normal 0.707106 3.46111e-06 0.707108
    outer loop
      vertex 3.03998 0 10.9493
      vertex 2.05931 -6.8295 11.93
      vertex 2.17631 -6.74593 11.813
    endloop
  endfacet
  facet normal 0.707331 -6.12092e-05 0.706883
    outer loop
      vertex 3.03998 0 10.9493
      vertex 1.98935 -6.87948 12
      vertex 2.05931 -6.8295 11.93
    endloop
  endfacet
  facet normal 0.707141 0 0.707073
    outer loop
      vertex 3.05 0 10.9393
      vertex 2.73933 -6.39715 11.25
      vertex 3.05 -6.55035 10.9393
    endloop
  endfacet
  facet normal -0.707107 7.3843e-16 -0.707107
    outer loop
      vertex -3.03999 0 1.05065
      vertex -2.73934 -6.39715 0.75
      vertex -3.04999 0 1.06065
    endloop
  endfacet
  facet normal -0.707107 0 -0.707107
    outer loop
      vertex -1.98934 -6.87948 0
      vertex -3.03999 0 1.05065
      vertex -1.98934 1.05066 0
    endloop
  endfacet
  facet normal -0.707105 1.82382e-07 -0.707109
    outer loop
      vertex -3.03999 0 1.05065
      vertex -2.17631 -6.74592 0.186973
      vertex -2.73934 -6.39715 0.75
    endloop
  endfacet
  facet normal -0.707108 -6.01612e-07 -0.707106
    outer loop
      vertex -3.03999 0 1.05065
      vertex -2.05931 -6.8295 0.0699727
      vertex -2.17631 -6.74592 0.186973
    endloop
  endfacet
  facet normal -0.707122 -4.67731e-06 -0.707091
    outer loop
      vertex -3.03999 0 1.05065
      vertex -1.98934 -6.87948 0
      vertex -2.05931 -6.8295 0.0699727
    endloop
  endfacet
  facet normal -0.707107 -0 -0.707107
    outer loop
      vertex -3.04999 0 1.06065
      vertex -2.73934 -6.39715 0.75
      vertex -3.04999 -6.55035 1.06065
    endloop
  endfacet
  facet normal 1 -0 0
    outer loop
      vertex 3.05 -6.55035 10.9393
      vertex 3.05 0 1.06065
      vertex 3.05 0 10.9393
    endloop
  endfacet
  facet normal 1 0 0
    outer loop
      vertex 3.05 0 1.06065
      vertex 3.05 -6.55035 10.9393
      vertex 3.05 -6.55035 1.06065
    endloop
  endfacet
  facet normal 0.707107 -7.36509e-16 -0.707107
    outer loop
      vertex 3.05 0 1.06065
      vertex 2.73935 -6.39716 0.75
      vertex 3.04 0 1.05065
    endloop
  endfacet
  facet normal 0.707107 8.99503e-19 -0.707107
    outer loop
      vertex 2.73935 -6.39716 0.75
      vertex 3.05 0 1.06065
      vertex 3.05 -6.55035 1.06065
    endloop
  endfacet
  facet normal 0.707101 5.47128e-07 -0.707113
    outer loop
      vertex 2.1763 -6.74593 0.186959
      vertex 3.04 0 1.05065
      vertex 2.73935 -6.39716 0.75
    endloop
  endfacet
  facet normal 0.707112 -2.31595e-06 -0.707101
    outer loop
      vertex 2.05931 -6.8295 0.0699675
      vertex 3.04 0 1.05065
      vertex 2.1763 -6.74593 0.186959
    endloop
  endfacet
  facet normal 0.707149 -1.29941e-05 -0.707064
    outer loop
      vertex 1.98935 -6.87948 0
      vertex 3.04 0 1.05065
      vertex 2.05931 -6.8295 0.0699675
    endloop
  endfacet
  facet normal 0.707107 1.42623e-18 -0.707107
    outer loop
      vertex 3.04 0 1.05065
      vertex 1.98935 -6.87948 0
      vertex 1.98935 1.05066 0
    endloop
  endfacet
  facet normal 0.997859 -0.0654027 -2.32867e-19
    outer loop
      vertex 6.19653 -12.8158 11.25
      vertex 6.25 -12 0.75
      vertex 6.25 -12 11.25
    endloop
  endfacet
  facet normal 0.997859 -0.0654027 -2.32867e-19
    outer loop
      vertex 6.25 -12 0.75
      vertex 6.19653 -12.8158 11.25
      vertex 6.19653 -12.8158 0.75
    endloop
  endfacet
  facet normal 0.6703 0.227531 0.706348
    outer loop
      vertex 5.77425 -9.60823 11.25
      vertex 5.08134 -9.89524 12
      vertex 6.03704 -10.3824 11.25
    endloop
  endfacet
  facet normal 0.70635 -0.0462931 0.706347
    outer loop
      vertex 5.5 -12 12
      vertex 5.45295 -12.7179 12
      vertex 6.19653 -12.8158 11.25
    endloop
  endfacet
  facet normal 0.706349 -0.0462962 0.706349
    outer loop
      vertex 6.25 -12 11.25
      vertex 5.5 -12 12
      vertex 6.19653 -12.8158 11.25
    endloop
  endfacet
  facet normal 0.313067 -0.634832 0.706383
    outer loop
      vertex 2.75 -16.7631 12
      vertex 2.10476 -17.0813 12
      vertex 3.125 -17.4127 11.25
    endloop
  endfacet
  facet normal -0.670303 -0.227517 -0.70635
    outer loop
      vertex -5.08134 -14.1048 0
      vertex -6.03704 -13.6176 0.75
      vertex -5.31259 -13.4235 0
    endloop
  endfacet
  facet normal -0.39327 0.588566 -0.706349
    outer loop
      vertex -2.75 -7.23686 0
      vertex -3.34819 -7.63656 0
      vertex -3.125 -6.58734 0.75
    endloop
  endfacet
  facet normal -0.670299 0.227529 0.706349
    outer loop
      vertex -5.08134 -9.89524 12
      vertex -6.03704 -10.3824 11.25
      vertex -5.31259 -10.5765 12
    endloop
  endfacet
  facet normal 0.69426 -0.138104 0.70635
    outer loop
      vertex 5.45295 -12.7179 12
      vertex 5.31259 -13.4235 12
      vertex 6.03704 -13.6176 11.25
    endloop
  endfacet
  facet normal 0.70635 0.0462931 0.706347
    outer loop
      vertex 6.19653 -11.1842 11.25
      vertex 5.45295 -11.2821 12
      vertex 5.5 -12 12
    endloop
  endfacet
  facet normal -0.227546 -0.670299 0.706344
    outer loop
      vertex -2.10476 -17.0813 12
      vertex -2.39177 -17.7742 11.25
      vertex -1.61762 -18.037 11.25
    endloop
  endfacet
  facet normal 0.227544 0.670294 -0.706349
    outer loop
      vertex 2.10476 -6.91866 0
      vertex 2.05931 -6.8295 0.0699675
      vertex 2.1763 -6.74593 0.186959
    endloop
  endfacet
  facet normal -0.70635 0.0462931 0.706347
    outer loop
      vertex -5.45295 -11.2821 12
      vertex -6.19653 -11.1842 11.25
      vertex -5.5 -12 12
    endloop
  endfacet
  facet normal 0.694264 -0.138099 0.706347
    outer loop
      vertex 6.19653 -12.8158 11.25
      vertex 5.45295 -12.7179 12
      vertex 6.03704 -13.6176 11.25
    endloop
  endfacet
  facet normal 0.138101 -0.694255 -0.706356
    outer loop
      vertex 0.815788 -18.1965 0.75
      vertex 0.717894 -17.4529 0
      vertex 1.61762 -18.037 0.75
    endloop
  endfacet
  facet normal 0.532172 -0.466745 0.706358
    outer loop
      vertex 4.95846 -15.8048 11.25
      vertex 4.36344 -15.3482 12
      vertex 4.41942 -16.4194 11.25
    endloop
  endfacet
  facet normal 0.0463417 -0.706336 -0.706358
    outer loop
      vertex 0.815788 -18.1965 0.75
      vertex 0 -17.5 0
      vertex 0.717894 -17.4529 0
    endloop
  endfacet
  facet normal 0.706349 -0.0462962 -0.706349
    outer loop
      vertex 6.19653 -12.8158 0.75
      vertex 5.5 -12 0
      vertex 6.25 -12 0.75
    endloop
  endfacet
  facet normal 0.227608 0.670451 0.70618
    outer loop
      vertex 2.05931 -6.8295 11.93
      vertex 1.98935 -6.87948 12
      vertex 2.10476 -6.91866 12
    endloop
  endfacet
  facet normal 0.5322 0.466725 0.70635
    outer loop
      vertex 4.41942 -7.58058 11.25
      vertex 4.36344 -8.65181 12
      vertex 4.95846 -8.19524 11.25
    endloop
  endfacet
  facet normal -0.946932 0.321434 -9.61459e-19
    outer loop
      vertex -6.03704 -10.3824 0.75
      vertex -5.77425 -9.60823 11.25
      vertex -5.77425 -9.60823 0.75
    endloop
  endfacet
  facet normal -0.946932 0.321434 -9.61459e-19
    outer loop
      vertex -5.77425 -9.60823 11.25
      vertex -6.03704 -10.3824 0.75
      vertex -6.03704 -10.3824 11.25
    endloop
  endfacet
  facet normal -0.670299 0.227529 -0.706349
    outer loop
      vertex -5.31259 -10.5765 0
      vertex -6.03704 -10.3824 0.75
      vertex -5.08134 -9.89524 0
    endloop
  endfacet
  facet normal 0.321452 -0.946926 0
    outer loop
      vertex 1.61762 -18.037 0.75
      vertex 2.39177 -17.7742 11.25
      vertex 1.61762 -18.037 11.25
    endloop
  endfacet
  facet normal 0.321452 -0.946926 0
    outer loop
      vertex 2.39177 -17.7742 11.25
      vertex 1.61762 -18.037 0.75
      vertex 2.39177 -17.7742 0.75
    endloop
  endfacet
  facet normal -0.670303 -0.227517 0.70635
    outer loop
      vertex -5.31259 -13.4235 12
      vertex -6.03704 -13.6176 11.25
      vertex -5.08134 -14.1048 12
    endloop
  endfacet
  facet normal -0.393249 -0.588541 -0.706382
    outer loop
      vertex -3.125 -17.4127 0.75
      vertex -3.80476 -16.9585 0.75
      vertex -3.34819 -16.3634 0
    endloop
  endfacet
  facet normal 0.555569 -0.83147 0
    outer loop
      vertex 3.125 -17.4127 0.75
      vertex 3.80476 -16.9585 11.25
      vertex 3.125 -17.4127 11.25
    endloop
  endfacet
  facet normal 0.555569 -0.83147 0
    outer loop
      vertex 3.80476 -16.9585 11.25
      vertex 3.125 -17.4127 0.75
      vertex 3.80476 -16.9585 0.75
    endloop
  endfacet
  facet normal 0.138051 -0.694294 -0.706327
    outer loop
      vertex 1.61762 -18.037 0.75
      vertex 0.717894 -17.4529 0
      vertex 1.4235 -17.3126 0
    endloop
  endfacet
  facet normal 0.588571 -0.393247 -0.706357
    outer loop
      vertex 4.95846 -15.8048 0.75
      vertex 4.36344 -15.3482 0
      vertex 5.41266 -15.125 0.75
    endloop
  endfacet
  facet normal -0.227372 0.670416 0.706289
    outer loop
      vertex -2.05931 -6.8295 11.93
      vertex -2.17631 -6.74592 11.813
      vertex -2.10476 -6.91866 12
    endloop
  endfacet
  facet normal 0.532204 0.466724 0.706348
    outer loop
      vertex 4.41942 -7.58058 11.25
      vertex 3.88909 -8.11091 12
      vertex 4.36344 -8.65181 12
    endloop
  endfacet
  facet normal 0.706349 0.0462962 0.706349
    outer loop
      vertex 6.19653 -11.1842 11.25
      vertex 5.5 -12 12
      vertex 6.25 -12 11.25
    endloop
  endfacet
  facet normal 0.313082 0.634863 0.706349
    outer loop
      vertex 3.125 -6.58734 11.25
      vertex 2.10476 -6.91866 12
      vertex 2.75 -7.23686 12
    endloop
  endfacet
  facet normal 0.555569 0.83147 -0
    outer loop
      vertex 3.80476 -7.04154 0.75
      vertex 3.125 -6.58734 11.25
      vertex 3.80476 -7.04154 11.25
    endloop
  endfacet
  facet normal 0.555569 0.83147 0
    outer loop
      vertex 3.125 -6.58734 11.25
      vertex 3.80476 -7.04154 0.75
      vertex 3.125 -6.58734 0.75
    endloop
  endfacet
  facet normal -0.694264 0.138099 0.706347
    outer loop
      vertex -6.03704 -10.3824 11.25
      vertex -6.19653 -11.1842 11.25
      vertex -5.45295 -11.2821 12
    endloop
  endfacet
  facet normal 0.634861 -0.313093 0.706346
    outer loop
      vertex 5.77425 -14.3918 11.25
      vertex 5.08134 -14.1048 12
      vertex 5.41266 -15.125 11.25
    endloop
  endfacet
  facet normal -0.70635 0.0462931 -0.706347
    outer loop
      vertex -5.5 -12 0
      vertex -6.19653 -11.1842 0.75
      vertex -5.45295 -11.2821 0
    endloop
  endfacet
  facet normal -0.69426 -0.138104 0.70635
    outer loop
      vertex -5.45295 -12.7179 12
      vertex -6.03704 -13.6176 11.25
      vertex -5.31259 -13.4235 12
    endloop
  endfacet
  facet normal 0.313067 -0.634832 -0.706383
    outer loop
      vertex 3.125 -17.4127 0.75
      vertex 2.10476 -17.0813 0
      vertex 2.75 -16.7631 0
    endloop
  endfacet
  facet normal -0.0463417 -0.706336 0.706358
    outer loop
      vertex -0.717894 -17.4529 12
      vertex -0.815788 -18.1965 11.25
      vertex 0 -17.5 12
    endloop
  endfacet
  facet normal 0.195097 -0.980784 0
    outer loop
      vertex 0.815788 -18.1965 0.75
      vertex 1.61762 -18.037 11.25
      vertex 0.815788 -18.1965 11.25
    endloop
  endfacet
  facet normal 0.195097 -0.980784 0
    outer loop
      vertex 1.61762 -18.037 11.25
      vertex 0.815788 -18.1965 0.75
      vertex 1.61762 -18.037 0.75
    endloop
  endfacet
  facet normal -0.442201 -0.896916 0
    outer loop
      vertex -3.125 -17.4127 0.75
      vertex -2.39177 -17.7742 11.25
      vertex -3.125 -17.4127 11.25
    endloop
  endfacet
  facet normal -0.442201 -0.896916 -0
    outer loop
      vertex -2.39177 -17.7742 11.25
      vertex -3.125 -17.4127 0.75
      vertex -2.39177 -17.7742 0.75
    endloop
  endfacet
  facet normal 0.634861 -0.313093 -0.706346
    outer loop
      vertex 5.41266 -15.125 0.75
      vertex 5.08134 -14.1048 0
      vertex 5.77425 -14.3918 0.75
    endloop
  endfacet
  facet normal 0.0463228 -0.706348 0.706348
    outer loop
      vertex 0 -17.5 12
      vertex 0 -18.25 11.25
      vertex 0.815788 -18.1965 11.25
    endloop
  endfacet
  facet normal -0.393267 0.588567 -0.70635
    outer loop
      vertex -3.34819 -7.63656 0
      vertex -3.80476 -7.04154 0.75
      vertex -3.125 -6.58734 0.75
    endloop
  endfacet
  facet normal 0.634863 0.313082 -0.706349
    outer loop
      vertex 5.08134 -9.89524 0
      vertex 4.76314 -9.25 0
      vertex 5.41266 -8.875 0.75
    endloop
  endfacet
  facet normal 0.896872 0.44229 3.11967e-18
    outer loop
      vertex 5.77425 -9.60823 11.25
      vertex 5.41266 -8.875 0.75
      vertex 5.41266 -8.875 11.25
    endloop
  endfacet
  facet normal 0.896872 0.44229 3.11967e-18
    outer loop
      vertex 5.41266 -8.875 0.75
      vertex 5.77425 -9.60823 11.25
      vertex 5.77425 -9.60823 0.75
    endloop
  endfacet
  facet normal 0.466725 0.5322 0.70635
    outer loop
      vertex 3.80476 -7.04154 11.25
      vertex 3.34819 -7.63656 12
      vertex 4.41942 -7.58058 11.25
    endloop
  endfacet
  facet normal 0.634864 0.313081 0.706348
    outer loop
      vertex 5.41266 -8.875 11.25
      vertex 5.08134 -9.89524 12
      vertex 5.77425 -9.60823 11.25
    endloop
  endfacet
  facet normal 0.634863 0.313082 0.706349
    outer loop
      vertex 5.41266 -8.875 11.25
      vertex 4.76314 -9.25 12
      vertex 5.08134 -9.89524 12
    endloop
  endfacet
  facet normal 0.313069 0.634846 0.706369
    outer loop
      vertex 2.17631 -6.74593 11.813
      vertex 3.125 -6.58734 11.25
      vertex 2.73933 -6.39715 11.25
    endloop
  endfacet
  facet normal 0.312995 0.634979 0.706282
    outer loop
      vertex 3.125 -6.58734 11.25
      vertex 2.17631 -6.74593 11.813
      vertex 2.10476 -6.91866 12
    endloop
  endfacet
  facet normal -0.69426 0.138104 0.70635
    outer loop
      vertex -5.31259 -10.5765 12
      vertex -6.03704 -10.3824 11.25
      vertex -5.45295 -11.2821 12
    endloop
  endfacet
  facet normal -0.980785 0.195093 1.29307e-18
    outer loop
      vertex -6.19653 -11.1842 0.75
      vertex -6.03704 -10.3824 11.25
      vertex -6.03704 -10.3824 0.75
    endloop
  endfacet
  facet normal -0.980785 0.195093 1.29307e-18
    outer loop
      vertex -6.03704 -10.3824 11.25
      vertex -6.19653 -11.1842 0.75
      vertex -6.19653 -11.1842 11.25
    endloop
  endfacet
  facet normal 0.670303 -0.227517 0.70635
    outer loop
      vertex 5.31259 -13.4235 12
      vertex 5.08134 -14.1048 12
      vertex 6.03704 -13.6176 11.25
    endloop
  endfacet
  facet normal -0.6703 0.227531 -0.706348
    outer loop
      vertex -5.08134 -9.89524 0
      vertex -6.03704 -10.3824 0.75
      vertex -5.77425 -9.60823 0.75
    endloop
  endfacet
  facet normal -0.634864 0.313081 -0.706348
    outer loop
      vertex -5.08134 -9.89524 0
      vertex -5.77425 -9.60823 0.75
      vertex -5.41266 -8.875 0.75
    endloop
  endfacet
  facet normal -0.997859 -0.0654027 2.32867e-19
    outer loop
      vertex -6.19653 -12.8158 0.75
      vertex -6.25 -12 11.25
      vertex -6.25 -12 0.75
    endloop
  endfacet
  facet normal -0.997859 -0.0654027 2.32867e-19
    outer loop
      vertex -6.25 -12 11.25
      vertex -6.19653 -12.8158 0.75
      vertex -6.19653 -12.8158 11.25
    endloop
  endfacet
  facet normal -0.670304 -0.227524 0.706346
    outer loop
      vertex -5.08134 -14.1048 12
      vertex -6.03704 -13.6176 11.25
      vertex -5.77425 -14.3918 11.25
    endloop
  endfacet
  facet normal -0.670304 -0.227524 -0.706346
    outer loop
      vertex -5.77425 -14.3918 0.75
      vertex -6.03704 -13.6176 0.75
      vertex -5.08134 -14.1048 0
    endloop
  endfacet
  facet normal -0.694264 -0.138099 0.706347
    outer loop
      vertex -5.45295 -12.7179 12
      vertex -6.19653 -12.8158 11.25
      vertex -6.03704 -13.6176 11.25
    endloop
  endfacet
  facet normal -0.588571 -0.393247 0.706357
    outer loop
      vertex -4.36344 -15.3482 12
      vertex -5.41266 -15.125 11.25
      vertex -4.95846 -15.8048 11.25
    endloop
  endfacet
  facet normal -0.313019 -0.634897 0.706346
    outer loop
      vertex -2.10476 -17.0813 12
      vertex -3.125 -17.4127 11.25
      vertex -2.39177 -17.7742 11.25
    endloop
  endfacet
  facet normal -0.393249 -0.588541 0.706382
    outer loop
      vertex -3.34819 -16.3634 12
      vertex -3.80476 -16.9585 11.25
      vertex -3.125 -17.4127 11.25
    endloop
  endfacet
  facet normal 0.70635 -0.0462931 -0.706347
    outer loop
      vertex 6.19653 -12.8158 0.75
      vertex 5.45295 -12.7179 0
      vertex 5.5 -12 0
    endloop
  endfacet
  facet normal 0.466704 -0.532237 -0.706336
    outer loop
      vertex 4.41942 -16.4194 0.75
      vertex 3.34819 -16.3634 0
      vertex 3.88909 -15.8891 0
    endloop
  endfacet
  facet normal 0.393249 -0.588541 -0.706382
    outer loop
      vertex 3.80476 -16.9585 0.75
      vertex 3.125 -17.4127 0.75
      vertex 3.34819 -16.3634 0
    endloop
  endfacet
  facet normal 0.466737 -0.532154 -0.706377
    outer loop
      vertex 3.80476 -16.9585 0.75
      vertex 3.34819 -16.3634 0
      vertex 4.41942 -16.4194 0.75
    endloop
  endfacet
  facet normal 0.442201 -0.896916 0
    outer loop
      vertex 2.39177 -17.7742 0.75
      vertex 3.125 -17.4127 11.25
      vertex 2.39177 -17.7742 11.25
    endloop
  endfacet
  facet normal 0.442201 -0.896916 0
    outer loop
      vertex 3.125 -17.4127 11.25
      vertex 2.39177 -17.7742 0.75
      vertex 3.125 -17.4127 0.75
    endloop
  endfacet
  facet normal 0.227546 -0.670299 0.706344
    outer loop
      vertex 2.10476 -17.0813 12
      vertex 1.61762 -18.037 11.25
      vertex 2.39177 -17.7742 11.25
    endloop
  endfacet
  facet normal 0.0654402 -0.997856 0
    outer loop
      vertex 0 -18.25 0.75
      vertex 0.815788 -18.1965 11.25
      vertex 0 -18.25 11.25
    endloop
  endfacet
  facet normal 0.0654402 -0.997856 0
    outer loop
      vertex 0.815788 -18.1965 11.25
      vertex 0 -18.25 0.75
      vertex 0.815788 -18.1965 0.75
    endloop
  endfacet
  facet normal -0.0654402 -0.997856 0
    outer loop
      vertex -0.815788 -18.1965 0.75
      vertex 0 -18.25 11.25
      vertex -0.815788 -18.1965 11.25
    endloop
  endfacet
  facet normal -0.0654402 -0.997856 -0
    outer loop
      vertex 0 -18.25 11.25
      vertex -0.815788 -18.1965 0.75
      vertex 0 -18.25 0.75
    endloop
  endfacet
  facet normal -0.831485 -0.555547 -1.6545e-18
    outer loop
      vertex -4.95846 -15.8048 0.75
      vertex -5.41266 -15.125 11.25
      vertex -5.41266 -15.125 0.75
    endloop
  endfacet
  facet normal -0.831485 -0.555547 -1.6545e-18
    outer loop
      vertex -5.41266 -15.125 11.25
      vertex -4.95846 -15.8048 0.75
      vertex -4.95846 -15.8048 11.25
    endloop
  endfacet
  facet normal -0.980785 -0.195093 -1.29307e-18
    outer loop
      vertex -6.03704 -13.6176 0.75
      vertex -6.19653 -12.8158 11.25
      vertex -6.19653 -12.8158 0.75
    endloop
  endfacet
  facet normal -0.980785 -0.195093 -1.29307e-18
    outer loop
      vertex -6.19653 -12.8158 11.25
      vertex -6.03704 -13.6176 0.75
      vertex -6.03704 -13.6176 11.25
    endloop
  endfacet
  facet normal -0.321452 -0.946926 0
    outer loop
      vertex -2.39177 -17.7742 0.75
      vertex -1.61762 -18.037 11.25
      vertex -2.39177 -17.7742 11.25
    endloop
  endfacet
  facet normal -0.321452 -0.946926 -0
    outer loop
      vertex -1.61762 -18.037 11.25
      vertex -2.39177 -17.7742 0.75
      vertex -1.61762 -18.037 0.75
    endloop
  endfacet
  facet normal 0.980785 -0.195093 1.29307e-18
    outer loop
      vertex 6.03704 -13.6176 11.25
      vertex 6.19653 -12.8158 0.75
      vertex 6.19653 -12.8158 11.25
    endloop
  endfacet
  facet normal 0.980785 -0.195093 1.29307e-18
    outer loop
      vertex 6.19653 -12.8158 0.75
      vertex 6.03704 -13.6176 11.25
      vertex 6.03704 -13.6176 0.75
    endloop
  endfacet
  facet normal 0.634854 -0.313098 0.70635
    outer loop
      vertex 5.08134 -14.1048 12
      vertex 4.76314 -14.75 12
      vertex 5.41266 -15.125 11.25
    endloop
  endfacet
  facet normal 0.659386 -0.751805 0
    outer loop
      vertex 3.80476 -16.9585 0.75
      vertex 4.41942 -16.4194 11.25
      vertex 3.80476 -16.9585 11.25
    endloop
  endfacet
  facet normal 0.659386 -0.751805 0
    outer loop
      vertex 4.41942 -16.4194 11.25
      vertex 3.80476 -16.9585 0.75
      vertex 4.41942 -16.4194 0.75
    endloop
  endfacet
  facet normal 0.393252 -0.58854 0.70638
    outer loop
      vertex 3.34819 -16.3634 12
      vertex 2.75 -16.7631 12
      vertex 3.125 -17.4127 11.25
    endloop
  endfacet
  facet normal 0.313019 -0.634897 0.706346
    outer loop
      vertex 3.125 -17.4127 11.25
      vertex 2.10476 -17.0813 12
      vertex 2.39177 -17.7742 11.25
    endloop
  endfacet
  facet normal -0.0463228 -0.706348 0.706348
    outer loop
      vertex 0 -17.5 12
      vertex -0.815788 -18.1965 11.25
      vertex 0 -18.25 11.25
    endloop
  endfacet
  facet normal -0.6703 0.227531 0.706348
    outer loop
      vertex -5.77425 -9.60823 11.25
      vertex -6.03704 -10.3824 11.25
      vertex -5.08134 -9.89524 12
    endloop
  endfacet
  facet normal 0.706349 0.0462962 -0.706349
    outer loop
      vertex 6.25 -12 0.75
      vertex 5.5 -12 0
      vertex 6.19653 -11.1842 0.75
    endloop
  endfacet
  facet normal 0.588567 0.393267 0.70635
    outer loop
      vertex 4.95846 -8.19524 11.25
      vertex 4.36344 -8.65181 12
      vertex 5.41266 -8.875 11.25
    endloop
  endfacet
  facet normal 0.694264 0.138099 0.706347
    outer loop
      vertex 6.03704 -10.3824 11.25
      vertex 5.45295 -11.2821 12
      vertex 6.19653 -11.1842 11.25
    endloop
  endfacet
  facet normal 0.946932 0.321434 9.61459e-19
    outer loop
      vertex 6.03704 -10.3824 11.25
      vertex 5.77425 -9.60823 0.75
      vertex 5.77425 -9.60823 11.25
    endloop
  endfacet
  facet normal 0.946932 0.321434 9.61459e-19
    outer loop
      vertex 5.77425 -9.60823 0.75
      vertex 6.03704 -10.3824 11.25
      vertex 6.03704 -10.3824 0.75
    endloop
  endfacet
  facet normal -0.313072 0.634851 0.706364
    outer loop
      vertex -3.125 -6.58734 11.25
      vertex -2.17631 -6.74592 11.813
      vertex -2.73933 -6.39715 11.25
    endloop
  endfacet
  facet normal -0.313016 0.634951 0.706298
    outer loop
      vertex -2.17631 -6.74592 11.813
      vertex -3.125 -6.58734 11.25
      vertex -2.10476 -6.91866 12
    endloop
  endfacet
  facet normal -0.588566 0.39327 -0.706349
    outer loop
      vertex -4.76314 -9.25 0
      vertex -5.41266 -8.875 0.75
      vertex -4.36344 -8.65181 0
    endloop
  endfacet
  facet normal -0.588566 0.39327 0.706349
    outer loop
      vertex -4.36344 -8.65181 12
      vertex -5.41266 -8.875 11.25
      vertex -4.76314 -9.25 12
    endloop
  endfacet
  facet normal -0.751841 0.659344 2.50395e-18
    outer loop
      vertex -4.95846 -8.19524 0.75
      vertex -4.41942 -7.58058 11.25
      vertex -4.41942 -7.58058 0.75
    endloop
  endfacet
  facet normal -0.751841 0.659344 2.50395e-18
    outer loop
      vertex -4.41942 -7.58058 11.25
      vertex -4.95846 -8.19524 0.75
      vertex -4.95846 -8.19524 11.25
    endloop
  endfacet
  facet normal -0.706349 -0.0462962 -0.706349
    outer loop
      vertex -6.19653 -12.8158 0.75
      vertex -6.25 -12 0.75
      vertex -5.5 -12 0
    endloop
  endfacet
  facet normal -0.997859 0.0654027 -2.32867e-19
    outer loop
      vertex -6.25 -12 0.75
      vertex -6.19653 -11.1842 11.25
      vertex -6.19653 -11.1842 0.75
    endloop
  endfacet
  facet normal -0.997859 0.0654027 -2.32867e-19
    outer loop
      vertex -6.19653 -11.1842 11.25
      vertex -6.25 -12 0.75
      vertex -6.25 -12 11.25
    endloop
  endfacet
  facet normal -0.70635 -0.0462931 0.706347
    outer loop
      vertex -5.5 -12 12
      vertex -6.19653 -12.8158 11.25
      vertex -5.45295 -12.7179 12
    endloop
  endfacet
  facet normal -0.634861 -0.313093 0.706346
    outer loop
      vertex -5.08134 -14.1048 12
      vertex -5.77425 -14.3918 11.25
      vertex -5.41266 -15.125 11.25
    endloop
  endfacet
  facet normal -0.138101 -0.694255 0.706356
    outer loop
      vertex -0.717894 -17.4529 12
      vertex -1.61762 -18.037 11.25
      vertex -0.815788 -18.1965 11.25
    endloop
  endfacet
  facet normal -0.634854 -0.313098 0.70635
    outer loop
      vertex -5.08134 -14.1048 12
      vertex -5.41266 -15.125 11.25
      vertex -4.76314 -14.75 12
    endloop
  endfacet
  facet normal -0.532172 -0.466745 0.706358
    outer loop
      vertex -4.36344 -15.3482 12
      vertex -4.95846 -15.8048 11.25
      vertex -4.41942 -16.4194 11.25
    endloop
  endfacet
  facet normal 0.896865 -0.442304 -9.47299e-21
    outer loop
      vertex 5.41266 -15.125 11.25
      vertex 5.77425 -14.3918 0.75
      vertex 5.77425 -14.3918 11.25
    endloop
  endfacet
  facet normal 0.896865 -0.442304 -9.47299e-21
    outer loop
      vertex 5.77425 -14.3918 0.75
      vertex 5.41266 -15.125 11.25
      vertex 5.41266 -15.125 0.75
    endloop
  endfacet
  facet normal 0.532211 -0.46673 0.706339
    outer loop
      vertex 4.36344 -15.3482 12
      vertex 3.88909 -15.8891 12
      vertex 4.41942 -16.4194 11.25
    endloop
  endfacet
  facet normal 0.634854 -0.313098 -0.70635
    outer loop
      vertex 5.41266 -15.125 0.75
      vertex 4.76314 -14.75 0
      vertex 5.08134 -14.1048 0
    endloop
  endfacet
  facet normal 0.532172 -0.466745 -0.706358
    outer loop
      vertex 4.41942 -16.4194 0.75
      vertex 4.36344 -15.3482 0
      vertex 4.95846 -15.8048 0.75
    endloop
  endfacet
  facet normal 0.313019 -0.634897 -0.706346
    outer loop
      vertex 2.39177 -17.7742 0.75
      vertex 2.10476 -17.0813 0
      vertex 3.125 -17.4127 0.75
    endloop
  endfacet
  facet normal 0.227546 -0.670299 -0.706344
    outer loop
      vertex 2.39177 -17.7742 0.75
      vertex 1.61762 -18.037 0.75
      vertex 2.10476 -17.0813 0
    endloop
  endfacet
  facet normal -0.393252 -0.58854 -0.70638
    outer loop
      vertex -3.125 -17.4127 0.75
      vertex -3.34819 -16.3634 0
      vertex -2.75 -16.7631 0
    endloop
  endfacet
  facet normal -0.227546 -0.670299 -0.706344
    outer loop
      vertex -1.61762 -18.037 0.75
      vertex -2.39177 -17.7742 0.75
      vertex -2.10476 -17.0813 0
    endloop
  endfacet
  facet normal -0.659386 -0.751805 0
    outer loop
      vertex -4.41942 -16.4194 0.75
      vertex -3.80476 -16.9585 11.25
      vertex -4.41942 -16.4194 11.25
    endloop
  endfacet
  facet normal -0.659386 -0.751805 -0
    outer loop
      vertex -3.80476 -16.9585 11.25
      vertex -4.41942 -16.4194 0.75
      vertex -3.80476 -16.9585 0.75
    endloop
  endfacet
  facet normal -0.694264 -0.138099 -0.706347
    outer loop
      vertex -6.03704 -13.6176 0.75
      vertex -6.19653 -12.8158 0.75
      vertex -5.45295 -12.7179 0
    endloop
  endfacet
  facet normal -0.706349 0.0462962 -0.706349
    outer loop
      vertex -5.5 -12 0
      vertex -6.25 -12 0.75
      vertex -6.19653 -11.1842 0.75
    endloop
  endfacet
  facet normal -0.694264 0.138099 -0.706347
    outer loop
      vertex -5.45295 -11.2821 0
      vertex -6.19653 -11.1842 0.75
      vertex -6.03704 -10.3824 0.75
    endloop
  endfacet
  facet normal -0.69426 0.138104 -0.70635
    outer loop
      vertex -5.45295 -11.2821 0
      vertex -6.03704 -10.3824 0.75
      vertex -5.31259 -10.5765 0
    endloop
  endfacet
  facet normal -0.555569 -0.83147 0
    outer loop
      vertex -3.80476 -16.9585 0.75
      vertex -3.125 -17.4127 11.25
      vertex -3.80476 -16.9585 11.25
    endloop
  endfacet
  facet normal -0.555569 -0.83147 -0
    outer loop
      vertex -3.125 -17.4127 11.25
      vertex -3.80476 -16.9585 0.75
      vertex -3.125 -17.4127 0.75
    endloop
  endfacet
  facet normal -0.0463417 -0.706336 -0.706358
    outer loop
      vertex 0 -17.5 0
      vertex -0.815788 -18.1965 0.75
      vertex -0.717894 -17.4529 0
    endloop
  endfacet
  facet normal 0.670304 -0.227524 0.706346
    outer loop
      vertex 6.03704 -13.6176 11.25
      vertex 5.08134 -14.1048 12
      vertex 5.77425 -14.3918 11.25
    endloop
  endfacet
  facet normal 0.588571 -0.393247 0.706357
    outer loop
      vertex 5.41266 -15.125 11.25
      vertex 4.36344 -15.3482 12
      vertex 4.95846 -15.8048 11.25
    endloop
  endfacet
  facet normal 0.393249 -0.588541 0.706382
    outer loop
      vertex 3.34819 -16.3634 12
      vertex 3.125 -17.4127 11.25
      vertex 3.80476 -16.9585 11.25
    endloop
  endfacet
  facet normal 0.0463417 -0.706336 0.706358
    outer loop
      vertex 0.717894 -17.4529 12
      vertex 0 -17.5 12
      vertex 0.815788 -18.1965 11.25
    endloop
  endfacet
  facet normal -0.313082 0.634863 0.706349
    outer loop
      vertex -2.10476 -6.91866 12
      vertex -3.125 -6.58734 11.25
      vertex -2.75 -7.23686 12
    endloop
  endfacet
  facet normal -0.588567 0.393267 0.70635
    outer loop
      vertex -4.95846 -8.19524 11.25
      vertex -5.41266 -8.875 11.25
      vertex -4.36344 -8.65181 12
    endloop
  endfacet
  facet normal 0.70635 0.0462931 -0.706347
    outer loop
      vertex 5.5 -12 0
      vertex 5.45295 -11.2821 0
      vertex 6.19653 -11.1842 0.75
    endloop
  endfacet
  facet normal 0.83147 0.555569 2.14399e-18
    outer loop
      vertex 5.41266 -8.875 11.25
      vertex 4.95846 -8.19524 0.75
      vertex 4.95846 -8.19524 11.25
    endloop
  endfacet
  facet normal 0.83147 0.555569 2.14399e-18
    outer loop
      vertex 4.95846 -8.19524 0.75
      vertex 5.41266 -8.875 11.25
      vertex 5.41266 -8.875 0.75
    endloop
  endfacet
  facet normal 0.39327 0.588566 -0.706349
    outer loop
      vertex 3.34819 -7.63656 0
      vertex 2.75 -7.23686 0
      vertex 3.125 -6.58734 0.75
    endloop
  endfacet
  facet normal 0.588566 0.39327 0.706349
    outer loop
      vertex 5.41266 -8.875 11.25
      vertex 4.36344 -8.65181 12
      vertex 4.76314 -9.25 12
    endloop
  endfacet
  facet normal 0.69426 0.138104 0.70635
    outer loop
      vertex 6.03704 -10.3824 11.25
      vertex 5.31259 -10.5765 12
      vertex 5.45295 -11.2821 12
    endloop
  endfacet
  facet normal 0.670299 0.227529 0.706349
    outer loop
      vertex 6.03704 -10.3824 11.25
      vertex 5.08134 -9.89524 12
      vertex 5.31259 -10.5765 12
    endloop
  endfacet
  facet normal 0.442286 0.896874 1.2599e-05
    outer loop
      vertex 3.125 -6.58734 11.25
      vertex 3.05 -6.55035 10.9393
      vertex 2.73933 -6.39715 11.25
    endloop
  endfacet
  facet normal 0.442328 0.896853 -2.35569e-19
    outer loop
      vertex 3.125 -6.58734 11.25
      vertex 3.05 -6.55035 1.06065
      vertex 3.05 -6.55035 10.9393
    endloop
  endfacet
  facet normal 0.442328 0.896853 -0
    outer loop
      vertex 3.125 -6.58734 0.75
      vertex 3.05 -6.55035 1.06065
      vertex 3.125 -6.58734 11.25
    endloop
  endfacet
  facet normal 0.442286 0.896874 -1.2678e-05
    outer loop
      vertex 3.05 -6.55035 1.06065
      vertex 3.125 -6.58734 0.75
      vertex 2.73935 -6.39716 0.75
    endloop
  endfacet
  facet normal 0.227555 0.670296 -0.706344
    outer loop
      vertex 2.10476 -6.91866 0
      vertex 1.98935 -6.87948 0
      vertex 2.05931 -6.8295 0.0699675
    endloop
  endfacet
  facet normal -0.442286 0.896874 -1.63616e-06
    outer loop
      vertex -3.04999 -6.55035 10.9393
      vertex -3.125 -6.58734 11.25
      vertex -2.73933 -6.39715 11.25
    endloop
  endfacet
  facet normal -0.442281 0.896877 0
    outer loop
      vertex -3.04999 -6.55035 1.06065
      vertex -3.125 -6.58734 11.25
      vertex -3.04999 -6.55035 10.9393
    endloop
  endfacet
  facet normal -0.442281 0.896877 -2.04243e-19
    outer loop
      vertex -3.04999 -6.55035 1.06065
      vertex -3.125 -6.58734 0.75
      vertex -3.125 -6.58734 11.25
    endloop
  endfacet
  facet normal -0.442295 0.896869 4.40555e-06
    outer loop
      vertex -3.125 -6.58734 0.75
      vertex -3.04999 -6.55035 1.06065
      vertex -2.73934 -6.39715 0.75
    endloop
  endfacet
  facet normal -0.227543 0.670317 -0.706328
    outer loop
      vertex -1.98934 -6.87948 0
      vertex -2.10476 -6.91866 0
      vertex -2.05931 -6.8295 0.0699727
    endloop
  endfacet
  facet normal -0.313079 0.634867 -0.706347
    outer loop
      vertex -3.125 -6.58734 0.75
      vertex -2.17631 -6.74592 0.186973
      vertex -2.10476 -6.91866 0
    endloop
  endfacet
  facet normal -0.313084 0.634859 -0.706352
    outer loop
      vertex -2.17631 -6.74592 0.186973
      vertex -3.125 -6.58734 0.75
      vertex -2.73934 -6.39715 0.75
    endloop
  endfacet
  facet normal 0.227408 0.670421 0.706272
    outer loop
      vertex 2.17631 -6.74593 11.813
      vertex 2.05931 -6.8295 11.93
      vertex 2.10476 -6.91866 12
    endloop
  endfacet
  facet normal 0.393267 0.588567 0.70635
    outer loop
      vertex 3.80476 -7.04154 11.25
      vertex 3.125 -6.58734 11.25
      vertex 3.34819 -7.63656 12
    endloop
  endfacet
  facet normal 0.39327 0.588566 0.706349
    outer loop
      vertex 3.125 -6.58734 11.25
      vertex 2.75 -7.23686 12
      vertex 3.34819 -7.63656 12
    endloop
  endfacet
  facet normal -0.896872 0.44229 -3.11967e-18
    outer loop
      vertex -5.77425 -9.60823 0.75
      vertex -5.41266 -8.875 11.25
      vertex -5.41266 -8.875 0.75
    endloop
  endfacet
  facet normal -0.896872 0.44229 -3.11967e-18
    outer loop
      vertex -5.41266 -8.875 11.25
      vertex -5.77425 -9.60823 0.75
      vertex -5.77425 -9.60823 11.25
    endloop
  endfacet
  facet normal -0.532204 0.466724 -0.706348
    outer loop
      vertex -4.36344 -8.65181 0
      vertex -4.41942 -7.58058 0.75
      vertex -3.88909 -8.11091 0
    endloop
  endfacet
  facet normal -0.466725 0.5322 0.70635
    outer loop
      vertex -3.80476 -7.04154 11.25
      vertex -4.41942 -7.58058 11.25
      vertex -3.34819 -7.63656 12
    endloop
  endfacet
  facet normal -0.706349 -0.0462962 0.706349
    outer loop
      vertex -5.5 -12 12
      vertex -6.25 -12 11.25
      vertex -6.19653 -12.8158 11.25
    endloop
  endfacet
  facet normal -0.706349 0.0462962 0.706349
    outer loop
      vertex -6.19653 -11.1842 11.25
      vertex -6.25 -12 11.25
      vertex -5.5 -12 12
    endloop
  endfacet
  facet normal -0.466704 -0.532237 0.706336
    outer loop
      vertex -3.88909 -15.8891 12
      vertex -4.41942 -16.4194 11.25
      vertex -3.34819 -16.3634 12
    endloop
  endfacet
  facet normal -0.466737 -0.532154 0.706377
    outer loop
      vertex -3.34819 -16.3634 12
      vertex -4.41942 -16.4194 11.25
      vertex -3.80476 -16.9585 11.25
    endloop
  endfacet
  facet normal -0.195097 -0.980784 0
    outer loop
      vertex -1.61762 -18.037 0.75
      vertex -0.815788 -18.1965 11.25
      vertex -1.61762 -18.037 11.25
    endloop
  endfacet
  facet normal -0.195097 -0.980784 -0
    outer loop
      vertex -0.815788 -18.1965 11.25
      vertex -1.61762 -18.037 0.75
      vertex -0.815788 -18.1965 0.75
    endloop
  endfacet
  facet normal -0.588569 -0.393265 0.706349
    outer loop
      vertex -4.76314 -14.75 12
      vertex -5.41266 -15.125 11.25
      vertex -4.36344 -15.3482 12
    endloop
  endfacet
  facet normal 0.946936 -0.321422 7.46723e-19
    outer loop
      vertex 5.77425 -14.3918 11.25
      vertex 6.03704 -13.6176 0.75
      vertex 6.03704 -13.6176 11.25
    endloop
  endfacet
  facet normal 0.946936 -0.321422 7.46723e-19
    outer loop
      vertex 6.03704 -13.6176 0.75
      vertex 5.77425 -14.3918 11.25
      vertex 5.77425 -14.3918 0.75
    endloop
  endfacet
  facet normal 0.670304 -0.227524 -0.706346
    outer loop
      vertex 5.77425 -14.3918 0.75
      vertex 5.08134 -14.1048 0
      vertex 6.03704 -13.6176 0.75
    endloop
  endfacet
  facet normal 0.532211 -0.46673 -0.706339
    outer loop
      vertex 4.41942 -16.4194 0.75
      vertex 3.88909 -15.8891 0
      vertex 4.36344 -15.3482 0
    endloop
  endfacet
  facet normal 0.588569 -0.393265 -0.706349
    outer loop
      vertex 5.41266 -15.125 0.75
      vertex 4.36344 -15.3482 0
      vertex 4.76314 -14.75 0
    endloop
  endfacet
  facet normal 0.831485 -0.555547 1.6545e-18
    outer loop
      vertex 4.95846 -15.8048 11.25
      vertex 5.41266 -15.125 0.75
      vertex 5.41266 -15.125 11.25
    endloop
  endfacet
  facet normal 0.831485 -0.555547 1.6545e-18
    outer loop
      vertex 5.41266 -15.125 0.75
      vertex 4.95846 -15.8048 11.25
      vertex 4.95846 -15.8048 0.75
    endloop
  endfacet
  facet normal 0.751809 -0.659381 1.77149e-18
    outer loop
      vertex 4.41942 -16.4194 11.25
      vertex 4.95846 -15.8048 0.75
      vertex 4.95846 -15.8048 11.25
    endloop
  endfacet
  facet normal 0.751809 -0.659381 1.77149e-18
    outer loop
      vertex 4.95846 -15.8048 0.75
      vertex 4.41942 -16.4194 11.25
      vertex 4.41942 -16.4194 0.75
    endloop
  endfacet
  facet normal 0.22758 -0.670304 -0.706328
    outer loop
      vertex 1.61762 -18.037 0.75
      vertex 1.4235 -17.3126 0
      vertex 2.10476 -17.0813 0
    endloop
  endfacet
  facet normal 0.393252 -0.58854 -0.70638
    outer loop
      vertex 3.125 -17.4127 0.75
      vertex 2.75 -16.7631 0
      vertex 3.34819 -16.3634 0
    endloop
  endfacet
  facet normal -0.313067 -0.634832 -0.706383
    outer loop
      vertex -2.10476 -17.0813 0
      vertex -3.125 -17.4127 0.75
      vertex -2.75 -16.7631 0
    endloop
  endfacet
  facet normal -0.313019 -0.634897 -0.706346
    outer loop
      vertex -2.39177 -17.7742 0.75
      vertex -3.125 -17.4127 0.75
      vertex -2.10476 -17.0813 0
    endloop
  endfacet
  facet normal -0.751809 -0.659381 -1.77149e-18
    outer loop
      vertex -4.41942 -16.4194 0.75
      vertex -4.95846 -15.8048 11.25
      vertex -4.95846 -15.8048 0.75
    endloop
  endfacet
  facet normal -0.751809 -0.659381 -1.77149e-18
    outer loop
      vertex -4.95846 -15.8048 11.25
      vertex -4.41942 -16.4194 0.75
      vertex -4.41942 -16.4194 11.25
    endloop
  endfacet
  facet normal -0.532172 -0.466745 -0.706358
    outer loop
      vertex -4.41942 -16.4194 0.75
      vertex -4.95846 -15.8048 0.75
      vertex -4.36344 -15.3482 0
    endloop
  endfacet
  facet normal -0.69426 -0.138104 -0.70635
    outer loop
      vertex -5.31259 -13.4235 0
      vertex -6.03704 -13.6176 0.75
      vertex -5.45295 -12.7179 0
    endloop
  endfacet
  facet normal -0.466737 -0.532154 -0.706377
    outer loop
      vertex -3.80476 -16.9585 0.75
      vertex -4.41942 -16.4194 0.75
      vertex -3.34819 -16.3634 0
    endloop
  endfacet
  facet normal -0.466704 -0.532237 -0.706336
    outer loop
      vertex -3.34819 -16.3634 0
      vertex -4.41942 -16.4194 0.75
      vertex -3.88909 -15.8891 0
    endloop
  endfacet
  facet normal -0.22758 -0.670304 -0.706328
    outer loop
      vertex -1.61762 -18.037 0.75
      vertex -2.10476 -17.0813 0
      vertex -1.4235 -17.3126 0
    endloop
  endfacet
  facet normal 0.0463228 -0.706348 -0.706348
    outer loop
      vertex 0.815788 -18.1965 0.75
      vertex 0 -18.25 0.75
      vertex 0 -17.5 0
    endloop
  endfacet
  facet normal -0.0463228 -0.706348 -0.706348
    outer loop
      vertex 0 -18.25 0.75
      vertex -0.815788 -18.1965 0.75
      vertex 0 -17.5 0
    endloop
  endfacet
  facet normal 0.588569 -0.393265 0.706349
    outer loop
      vertex 4.76314 -14.75 12
      vertex 4.36344 -15.3482 12
      vertex 5.41266 -15.125 11.25
    endloop
  endfacet
  facet normal 0.466737 -0.532154 0.706377
    outer loop
      vertex 4.41942 -16.4194 11.25
      vertex 3.34819 -16.3634 12
      vertex 3.80476 -16.9585 11.25
    endloop
  endfacet
  facet normal 0.466704 -0.532237 0.706336
    outer loop
      vertex 3.88909 -15.8891 12
      vertex 3.34819 -16.3634 12
      vertex 4.41942 -16.4194 11.25
    endloop
  endfacet
  facet normal 0.138101 -0.694255 0.706356
    outer loop
      vertex 1.61762 -18.037 11.25
      vertex 0.717894 -17.4529 12
      vertex 0.815788 -18.1965 11.25
    endloop
  endfacet
  facet normal -0.227587 0.670448 0.70619
    outer loop
      vertex -2.05931 -6.8295 11.93
      vertex -2.10476 -6.91866 12
      vertex -1.98934 -6.87948 12
    endloop
  endfacet
  facet normal -0.466724 0.532204 0.706348
    outer loop
      vertex -3.34819 -7.63656 12
      vertex -4.41942 -7.58058 11.25
      vertex -3.88909 -8.11091 12
    endloop
  endfacet
  facet normal -0.634864 0.313081 0.706348
    outer loop
      vertex -5.41266 -8.875 11.25
      vertex -5.77425 -9.60823 11.25
      vertex -5.08134 -9.89524 12
    endloop
  endfacet
  facet normal -0.83147 0.555569 -2.14399e-18
    outer loop
      vertex -5.41266 -8.875 0.75
      vertex -4.95846 -8.19524 11.25
      vertex -4.95846 -8.19524 0.75
    endloop
  endfacet
  facet normal -0.83147 0.555569 -2.14399e-18
    outer loop
      vertex -4.95846 -8.19524 11.25
      vertex -5.41266 -8.875 0.75
      vertex -5.41266 -8.875 11.25
    endloop
  endfacet
  facet normal 0.694264 -0.138099 -0.706347
    outer loop
      vertex 6.03704 -13.6176 0.75
      vertex 5.45295 -12.7179 0
      vertex 6.19653 -12.8158 0.75
    endloop
  endfacet
  facet normal 0.69426 -0.138104 -0.70635
    outer loop
      vertex 6.03704 -13.6176 0.75
      vertex 5.31259 -13.4235 0
      vertex 5.45295 -12.7179 0
    endloop
  endfacet
  facet normal 0.751841 0.659344 -2.50395e-18
    outer loop
      vertex 4.95846 -8.19524 11.25
      vertex 4.41942 -7.58058 0.75
      vertex 4.41942 -7.58058 11.25
    endloop
  endfacet
  facet normal 0.751841 0.659344 -2.50395e-18
    outer loop
      vertex 4.41942 -7.58058 0.75
      vertex 4.95846 -8.19524 11.25
      vertex 4.95846 -8.19524 0.75
    endloop
  endfacet
  facet normal 0.659344 0.751841 -0
    outer loop
      vertex 4.41942 -7.58058 0.75
      vertex 3.80476 -7.04154 11.25
      vertex 4.41942 -7.58058 11.25
    endloop
  endfacet
  facet normal 0.659344 0.751841 0
    outer loop
      vertex 3.80476 -7.04154 11.25
      vertex 4.41942 -7.58058 0.75
      vertex 3.80476 -7.04154 0.75
    endloop
  endfacet
  facet normal 0.5322 0.466725 -0.70635
    outer loop
      vertex 4.95846 -8.19524 0.75
      vertex 4.36344 -8.65181 0
      vertex 4.41942 -7.58058 0.75
    endloop
  endfacet
  facet normal 0.980785 0.195093 -1.29307e-18
    outer loop
      vertex 6.19653 -11.1842 11.25
      vertex 6.03704 -10.3824 0.75
      vertex 6.03704 -10.3824 11.25
    endloop
  endfacet
  facet normal 0.980785 0.195093 -1.29307e-18
    outer loop
      vertex 6.03704 -10.3824 0.75
      vertex 6.19653 -11.1842 11.25
      vertex 6.19653 -11.1842 0.75
    endloop
  endfacet
  facet normal 0.997859 0.0654027 2.32867e-19
    outer loop
      vertex 6.25 -12 11.25
      vertex 6.19653 -11.1842 0.75
      vertex 6.19653 -11.1842 11.25
    endloop
  endfacet
  facet normal 0.997859 0.0654027 2.32867e-19
    outer loop
      vertex 6.19653 -11.1842 0.75
      vertex 6.25 -12 11.25
      vertex 6.25 -12 0.75
    endloop
  endfacet
  facet normal 0.6703 0.227531 -0.706348
    outer loop
      vertex 6.03704 -10.3824 0.75
      vertex 5.08134 -9.89524 0
      vertex 5.77425 -9.60823 0.75
    endloop
  endfacet
  facet normal 0.634864 0.313081 -0.706348
    outer loop
      vertex 5.77425 -9.60823 0.75
      vertex 5.08134 -9.89524 0
      vertex 5.41266 -8.875 0.75
    endloop
  endfacet
  facet normal -0.313082 0.634863 -0.706349
    outer loop
      vertex -2.75 -7.23686 0
      vertex -3.125 -6.58734 0.75
      vertex -2.10476 -6.91866 0
    endloop
  endfacet
  facet normal -0.227504 0.670312 -0.706346
    outer loop
      vertex -2.10476 -6.91866 0
      vertex -2.17631 -6.74592 0.186973
      vertex -2.05931 -6.8295 0.0699727
    endloop
  endfacet
  facet normal 0.466724 0.532204 0.706348
    outer loop
      vertex 4.41942 -7.58058 11.25
      vertex 3.34819 -7.63656 12
      vertex 3.88909 -8.11091 12
    endloop
  endfacet
  facet normal -0.634863 0.313082 -0.706349
    outer loop
      vertex -5.08134 -9.89524 0
      vertex -5.41266 -8.875 0.75
      vertex -4.76314 -9.25 0
    endloop
  endfacet
  facet normal -0.659344 0.751841 0
    outer loop
      vertex -3.80476 -7.04154 0.75
      vertex -4.41942 -7.58058 11.25
      vertex -3.80476 -7.04154 11.25
    endloop
  endfacet
  facet normal -0.659344 0.751841 0
    outer loop
      vertex -4.41942 -7.58058 11.25
      vertex -3.80476 -7.04154 0.75
      vertex -4.41942 -7.58058 0.75
    endloop
  endfacet
  facet normal -0.555569 0.83147 0
    outer loop
      vertex -3.125 -6.58734 0.75
      vertex -3.80476 -7.04154 11.25
      vertex -3.125 -6.58734 11.25
    endloop
  endfacet
  facet normal -0.555569 0.83147 0
    outer loop
      vertex -3.80476 -7.04154 11.25
      vertex -3.125 -6.58734 0.75
      vertex -3.80476 -7.04154 0.75
    endloop
  endfacet
  facet normal -0.588567 0.393267 -0.70635
    outer loop
      vertex -4.36344 -8.65181 0
      vertex -5.41266 -8.875 0.75
      vertex -4.95846 -8.19524 0.75
    endloop
  endfacet
  facet normal -0.5322 0.466725 -0.70635
    outer loop
      vertex -4.36344 -8.65181 0
      vertex -4.95846 -8.19524 0.75
      vertex -4.41942 -7.58058 0.75
    endloop
  endfacet
  facet normal -0.393252 -0.58854 0.70638
    outer loop
      vertex -2.75 -16.7631 12
      vertex -3.34819 -16.3634 12
      vertex -3.125 -17.4127 11.25
    endloop
  endfacet
  facet normal -0.313067 -0.634832 0.706383
    outer loop
      vertex -2.75 -16.7631 12
      vertex -3.125 -17.4127 11.25
      vertex -2.10476 -17.0813 12
    endloop
  endfacet
  facet normal -0.532211 -0.46673 0.706339
    outer loop
      vertex -4.36344 -15.3482 12
      vertex -4.41942 -16.4194 11.25
      vertex -3.88909 -15.8891 12
    endloop
  endfacet
  facet normal -0.22758 -0.670304 0.706328
    outer loop
      vertex -1.4235 -17.3126 12
      vertex -2.10476 -17.0813 12
      vertex -1.61762 -18.037 11.25
    endloop
  endfacet
  facet normal -0.138051 -0.694294 0.706327
    outer loop
      vertex -1.4235 -17.3126 12
      vertex -1.61762 -18.037 11.25
      vertex -0.717894 -17.4529 12
    endloop
  endfacet
  facet normal -0.138051 -0.694294 -0.706327
    outer loop
      vertex -0.717894 -17.4529 0
      vertex -1.61762 -18.037 0.75
      vertex -1.4235 -17.3126 0
    endloop
  endfacet
  facet normal -0.138101 -0.694255 -0.706356
    outer loop
      vertex -0.815788 -18.1965 0.75
      vertex -1.61762 -18.037 0.75
      vertex -0.717894 -17.4529 0
    endloop
  endfacet
  facet normal -0.896865 -0.442304 9.47299e-21
    outer loop
      vertex -5.41266 -15.125 0.75
      vertex -5.77425 -14.3918 11.25
      vertex -5.77425 -14.3918 0.75
    endloop
  endfacet
  facet normal -0.896865 -0.442304 9.47299e-21
    outer loop
      vertex -5.77425 -14.3918 11.25
      vertex -5.41266 -15.125 0.75
      vertex -5.41266 -15.125 11.25
    endloop
  endfacet
  facet normal -0.946936 -0.321422 -7.46723e-19
    outer loop
      vertex -5.77425 -14.3918 0.75
      vertex -6.03704 -13.6176 11.25
      vertex -6.03704 -13.6176 0.75
    endloop
  endfacet
  facet normal -0.946936 -0.321422 -7.46723e-19
    outer loop
      vertex -6.03704 -13.6176 11.25
      vertex -5.77425 -14.3918 0.75
      vertex -5.77425 -14.3918 11.25
    endloop
  endfacet
  facet normal -0.532211 -0.46673 -0.706339
    outer loop
      vertex -3.88909 -15.8891 0
      vertex -4.41942 -16.4194 0.75
      vertex -4.36344 -15.3482 0
    endloop
  endfacet
  facet normal -0.70635 -0.0462931 -0.706347
    outer loop
      vertex -5.45295 -12.7179 0
      vertex -6.19653 -12.8158 0.75
      vertex -5.5 -12 0
    endloop
  endfacet
  facet normal 0.138051 -0.694294 0.706327
    outer loop
      vertex 1.4235 -17.3126 12
      vertex 0.717894 -17.4529 12
      vertex 1.61762 -18.037 11.25
    endloop
  endfacet
  facet normal 0.22758 -0.670304 0.706328
    outer loop
      vertex 2.10476 -17.0813 12
      vertex 1.4235 -17.3126 12
      vertex 1.61762 -18.037 11.25
    endloop
  endfacet
  facet normal -0.39327 0.588566 0.706349
    outer loop
      vertex -3.125 -6.58734 11.25
      vertex -3.34819 -7.63656 12
      vertex -2.75 -7.23686 12
    endloop
  endfacet
  facet normal -0.393267 0.588567 0.70635
    outer loop
      vertex -3.125 -6.58734 11.25
      vertex -3.80476 -7.04154 11.25
      vertex -3.34819 -7.63656 12
    endloop
  endfacet
  facet normal -0.634863 0.313082 0.706349
    outer loop
      vertex -4.76314 -9.25 12
      vertex -5.41266 -8.875 11.25
      vertex -5.08134 -9.89524 12
    endloop
  endfacet
  facet normal -0.532204 0.466724 0.706348
    outer loop
      vertex -3.88909 -8.11091 12
      vertex -4.41942 -7.58058 11.25
      vertex -4.36344 -8.65181 12
    endloop
  endfacet
  facet normal -0.5322 0.466725 0.70635
    outer loop
      vertex -4.41942 -7.58058 11.25
      vertex -4.95846 -8.19524 11.25
      vertex -4.36344 -8.65181 12
    endloop
  endfacet
  facet normal 0.670303 -0.227517 -0.70635
    outer loop
      vertex 6.03704 -13.6176 0.75
      vertex 5.08134 -14.1048 0
      vertex 5.31259 -13.4235 0
    endloop
  endfacet
  facet normal 0.313079 0.634867 -0.706346
    outer loop
      vertex 3.125 -6.58734 0.75
      vertex 2.1763 -6.74593 0.186959
      vertex 2.73935 -6.39716 0.75
    endloop
  endfacet
  facet normal 0.31308 0.634865 -0.706348
    outer loop
      vertex 2.1763 -6.74593 0.186959
      vertex 3.125 -6.58734 0.75
      vertex 2.10476 -6.91866 0
    endloop
  endfacet
  facet normal 0.313082 0.634863 -0.706349
    outer loop
      vertex 2.75 -7.23686 0
      vertex 2.10476 -6.91866 0
      vertex 3.125 -6.58734 0.75
    endloop
  endfacet
  facet normal 0.588567 0.393267 -0.70635
    outer loop
      vertex 5.41266 -8.875 0.75
      vertex 4.36344 -8.65181 0
      vertex 4.95846 -8.19524 0.75
    endloop
  endfacet
  facet normal 0.588566 0.39327 -0.706349
    outer loop
      vertex 4.76314 -9.25 0
      vertex 4.36344 -8.65181 0
      vertex 5.41266 -8.875 0.75
    endloop
  endfacet
  facet normal 0.466725 0.5322 -0.70635
    outer loop
      vertex 4.41942 -7.58058 0.75
      vertex 3.34819 -7.63656 0
      vertex 3.80476 -7.04154 0.75
    endloop
  endfacet
  facet normal 0.393267 0.588567 -0.70635
    outer loop
      vertex 3.34819 -7.63656 0
      vertex 3.125 -6.58734 0.75
      vertex 3.80476 -7.04154 0.75
    endloop
  endfacet
  facet normal 0.69426 0.138104 -0.70635
    outer loop
      vertex 5.45295 -11.2821 0
      vertex 5.31259 -10.5765 0
      vertex 6.03704 -10.3824 0.75
    endloop
  endfacet
  facet normal 0.694264 0.138099 -0.706347
    outer loop
      vertex 6.19653 -11.1842 0.75
      vertex 5.45295 -11.2821 0
      vertex 6.03704 -10.3824 0.75
    endloop
  endfacet
  facet normal 0.670299 0.227529 -0.706349
    outer loop
      vertex 5.31259 -10.5765 0
      vertex 5.08134 -9.89524 0
      vertex 6.03704 -10.3824 0.75
    endloop
  endfacet
  facet normal -0.466724 0.532204 -0.706348
    outer loop
      vertex -3.88909 -8.11091 0
      vertex -4.41942 -7.58058 0.75
      vertex -3.34819 -7.63656 0
    endloop
  endfacet
  facet normal -0.466725 0.5322 -0.70635
    outer loop
      vertex -3.34819 -7.63656 0
      vertex -4.41942 -7.58058 0.75
      vertex -3.80476 -7.04154 0.75
    endloop
  endfacet
  facet normal -0.634854 -0.313098 -0.70635
    outer loop
      vertex -4.76314 -14.75 0
      vertex -5.41266 -15.125 0.75
      vertex -5.08134 -14.1048 0
    endloop
  endfacet
  facet normal -0.634861 -0.313093 -0.706346
    outer loop
      vertex -5.41266 -15.125 0.75
      vertex -5.77425 -14.3918 0.75
      vertex -5.08134 -14.1048 0
    endloop
  endfacet
  facet normal -0.588571 -0.393247 -0.706357
    outer loop
      vertex -4.95846 -15.8048 0.75
      vertex -5.41266 -15.125 0.75
      vertex -4.36344 -15.3482 0
    endloop
  endfacet
  facet normal -0.588569 -0.393265 -0.706349
    outer loop
      vertex -4.36344 -15.3482 0
      vertex -5.41266 -15.125 0.75
      vertex -4.76314 -14.75 0
    endloop
  endfacet
  facet normal 0.532204 0.466724 -0.706348
    outer loop
      vertex 4.36344 -8.65181 0
      vertex 3.88909 -8.11091 0
      vertex 4.41942 -7.58058 0.75
    endloop
  endfacet
  facet normal 0.466724 0.532204 -0.706348
    outer loop
      vertex 3.88909 -8.11091 0
      vertex 3.34819 -7.63656 0
      vertex 4.41942 -7.58058 0.75
    endloop
  endfacet
  facet normal 0.707144 -0.707069 6.25469e-18
    outer loop
      vertex 52.3884 140.514 10.9393
      vertex 56.18 144.306 1.06065
      vertex 56.18 144.306 10.9393
    endloop
  endfacet
  facet normal 0.707144 -0.707069 6.25469e-18
    outer loop
      vertex 56.18 144.306 1.06065
      vertex 52.3884 140.514 10.9393
      vertex 52.3884 140.514 1.06065
    endloop
  endfacet
  facet normal 0.502004 -0.502719 0.703751
    outer loop
      vertex 55.4511 145.063 12
      vertex 56.18 144.306 10.9393
      vertex 56.18 145.066 11.4822
    endloop
  endfacet
  facet normal 0.502372 -0.502358 0.703746
    outer loop
      vertex 51.7832 141.395 12
      vertex 56.18 144.306 10.9393
      vertex 55.4511 145.063 12
    endloop
  endfacet
  facet normal 0.502344 -0.502291 0.703815
    outer loop
      vertex 56.18 144.306 10.9393
      vertex 51.7832 141.395 12
      vertex 52.3884 140.514 10.9393
    endloop
  endfacet
  facet normal 0.50068 -0.503672 0.704013
    outer loop
      vertex 51.9288 140.925 11.5602
      vertex 52.3884 140.514 10.9393
      vertex 51.7832 141.395 12
    endloop
  endfacet
  facet normal 0.501598 -0.502677 0.704071
    outer loop
      vertex 52.3356 140.532 10.9898
      vertex 51.9288 140.925 11.5602
      vertex 52.0315 140.593 11.25
    endloop
  endfacet
  facet normal 0.502278 -0.501985 0.704079
    outer loop
      vertex 52.3884 140.514 10.9393
      vertex 51.9288 140.925 11.5602
      vertex 52.3356 140.532 10.9898
    endloop
  endfacet
  facet normal -0.502371 0.502257 0.703819
    outer loop
      vertex 60.6347 139.851 10.9393
      vertex 61.3919 139.122 12
      vertex 61.3953 139.851 11.4822
    endloop
  endfacet
  facet normal -0.502315 0.502315 0.703818
    outer loop
      vertex 60.6347 139.851 10.9393
      vertex 57.7239 135.454 12
      vertex 61.3919 139.122 12
    endloop
  endfacet
  facet normal -0.502178 0.502258 0.703956
    outer loop
      vertex 56.8431 136.06 10.9393
      vertex 57.7239 135.454 12
      vertex 60.6347 139.851 10.9393
    endloop
  endfacet
  facet normal -0.503479 0.500692 0.704142
    outer loop
      vertex 57.7239 135.454 12
      vertex 56.8431 136.06 10.9393
      vertex 57.4458 135.54 11.74
    endloop
  endfacet
  facet normal -0.501647 0.502732 0.703997
    outer loop
      vertex 57.4458 135.54 11.74
      vertex 56.861 136.007 10.9898
      vertex 56.9215 135.703 11.25
    endloop
  endfacet
  facet normal -0.503235 0.500955 0.704129
    outer loop
      vertex 57.4458 135.54 11.74
      vertex 56.8431 136.06 10.9393
      vertex 56.861 136.007 10.9898
    endloop
  endfacet
  facet normal -0.707051 0.707163 0
    outer loop
      vertex 60.6347 139.851 1.06065
      vertex 56.8431 136.06 10.9393
      vertex 60.6347 139.851 10.9393
    endloop
  endfacet
  facet normal -0.707051 0.707163 0
    outer loop
      vertex 56.8431 136.06 10.9393
      vertex 60.6347 139.851 1.06065
      vertex 56.8431 136.06 1.06065
    endloop
  endfacet
  facet normal -0.502347 0.502258 -0.703836
    outer loop
      vertex 61.3919 139.122 0
      vertex 60.6347 139.851 1.06065
      vertex 61.3953 139.851 0.517789
    endloop
  endfacet
  facet normal -0.502303 0.502303 -0.703835
    outer loop
      vertex 57.7239 135.454 0
      vertex 60.6347 139.851 1.06065
      vertex 61.3919 139.122 0
    endloop
  endfacet
  facet normal -0.50228 0.502109 -0.703989
    outer loop
      vertex 56.8431 136.06 1.06065
      vertex 57.7239 135.454 0
      vertex 57.2534 135.6 0.439823
    endloop
  endfacet
  facet normal -0.501891 0.50258 -0.703931
    outer loop
      vertex 56.861 136.007 1.01018
      vertex 57.2534 135.6 0.439823
      vertex 56.9215 135.703 0.75
    endloop
  endfacet
  facet normal -0.504669 0.499846 -0.703891
    outer loop
      vertex 56.8431 136.06 1.06065
      vertex 57.2534 135.6 0.439823
      vertex 56.861 136.007 1.01018
    endloop
  endfacet
  facet normal -0.502166 0.502246 -0.703973
    outer loop
      vertex 57.7239 135.454 0
      vertex 56.8431 136.06 1.06065
      vertex 60.6347 139.851 1.06065
    endloop
  endfacet
  facet normal 0.502005 -0.502695 -0.703768
    outer loop
      vertex 56.18 144.306 1.06065
      vertex 55.4511 145.063 0
      vertex 56.18 145.066 0.517789
    endloop
  endfacet
  facet normal 0.502332 -0.502279 -0.703831
    outer loop
      vertex 51.7832 141.395 0
      vertex 56.18 144.306 1.06065
      vertex 52.3884 140.514 1.06065
    endloop
  endfacet
  facet normal 0.501353 -0.503114 -0.703933
    outer loop
      vertex 51.8693 141.117 0.259963
      vertex 52.3884 140.514 1.06065
      vertex 52.3356 140.532 1.01018
    endloop
  endfacet
  facet normal 0.501345 -0.503121 -0.703934
    outer loop
      vertex 51.8693 141.117 0.259963
      vertex 52.3356 140.532 1.01018
      vertex 52.0315 140.593 0.75
    endloop
  endfacet
  facet normal 0.501577 -0.502906 -0.703922
    outer loop
      vertex 52.3884 140.514 1.06065
      vertex 51.8693 141.117 0.259963
      vertex 51.7832 141.395 0
    endloop
  endfacet
  facet normal 0.50236 -0.502346 -0.703763
    outer loop
      vertex 56.18 144.306 1.06065
      vertex 51.7832 141.395 0
      vertex 55.4511 145.063 0
    endloop
  endfacet
  facet normal -0.659367 0.751821 0
    outer loop
      vertex 55.2046 129.825 0.75
      vertex 54.5752 129.273 11.25
      vertex 55.2046 129.825 11.25
    endloop
  endfacet
  facet normal -0.659367 0.751821 0
    outer loop
      vertex 54.5752 129.273 11.25
      vertex 55.2046 129.825 0.75
      vertex 54.5752 129.273 0.75
    endloop
  endfacet
  facet normal -0.469375 0.535767 0.701884
    outer loop
      vertex 55.2046 129.825 11.25
      vertex 55.034 128.693 12
      vertex 55.728 129.301 12
    endloop
  endfacet
  facet normal -0.469808 0.535683 0.701658
    outer loop
      vertex 54.5752 129.273 11.25
      vertex 55.034 128.693 12
      vertex 55.2046 129.825 11.25
    endloop
  endfacet
  facet normal -0.462474 0.541755 0.701868
    outer loop
      vertex 55.034 128.693 12
      vertex 54.5752 129.273 11.25
      vertex 55.0258 128.686 12
    endloop
  endfacet
  facet normal -0.459535 0.544877 -0.701382
    outer loop
      vertex 55.7197 129.294 0
      vertex 55.2046 129.825 0.75
      vertex 55.728 129.301 0
    endloop
  endfacet
  facet normal -0.469719 0.535582 -0.701795
    outer loop
      vertex 55.2046 129.825 0.75
      vertex 55.7197 129.294 0
      vertex 54.5752 129.273 0.75
    endloop
  endfacet
  facet normal -0.469598 0.535944 -0.7016
    outer loop
      vertex 55.0258 128.686 0
      vertex 54.5752 129.273 0.75
      vertex 55.7197 129.294 0
    endloop
  endfacet
  facet normal -0.555472 0.831535 0
    outer loop
      vertex 54.5752 129.273 0.75
      vertex 53.8791 128.808 11.25
      vertex 54.5752 129.273 11.25
    endloop
  endfacet
  facet normal -0.555472 0.831535 0
    outer loop
      vertex 53.8791 128.808 11.25
      vertex 54.5752 129.273 0.75
      vertex 53.8791 128.808 0.75
    endloop
  endfacet
  facet normal -0.396019 0.592407 0.701586
    outer loop
      vertex 54.5752 129.273 11.25
      vertex 54.2584 128.173 12
      vertex 55.0258 128.686 12
    endloop
  endfacet
  facet normal -0.395744 0.592424 0.701727
    outer loop
      vertex 53.8791 128.808 11.25
      vertex 54.2584 128.173 12
      vertex 54.5752 129.273 11.25
    endloop
  endfacet
  facet normal -0.389091 0.596607 0.701903
    outer loop
      vertex 54.2584 128.173 12
      vertex 53.8791 128.808 11.25
      vertex 54.2492 128.167 12
    endloop
  endfacet
  facet normal -0.389417 0.597107 -0.701297
    outer loop
      vertex 55.0166 128.68 0
      vertex 54.5752 129.273 0.75
      vertex 55.0258 128.686 0
    endloop
  endfacet
  facet normal -0.395857 0.592594 -0.701519
    outer loop
      vertex 54.5752 129.273 0.75
      vertex 55.0166 128.68 0
      vertex 53.8791 128.808 0.75
    endloop
  endfacet
  facet normal -0.395978 0.592346 -0.70166
    outer loop
      vertex 54.2492 128.167 0
      vertex 53.8791 128.808 0.75
      vertex 55.0166 128.68 0
    endloop
  endfacet
  facet normal -0.443005 0.896519 0
    outer loop
      vertex 53.8791 128.808 0.75
      vertex 53.1283 128.437 11.25
      vertex 53.8791 128.808 11.25
    endloop
  endfacet
  facet normal -0.443005 0.896519 0
    outer loop
      vertex 53.1283 128.437 11.25
      vertex 53.8791 128.808 0.75
      vertex 53.1283 128.437 0.75
    endloop
  endfacet
  facet normal -0.314996 0.639102 0.701659
    outer loop
      vertex 53.8791 128.808 11.25
      vertex 53.4214 127.759 12
      vertex 54.2492 128.167 12
    endloop
  endfacet
  facet normal -0.315835 0.639161 0.701229
    outer loop
      vertex 53.1283 128.437 11.25
      vertex 53.4214 127.759 12
      vertex 53.8791 128.808 11.25
    endloop
  endfacet
  facet normal -0.32148 0.63653 0.701057
    outer loop
      vertex 53.4214 127.759 12
      vertex 53.1283 128.437 11.25
      vertex 53.4115 127.754 12
    endloop
  endfacet
  facet normal -0.321118 0.635815 -0.701871
    outer loop
      vertex 54.2393 128.162 0
      vertex 53.8791 128.808 0.75
      vertex 54.2492 128.167 0
    endloop
  endfacet
  facet normal -0.315616 0.638719 -0.70173
    outer loop
      vertex 53.8791 128.808 0.75
      vertex 54.2393 128.162 0
      vertex 53.1283 128.437 0.75
    endloop
  endfacet
  facet normal -0.315152 0.63942 -0.7013
    outer loop
      vertex 53.4115 127.754 0
      vertex 53.1283 128.437 0.75
      vertex 54.2393 128.162 0
    endloop
  endfacet
  facet normal -0.321348 0.946961 0
    outer loop
      vertex 53.1283 128.437 0.75
      vertex 52.3356 128.168 11.25
      vertex 53.1283 128.437 11.25
    endloop
  endfacet
  facet normal -0.321348 0.946961 0
    outer loop
      vertex 52.3356 128.168 11.25
      vertex 53.1283 128.437 0.75
      vertex 52.3356 128.168 0.75
    endloop
  endfacet
  facet normal -0.229391 0.674965 0.701286
    outer loop
      vertex 53.1283 128.437 11.25
      vertex 52.5376 127.457 12
      vertex 53.4115 127.754 12
    endloop
  endfacet
  facet normal -0.229022 0.67489 0.701479
    outer loop
      vertex 52.3356 128.168 11.25
      vertex 52.5376 127.457 12
      vertex 53.1283 128.437 11.25
    endloop
  endfacet
  facet normal -0.254031 0.666831 0.700575
    outer loop
      vertex 52.5376 127.457 12
      vertex 52.3356 128.168 11.25
      vertex 52.5271 127.453 12
    endloop
  endfacet
  facet normal -0.255681 0.664771 -0.70193
    outer loop
      vertex 53.4011 127.75 0
      vertex 53.1283 128.437 0.75
      vertex 53.4115 127.754 0
    endloop
  endfacet
  facet normal -0.229018 0.674879 -0.701491
    outer loop
      vertex 53.1283 128.437 0.75
      vertex 53.4011 127.75 0
      vertex 52.3356 128.168 0.75
    endloop
  endfacet
  facet normal -0.229246 0.674617 -0.701669
    outer loop
      vertex 52.5271 127.453 0
      vertex 52.3356 128.168 0.75
      vertex 53.4011 127.75 0
    endloop
  endfacet
  facet normal -0.194715 0.98086 0
    outer loop
      vertex 52.3356 128.168 0.75
      vertex 51.5145 128.005 11.25
      vertex 52.3356 128.168 11.25
    endloop
  endfacet
  facet normal -0.194715 0.98086 0
    outer loop
      vertex 51.5145 128.005 11.25
      vertex 52.3356 128.168 0.75
      vertex 51.5145 128.005 0.75
    endloop
  endfacet
  facet normal -0.138959 0.69881 0.70168
    outer loop
      vertex 52.3356 128.168 11.25
      vertex 51.6219 127.273 12
      vertex 52.5271 127.453 12
    endloop
  endfacet
  facet normal -0.138706 0.698723 0.701817
    outer loop
      vertex 51.5145 128.005 11.25
      vertex 51.6219 127.273 12
      vertex 52.3356 128.168 11.25
    endloop
  endfacet
  facet normal -0.129677 0.700254 0.702017
    outer loop
      vertex 51.6219 127.273 12
      vertex 51.5145 128.005 11.25
      vertex 51.6111 127.271 12
    endloop
  endfacet
  facet normal -0.129798 0.700909 -0.701341
    outer loop
      vertex 52.5163 127.451 0
      vertex 52.3356 128.168 0.75
      vertex 52.5271 127.453 0
    endloop
  endfacet
  facet normal -0.138747 0.698928 -0.701604
    outer loop
      vertex 52.3356 128.168 0.75
      vertex 52.5163 127.451 0
      vertex 51.5145 128.005 0.75
    endloop
  endfacet
  facet normal -0.138947 0.698751 -0.701741
    outer loop
      vertex 51.6111 127.271 0
      vertex 51.5145 128.005 0.75
      vertex 52.5163 127.451 0
    endloop
  endfacet
  facet normal -0.0656945 0.99784 0
    outer loop
      vertex 51.5145 128.005 0.75
      vertex 50.6791 127.95 11.25
      vertex 51.5145 128.005 11.25
    endloop
  endfacet
  facet normal -0.0656945 0.99784 0
    outer loop
      vertex 50.6791 127.95 11.25
      vertex 51.5145 128.005 0.75
      vertex 50.6791 127.95 0.75
    endloop
  endfacet
  facet normal -0.0463149 0.710934 0.701732
    outer loop
      vertex 51.5145 128.005 11.25
      vertex 50.6901 127.211 12
      vertex 51.6111 127.271 12
    endloop
  endfacet
  facet normal -0.0468222 0.711186 0.701442
    outer loop
      vertex 50.6791 127.95 11.25
      vertex 50.6901 127.211 12
      vertex 51.5145 128.005 11.25
    endloop
  endfacet
  facet normal -0.0645773 0.710351 0.700879
    outer loop
      vertex 50.6901 127.211 12
      vertex 50.6791 127.95 11.25
      vertex 50.6791 127.21 12
    endloop
  endfacet
  facet normal 0 0.714689 -0.699442
    outer loop
      vertex 51.6001 127.271 0
      vertex 51.5145 128.005 0.75
      vertex 51.6111 127.271 0
    endloop
  endfacet
  facet normal -0.0468249 0.711228 -0.7014
    outer loop
      vertex 51.5145 128.005 0.75
      vertex 51.6001 127.271 0
      vertex 50.6791 127.95 0.75
    endloop
  endfacet
  facet normal -0.0470943 0.711047 -0.701566
    outer loop
      vertex 50.6791 127.21 0
      vertex 50.6791 127.95 0.75
      vertex 51.6001 127.271 0
    endloop
  endfacet
  facet normal 0.0657023 0.997839 -0
    outer loop
      vertex 50.6791 127.95 0.75
      vertex 49.8438 128.005 11.25
      vertex 50.6791 127.95 11.25
    endloop
  endfacet
  facet normal 0.0657023 0.997839 0
    outer loop
      vertex 49.8438 128.005 11.25
      vertex 50.6791 127.95 0.75
      vertex 49.8438 128.005 0.75
    endloop
  endfacet
  facet normal 0.0470943 0.711047 0.701566
    outer loop
      vertex 50.6791 127.95 11.25
      vertex 49.7581 127.271 12
      vertex 50.6791 127.21 12
    endloop
  endfacet
  facet normal 0.0468303 0.711225 0.701403
    outer loop
      vertex 49.8438 128.005 11.25
      vertex 49.7581 127.271 12
      vertex 50.6791 127.95 11.25
    endloop
  endfacet
  facet normal 0 0.714689 0.699442
    outer loop
      vertex 49.7581 127.271 12
      vertex 49.8438 128.005 11.25
      vertex 49.7472 127.271 12
    endloop
  endfacet
  facet normal 0.0645773 0.710351 -0.700879
    outer loop
      vertex 50.6681 127.211 0
      vertex 50.6791 127.95 0.75
      vertex 50.6791 127.21 0
    endloop
  endfacet
  facet normal 0.0468278 0.711186 -0.701442
    outer loop
      vertex 50.6791 127.95 0.75
      vertex 50.6681 127.211 0
      vertex 49.8438 128.005 0.75
    endloop
  endfacet
  facet normal 0.0463199 0.710933 -0.701733
    outer loop
      vertex 50.6681 127.211 0
      vertex 49.7472 127.271 0
      vertex 49.8438 128.005 0.75
    endloop
  endfacet
  facet normal 0.194715 0.98086 -0
    outer loop
      vertex 49.8438 128.005 0.75
      vertex 49.0227 128.168 11.25
      vertex 49.8438 128.005 11.25
    endloop
  endfacet
  facet normal 0.194715 0.98086 0
    outer loop
      vertex 49.0227 128.168 11.25
      vertex 49.8438 128.005 0.75
      vertex 49.0227 128.168 0.75
    endloop
  endfacet
  facet normal 0.138933 0.698754 0.701741
    outer loop
      vertex 49.8438 128.005 11.25
      vertex 48.8419 127.451 12
      vertex 49.7472 127.271 12
    endloop
  endfacet
  facet normal 0.138745 0.698919 0.701614
    outer loop
      vertex 49.0227 128.168 11.25
      vertex 48.8419 127.451 12
      vertex 49.8438 128.005 11.25
    endloop
  endfacet
  facet normal 0.129796 0.7009 0.70135
    outer loop
      vertex 48.8419 127.451 12
      vertex 49.0227 128.168 11.25
      vertex 48.8311 127.453 12
    endloop
  endfacet
  facet normal 0.129677 0.700254 -0.702017
    outer loop
      vertex 49.7364 127.273 0
      vertex 49.8438 128.005 0.75
      vertex 49.7472 127.271 0
    endloop
  endfacet
  facet normal 0.138706 0.698723 -0.701817
    outer loop
      vertex 49.8438 128.005 0.75
      vertex 49.7364 127.273 0
      vertex 49.0227 128.168 0.75
    endloop
  endfacet
  facet normal 0.138943 0.698804 -0.701689
    outer loop
      vertex 49.7364 127.273 0
      vertex 48.8311 127.453 0
      vertex 49.0227 128.168 0.75
    endloop
  endfacet
  facet normal 0.321348 0.946961 -0
    outer loop
      vertex 49.0227 128.168 0.75
      vertex 48.23 128.437 11.25
      vertex 49.0227 128.168 11.25
    endloop
  endfacet
  facet normal 0.321348 0.946961 0
    outer loop
      vertex 48.23 128.437 11.25
      vertex 49.0227 128.168 0.75
      vertex 48.23 128.437 0.75
    endloop
  endfacet
  facet normal 0.229241 0.674602 0.701684
    outer loop
      vertex 49.0227 128.168 11.25
      vertex 47.9571 127.75 12
      vertex 48.8311 127.453 12
    endloop
  endfacet
  facet normal 0.229013 0.674865 0.701506
    outer loop
      vertex 48.23 128.437 11.25
      vertex 47.9571 127.75 12
      vertex 49.0227 128.168 11.25
    endloop
  endfacet
  facet normal 0.255675 0.664755 0.701948
    outer loop
      vertex 47.9571 127.75 12
      vertex 48.23 128.437 11.25
      vertex 47.9467 127.754 12
    endloop
  endfacet
  facet normal 0.256196 0.666109 -0.700473
    outer loop
      vertex 48.8207 127.457 0
      vertex 49.0227 128.168 0.75
      vertex 48.8311 127.453 0
    endloop
  endfacet
  facet normal 0.229022 0.67489 -0.701479
    outer loop
      vertex 49.0227 128.168 0.75
      vertex 48.8207 127.457 0
      vertex 48.23 128.437 0.75
    endloop
  endfacet
  facet normal 0.229363 0.674959 -0.701301
    outer loop
      vertex 48.8207 127.457 0
      vertex 47.9467 127.754 0
      vertex 48.23 128.437 0.75
    endloop
  endfacet
  facet normal 0.442958 0.896542 -0
    outer loop
      vertex 48.23 128.437 0.75
      vertex 47.4791 128.808 11.25
      vertex 48.23 128.437 11.25
    endloop
  endfacet
  facet normal 0.442958 0.896542 0
    outer loop
      vertex 47.4791 128.808 11.25
      vertex 48.23 128.437 0.75
      vertex 47.4791 128.808 0.75
    endloop
  endfacet
  facet normal 0.315143 0.639401 0.701321
    outer loop
      vertex 48.23 128.437 11.25
      vertex 47.1189 128.162 12
      vertex 47.9467 127.754 12
    endloop
  endfacet
  facet normal 0.315583 0.638736 0.701729
    outer loop
      vertex 47.4791 128.808 11.25
      vertex 47.1189 128.162 12
      vertex 48.23 128.437 11.25
    endloop
  endfacet
  facet normal 0.323696 0.634444 0.701928
    outer loop
      vertex 47.1189 128.162 12
      vertex 47.4791 128.808 11.25
      vertex 47.1091 128.167 12
    endloop
  endfacet
  facet normal 0.32147 0.63651 -0.701079
    outer loop
      vertex 47.9368 127.759 0
      vertex 48.23 128.437 0.75
      vertex 47.9467 127.754 0
    endloop
  endfacet
  facet normal 0.315791 0.639157 -0.701252
    outer loop
      vertex 48.23 128.437 0.75
      vertex 47.9368 127.759 0
      vertex 47.4791 128.808 0.75
    endloop
  endfacet
  facet normal 0.315035 0.639105 -0.701639
    outer loop
      vertex 47.9368 127.759 0
      vertex 47.1091 128.167 0
      vertex 47.4791 128.808 0.75
    endloop
  endfacet
  facet normal 0.555527 0.831498 -0
    outer loop
      vertex 47.4791 128.808 0.75
      vertex 46.7831 129.273 11.25
      vertex 47.4791 128.808 11.25
    endloop
  endfacet
  facet normal 0.555527 0.831498 0
    outer loop
      vertex 46.7831 129.273 11.25
      vertex 47.4791 128.808 0.75
      vertex 46.7831 129.273 0.75
    endloop
  endfacet
  facet normal 0.395956 0.592391 0.701635
    outer loop
      vertex 47.4791 128.808 11.25
      vertex 46.3416 128.68 12
      vertex 47.1091 128.167 12
    endloop
  endfacet
  facet normal 0.395881 0.592545 0.701547
    outer loop
      vertex 46.7831 129.273 11.25
      vertex 46.3416 128.68 12
      vertex 47.4791 128.808 11.25
    endloop
  endfacet
  facet normal 0.392333 0.595038 0.70143
    outer loop
      vertex 46.3416 128.68 12
      vertex 46.7831 129.273 11.25
      vertex 46.3325 128.686 12
    endloop
  endfacet
  facet normal 0.389105 0.596628 -0.701877
    outer loop
      vertex 47.0999 128.173 0
      vertex 47.4791 128.808 0.75
      vertex 47.1091 128.167 0
    endloop
  endfacet
  facet normal 0.395798 0.592421 -0.701699
    outer loop
      vertex 47.4791 128.808 0.75
      vertex 47.0999 128.173 0
      vertex 46.7831 129.273 0.75
    endloop
  endfacet
  facet normal 0.396019 0.592407 -0.701586
    outer loop
      vertex 47.0999 128.173 0
      vertex 46.3325 128.686 0
      vertex 46.7831 129.273 0.75
    endloop
  endfacet
  facet normal 0.659367 0.751821 -0
    outer loop
      vertex 46.7831 129.273 0.75
      vertex 46.1537 129.825 11.25
      vertex 46.7831 129.273 11.25
    endloop
  endfacet
  facet normal 0.659367 0.751821 0
    outer loop
      vertex 46.1537 129.825 11.25
      vertex 46.7831 129.273 0.75
      vertex 46.1537 129.825 0.75
    endloop
  endfacet
  facet normal 0.469598 0.535944 0.7016
    outer loop
      vertex 46.7831 129.273 11.25
      vertex 45.6386 129.294 12
      vertex 46.3325 128.686 12
    endloop
  endfacet
  facet normal 0.469719 0.535582 0.701795
    outer loop
      vertex 46.1537 129.825 11.25
      vertex 45.6386 129.294 12
      vertex 46.7831 129.273 11.25
    endloop
  endfacet
  facet normal 0.459535 0.544877 0.701382
    outer loop
      vertex 45.6386 129.294 12
      vertex 46.1537 129.825 11.25
      vertex 45.6303 129.301 12
    endloop
  endfacet
  facet normal 0.45916 0.544433 -0.701972
    outer loop
      vertex 46.3242 128.693 0
      vertex 46.7831 129.273 0.75
      vertex 46.3325 128.686 0
    endloop
  endfacet
  facet normal 0.469787 0.535659 -0.70169
    outer loop
      vertex 46.7831 129.273 0.75
      vertex 46.3242 128.693 0
      vertex 46.1537 129.825 0.75
    endloop
  endfacet
  facet normal 0.469412 0.535732 -0.701885
    outer loop
      vertex 46.3242 128.693 0
      vertex 45.6303 129.301 0
      vertex 46.1537 129.825 0.75
    endloop
  endfacet
  facet normal 0.751614 0.659604 7.27976e-19
    outer loop
      vertex 46.1537 129.825 11.25
      vertex 45.6017 130.454 0.75
      vertex 45.6017 130.454 11.25
    endloop
  endfacet
  facet normal 0.751614 0.659604 7.27976e-19
    outer loop
      vertex 45.6017 130.454 0.75
      vertex 46.1537 129.825 11.25
      vertex 46.1537 129.825 0.75
    endloop
  endfacet
  facet normal 0.535549 0.469647 0.701868
    outer loop
      vertex 46.1537 129.825 11.25
      vertex 45.0217 129.995 12
      vertex 45.6303 129.301 12
    endloop
  endfacet
  facet normal 0.535492 0.469939 0.701716
    outer loop
      vertex 45.6017 130.454 11.25
      vertex 45.0217 129.995 12
      vertex 46.1537 129.825 11.25
    endloop
  endfacet
  facet normal 0.555985 0.444788 0.702172
    outer loop
      vertex 45.0217 129.995 12
      vertex 45.6017 130.454 11.25
      vertex 45.0145 130.004 12
    endloop
  endfacet
  facet normal 0.554102 0.449438 -0.700697
    outer loop
      vertex 45.623 129.31 0
      vertex 46.1537 129.825 0.75
      vertex 45.6303 129.301 0
    endloop
  endfacet
  facet normal 0.535534 0.469975 -0.70166
    outer loop
      vertex 46.1537 129.825 0.75
      vertex 45.623 129.31 0
      vertex 45.6017 130.454 0.75
    endloop
  endfacet
  facet normal 0.535879 0.46986 -0.701474
    outer loop
      vertex 45.623 129.31 0
      vertex 45.0145 130.004 0
      vertex 45.6017 130.454 0.75
    endloop
  endfacet
  facet normal 0.831443 0.55561 2.51637e-18
    outer loop
      vertex 45.6017 130.454 11.25
      vertex 45.1366 131.15 0.75
      vertex 45.1366 131.15 11.25
    endloop
  endfacet
  facet normal 0.831443 0.55561 2.51637e-18
    outer loop
      vertex 45.1366 131.15 0.75
      vertex 45.6017 130.454 11.25
      vertex 45.6017 130.454 0.75
    endloop
  endfacet
  facet normal 0.592448 0.396098 0.701506
    outer loop
      vertex 45.6017 130.454 11.25
      vertex 44.5017 130.771 12
      vertex 45.0145 130.004 12
    endloop
  endfacet
  facet normal 0.59246 0.39591 0.701603
    outer loop
      vertex 45.1366 131.15 11.25
      vertex 44.5017 130.771 12
      vertex 45.6017 130.454 11.25
    endloop
  endfacet
  facet normal 0.589953 0.399857 0.701476
    outer loop
      vertex 44.5017 130.771 12
      vertex 45.1366 131.15 11.25
      vertex 44.4956 130.78 12
    endloop
  endfacet
  facet normal 0.589816 0.399764 -0.701645
    outer loop
      vertex 45.0084 130.013 0
      vertex 45.6017 130.454 0.75
      vertex 45.0145 130.004 0
    endloop
  endfacet
  facet normal 0.592515 0.395947 -0.701536
    outer loop
      vertex 45.6017 130.454 0.75
      vertex 45.0084 130.013 0
      vertex 45.1366 131.15 0.75
    endloop
  endfacet
  facet normal 0.592345 0.396029 -0.701632
    outer loop
      vertex 45.0084 130.013 0
      vertex 44.4956 130.78 0
      vertex 45.1366 131.15 0.75
    endloop
  endfacet
  facet normal 0.896897 0.442239 2.25054e-19
    outer loop
      vertex 45.1366 131.15 11.25
      vertex 44.7663 131.901 0.75
      vertex 44.7663 131.901 11.25
    endloop
  endfacet
  facet normal 0.896897 0.442239 2.25054e-19
    outer loop
      vertex 44.7663 131.901 0.75
      vertex 45.1366 131.15 11.25
      vertex 45.1366 131.15 0.75
    endloop
  endfacet
  facet normal 0.639088 0.315067 0.70164
    outer loop
      vertex 45.1366 131.15 11.25
      vertex 44.0874 131.608 12
      vertex 44.4956 130.78 12
    endloop
  endfacet
  facet normal 0.639092 0.315121 0.701613
    outer loop
      vertex 44.7663 131.901 11.25
      vertex 44.0874 131.608 12
      vertex 45.1366 131.15 11.25
    endloop
  endfacet
  facet normal 0.639832 0.313518 0.701657
    outer loop
      vertex 44.0874 131.608 12
      vertex 44.7663 131.901 11.25
      vertex 44.0825 131.618 12
    endloop
  endfacet
  facet normal 0.639897 0.313549 -0.701583
    outer loop
      vertex 44.4907 130.79 0
      vertex 45.1366 131.15 0.75
      vertex 44.4956 130.78 0
    endloop
  endfacet
  facet normal 0.639078 0.315114 -0.701629
    outer loop
      vertex 45.1366 131.15 0.75
      vertex 44.4907 130.79 0
      vertex 44.7663 131.901 0.75
    endloop
  endfacet
  facet normal 0.639123 0.315084 -0.701601
    outer loop
      vertex 44.4907 130.79 0
      vertex 44.0825 131.618 0
      vertex 44.7663 131.901 0.75
    endloop
  endfacet
  facet normal 0.946962 0.321346 -1.51973e-18
    outer loop
      vertex 44.7663 131.901 11.25
      vertex 44.4972 132.694 0.75
      vertex 44.4972 132.694 11.25
    endloop
  endfacet
  facet normal 0.946962 0.321346 -1.51973e-18
    outer loop
      vertex 44.4972 132.694 0.75
      vertex 44.7663 131.901 11.25
      vertex 44.7663 131.901 0.75
    endloop
  endfacet
  facet normal 0.674739 0.229056 0.701613
    outer loop
      vertex 44.7663 131.901 11.25
      vertex 43.7858 132.492 12
      vertex 44.0825 131.618 12
    endloop
  endfacet
  facet normal 0.67472 0.228962 0.701662
    outer loop
      vertex 44.4972 132.694 11.25
      vertex 43.7858 132.492 12
      vertex 44.7663 131.901 11.25
    endloop
  endfacet
  facet normal 0.672683 0.235439 0.701474
    outer loop
      vertex 43.7858 132.492 12
      vertex 44.4972 132.694 11.25
      vertex 43.7823 132.502 12
    endloop
  endfacet
  facet normal 0.672366 0.235328 -0.701815
    outer loop
      vertex 44.079 131.628 0
      vertex 44.7663 131.901 0.75
      vertex 44.0825 131.618 0
    endloop
  endfacet
  facet normal 0.674723 0.228963 -0.701659
    outer loop
      vertex 44.7663 131.901 0.75
      vertex 44.079 131.628 0
      vertex 44.4972 132.694 0.75
    endloop
  endfacet
  facet normal 0.674651 0.229026 -0.701708
    outer loop
      vertex 44.079 131.628 0
      vertex 43.7823 132.502 0
      vertex 44.4972 132.694 0.75
    endloop
  endfacet
  facet normal 0.980787 0.195082 -7.57084e-19
    outer loop
      vertex 44.4972 132.694 11.25
      vertex 44.3339 133.515 0.75
      vertex 44.3339 133.515 11.25
    endloop
  endfacet
  facet normal 0.980787 0.195082 -7.57084e-19
    outer loop
      vertex 44.3339 133.515 0.75
      vertex 44.4972 132.694 11.25
      vertex 44.4972 132.694 0.75
    endloop
  endfacet
  facet normal 0.698821 0.138916 0.701678
    outer loop
      vertex 44.4972 132.694 11.25
      vertex 43.6022 133.408 12
      vertex 43.7823 132.502 12
    endloop
  endfacet
  facet normal 0.698851 0.139004 0.70163
    outer loop
      vertex 44.3339 133.515 11.25
      vertex 43.6022 133.408 12
      vertex 44.4972 132.694 11.25
    endloop
  endfacet
  facet normal 0.697538 0.146483 0.701416
    outer loop
      vertex 43.6022 133.408 12
      vertex 44.3339 133.515 11.25
      vertex 43.6001 133.418 12
    endloop
  endfacet
  facet normal 0.698632 0.139726 -0.701705
    outer loop
      vertex 43.7801 132.513 0
      vertex 44.4972 132.694 0.75
      vertex 43.7823 132.502 0
    endloop
  endfacet
  facet normal 0.698797 0.138993 -0.701687
    outer loop
      vertex 44.4972 132.694 0.75
      vertex 43.7801 132.513 0
      vertex 44.3339 133.515 0.75
    endloop
  endfacet
  facet normal 0.698801 0.138988 -0.701683
    outer loop
      vertex 43.7801 132.513 0
      vertex 43.6001 133.418 0
      vertex 44.3339 133.515 0.75
    endloop
  endfacet
  facet normal 0.997853 0.0654879 -2.14015e-19
    outer loop
      vertex 44.3339 133.515 11.25
      vertex 44.2791 134.35 0.75
      vertex 44.2791 134.35 11.25
    endloop
  endfacet
  facet normal 0.997853 0.0654879 -2.14015e-19
    outer loop
      vertex 44.2791 134.35 0.75
      vertex 44.3339 133.515 11.25
      vertex 44.3339 133.515 0.75
    endloop
  endfacet
  facet normal 0.710986 0.0466271 0.701659
    outer loop
      vertex 44.3339 133.515 11.25
      vertex 43.5397 134.339 12
      vertex 43.6001 133.418 12
    endloop
  endfacet
  facet normal 0.71106 0.0452493 0.701674
    outer loop
      vertex 43.5397 134.339 12
      vertex 44.2791 134.35 11.25
      vertex 43.539 134.35 12
    endloop
  endfacet
  facet normal 0.711003 0.0466622 0.701639
    outer loop
      vertex 44.2791 134.35 11.25
      vertex 43.5397 134.339 12
      vertex 44.3339 133.515 11.25
    endloop
  endfacet
  facet normal 0.710993 0.0466616 -0.701649
    outer loop
      vertex 44.3339 133.515 0.75
      vertex 43.5994 133.429 0
      vertex 44.2791 134.35 0.75
    endloop
  endfacet
  facet normal 0.71112 0.0452531 -0.701613
    outer loop
      vertex 43.5994 133.429 0
      vertex 44.3339 133.515 0.75
      vertex 43.6001 133.418 0
    endloop
  endfacet
  facet normal 0.711015 0.046629 -0.701629
    outer loop
      vertex 43.5994 133.429 0
      vertex 43.539 134.35 0
      vertex 44.2791 134.35 0.75
    endloop
  endfacet
  facet normal 0.997858 -0.0654099 -2.88865e-19
    outer loop
      vertex 44.2791 134.35 11.25
      vertex 44.3339 135.186 0.75
      vertex 44.3339 135.186 11.25
    endloop
  endfacet
  facet normal 0.997858 -0.0654099 -2.88865e-19
    outer loop
      vertex 44.3339 135.186 0.75
      vertex 44.2791 134.35 11.25
      vertex 44.2791 134.35 0.75
    endloop
  endfacet
  facet normal 0.711015 -0.046629 0.701629
    outer loop
      vertex 43.5994 135.271 12
      vertex 43.539 134.35 12
      vertex 44.2791 134.35 11.25
    endloop
  endfacet
  facet normal 0.71115 -0.045255 0.701582
    outer loop
      vertex 43.5994 135.271 12
      vertex 44.3339 135.186 11.25
      vertex 43.6001 135.282 12
    endloop
  endfacet
  facet normal 0.711029 -0.0466081 0.701616
    outer loop
      vertex 44.3339 135.186 11.25
      vertex 43.5994 135.271 12
      vertex 44.2791 134.35 11.25
    endloop
  endfacet
  facet normal 0.711006 -0.0466066 -0.70164
    outer loop
      vertex 44.2791 134.35 0.75
      vertex 43.5397 134.361 0
      vertex 44.3339 135.186 0.75
    endloop
  endfacet
  facet normal 0.71106 -0.0452493 -0.701674
    outer loop
      vertex 43.5397 134.361 0
      vertex 44.2791 134.35 0.75
      vertex 43.539 134.35 0
    endloop
  endfacet
  facet normal 0.711017 -0.0466291 -0.701627
    outer loop
      vertex 44.3339 135.186 0.75
      vertex 43.5397 134.361 0
      vertex 43.6001 135.282 0
    endloop
  endfacet
  facet normal 0.980787 -0.195082 7.57084e-19
    outer loop
      vertex 44.3339 135.186 11.25
      vertex 44.4972 136.007 0.75
      vertex 44.4972 136.007 11.25
    endloop
  endfacet
  facet normal 0.980787 -0.195082 7.57084e-19
    outer loop
      vertex 44.4972 136.007 0.75
      vertex 44.3339 135.186 11.25
      vertex 44.3339 135.186 0.75
    endloop
  endfacet
  facet normal 0.698892 -0.139006 0.701589
    outer loop
      vertex 43.7801 136.187 12
      vertex 43.6001 135.282 12
      vertex 44.3339 135.186 11.25
    endloop
  endfacet
  facet normal 0.698723 -0.139745 0.701611
    outer loop
      vertex 43.7801 136.187 12
      vertex 44.4972 136.007 11.25
      vertex 43.7823 136.198 12
    endloop
  endfacet
  facet normal 0.698888 -0.139011 0.701592
    outer loop
      vertex 44.4972 136.007 11.25
      vertex 43.7801 136.187 12
      vertex 44.3339 135.186 11.25
    endloop
  endfacet
  facet normal 0.698851 -0.139004 -0.70163
    outer loop
      vertex 44.3339 135.186 0.75
      vertex 43.6022 135.293 0
      vertex 44.4972 136.007 0.75
    endloop
  endfacet
  facet normal 0.699775 -0.133593 -0.70176
    outer loop
      vertex 43.6022 135.293 0
      vertex 44.3339 135.186 0.75
      vertex 43.6001 135.282 0
    endloop
  endfacet
  facet normal 0.698877 -0.13908 -0.701589
    outer loop
      vertex 44.4972 136.007 0.75
      vertex 43.6022 135.293 0
      vertex 43.7823 136.198 0
    endloop
  endfacet
  facet normal 0.946838 -0.32171 1.51991e-18
    outer loop
      vertex 44.4972 136.007 11.25
      vertex 44.7663 136.799 0.75
      vertex 44.7663 136.799 11.25
    endloop
  endfacet
  facet normal 0.946838 -0.32171 1.51991e-18
    outer loop
      vertex 44.7663 136.799 0.75
      vertex 44.4972 136.007 11.25
      vertex 44.4972 136.007 0.75
    endloop
  endfacet
  facet normal 0.674795 -0.229075 0.701553
    outer loop
      vertex 44.079 137.072 12
      vertex 43.7823 136.198 12
      vertex 44.4972 136.007 11.25
    endloop
  endfacet
  facet normal 0.679359 -0.21616 0.701246
    outer loop
      vertex 44.079 137.072 12
      vertex 44.7663 136.799 11.25
      vertex 44.0825 137.083 12
    endloop
  endfacet
  facet normal 0.674628 -0.22922 0.701666
    outer loop
      vertex 44.7663 136.799 11.25
      vertex 44.079 137.072 12
      vertex 44.4972 136.007 11.25
    endloop
  endfacet
  facet normal 0.674639 -0.229224 -0.701655
    outer loop
      vertex 44.4972 136.007 0.75
      vertex 43.7858 136.209 0
      vertex 44.7663 136.799 0.75
    endloop
  endfacet
  facet normal 0.678708 -0.215953 -0.70194
    outer loop
      vertex 43.7858 136.209 0
      vertex 44.4972 136.007 0.75
      vertex 43.7823 136.198 0
    endloop
  endfacet
  facet normal 0.674595 -0.229007 -0.701768
    outer loop
      vertex 44.7663 136.799 0.75
      vertex 43.7858 136.209 0
      vertex 44.0825 137.083 0
    endloop
  endfacet
  facet normal 0.896897 -0.442239 -2.25054e-19
    outer loop
      vertex 44.7663 136.799 11.25
      vertex 45.1366 137.55 0.75
      vertex 45.1366 137.55 11.25
    endloop
  endfacet
  facet normal 0.896897 -0.442239 -2.25054e-19
    outer loop
      vertex 45.1366 137.55 0.75
      vertex 44.7663 136.799 11.25
      vertex 44.7663 136.799 0.75
    endloop
  endfacet
  facet normal 0.638793 -0.315303 0.701803
    outer loop
      vertex 44.4907 137.91 12
      vertex 44.0825 137.083 12
      vertex 44.7663 136.799 11.25
    endloop
  endfacet
  facet normal 0.639897 -0.313549 0.701583
    outer loop
      vertex 44.4907 137.91 12
      vertex 45.1366 137.55 11.25
      vertex 44.4956 137.92 12
    endloop
  endfacet
  facet normal 0.639078 -0.315114 0.701629
    outer loop
      vertex 45.1366 137.55 11.25
      vertex 44.4907 137.91 12
      vertex 44.7663 136.799 11.25
    endloop
  endfacet
  facet normal 0.638903 -0.315028 -0.701826
    outer loop
      vertex 44.7663 136.799 0.75
      vertex 44.0874 137.093 0
      vertex 45.1366 137.55 0.75
    endloop
  endfacet
  facet normal 0.639644 -0.313426 -0.701869
    outer loop
      vertex 44.0874 137.093 0
      vertex 44.7663 136.799 0.75
      vertex 44.0825 137.083 0
    endloop
  endfacet
  facet normal 0.638927 -0.315369 -0.701652
    outer loop
      vertex 45.1366 137.55 0.75
      vertex 44.0874 137.093 0
      vertex 44.4956 137.92 0
    endloop
  endfacet
  facet normal 0.831443 -0.55561 -2.51637e-18
    outer loop
      vertex 45.1366 137.55 11.25
      vertex 45.6017 138.246 0.75
      vertex 45.6017 138.246 11.25
    endloop
  endfacet
  facet normal 0.831443 -0.55561 -2.51637e-18
    outer loop
      vertex 45.6017 138.246 0.75
      vertex 45.1366 137.55 11.25
      vertex 45.1366 137.55 0.75
    endloop
  endfacet
  facet normal 0.592572 -0.395665 0.701646
    outer loop
      vertex 45.0084 138.688 12
      vertex 44.4956 137.92 12
      vertex 45.1366 137.55 11.25
    endloop
  endfacet
  facet normal 0.589595 -0.399615 0.701916
    outer loop
      vertex 45.0084 138.688 12
      vertex 45.6017 138.246 11.25
      vertex 45.0145 138.697 12
    endloop
  endfacet
  facet normal 0.592296 -0.3958 0.701804
    outer loop
      vertex 45.6017 138.246 11.25
      vertex 45.0084 138.688 12
      vertex 45.1366 137.55 11.25
    endloop
  endfacet
  facet normal 0.59246 -0.39591 -0.701603
    outer loop
      vertex 45.1366 137.55 0.75
      vertex 44.5017 137.929 0
      vertex 45.6017 138.246 0.75
    endloop
  endfacet
  facet normal 0.589953 -0.399857 -0.701476
    outer loop
      vertex 44.5017 137.929 0
      vertex 45.1366 137.55 0.75
      vertex 44.4956 137.92 0
    endloop
  endfacet
  facet normal 0.592479 -0.395603 -0.70176
    outer loop
      vertex 45.6017 138.246 0.75
      vertex 44.5017 137.929 0
      vertex 45.0145 138.697 0
    endloop
  endfacet
  facet normal 0.752192 -0.658944 7.39708e-20
    outer loop
      vertex 45.6017 138.246 11.25
      vertex 46.1536 138.876 0.75
      vertex 46.1536 138.876 11.25
    endloop
  endfacet
  facet normal 0.752192 -0.658944 7.39708e-20
    outer loop
      vertex 46.1536 138.876 0.75
      vertex 45.6017 138.246 11.25
      vertex 45.6017 138.246 0.75
    endloop
  endfacet
  facet normal 0.535644 -0.469653 0.701792
    outer loop
      vertex 45.623 139.391 12
      vertex 45.0145 138.697 12
      vertex 45.6017 138.246 11.25
    endloop
  endfacet
  facet normal 0.526145 -0.480107 0.701904
    outer loop
      vertex 45.623 139.391 12
      vertex 46.1536 138.876 11.25
      vertex 45.6303 139.399 12
    endloop
  endfacet
  facet normal 0.535984 -0.469539 0.701608
    outer loop
      vertex 46.1536 138.876 11.25
      vertex 45.623 139.391 12
      vertex 45.6017 138.246 11.25
    endloop
  endfacet
  facet normal 0.535892 -0.469459 -0.701732
    outer loop
      vertex 45.6017 138.246 0.75
      vertex 45.0217 138.705 0
      vertex 46.1536 138.876 0.75
    endloop
  endfacet
  facet normal 0.529751 -0.476776 -0.701461
    outer loop
      vertex 45.0217 138.705 0
      vertex 45.6017 138.246 0.75
      vertex 45.0145 138.697 0
    endloop
  endfacet
  facet normal 0.535811 -0.469877 -0.701514
    outer loop
      vertex 46.1536 138.876 0.75
      vertex 45.0217 138.705 0
      vertex 45.6303 139.399 0
    endloop
  endfacet
  facet normal 0.659308 -0.751873 0
    outer loop
      vertex 46.1536 138.876 0.75
      vertex 46.7831 139.428 11.25
      vertex 46.1536 138.876 11.25
    endloop
  endfacet
  facet normal 0.659308 -0.751873 0
    outer loop
      vertex 46.7831 139.428 11.25
      vertex 46.1536 138.876 0.75
      vertex 46.7831 139.428 0.75
    endloop
  endfacet
  facet normal 0.470092 -0.535627 0.70151
    outer loop
      vertex 46.3242 140.008 12
      vertex 45.6303 139.399 12
      vertex 46.1536 138.876 11.25
    endloop
  endfacet
  facet normal 0.45916 -0.544433 0.701972
    outer loop
      vertex 46.3242 140.008 12
      vertex 46.7831 139.428 11.25
      vertex 46.3325 140.015 12
    endloop
  endfacet
  facet normal 0.469744 -0.535695 0.701692
    outer loop
      vertex 46.7831 139.428 11.25
      vertex 46.3242 140.008 12
      vertex 46.1536 138.876 11.25
    endloop
  endfacet
  facet normal 0.469934 -0.535912 -0.701399
    outer loop
      vertex 46.1536 138.876 0.75
      vertex 45.6386 139.406 0
      vertex 46.7831 139.428 0.75
    endloop
  endfacet
  facet normal 0.459789 -0.545178 -0.700981
    outer loop
      vertex 45.6386 139.406 0
      vertex 46.1536 138.876 0.75
      vertex 45.6303 139.399 0
    endloop
  endfacet
  facet normal 0.470046 -0.535575 -0.701581
    outer loop
      vertex 46.7831 139.428 0.75
      vertex 45.6386 139.406 0
      vertex 46.3325 140.015 0
    endloop
  endfacet
  facet normal 0.555527 -0.831498 0
    outer loop
      vertex 46.7831 139.428 0.75
      vertex 47.4791 139.893 11.25
      vertex 46.7831 139.428 11.25
    endloop
  endfacet
  facet normal 0.555527 -0.831498 0
    outer loop
      vertex 47.4791 139.893 11.25
      vertex 46.7831 139.428 0.75
      vertex 47.4791 139.893 0.75
    endloop
  endfacet
  facet normal 0.396019 -0.592407 0.701586
    outer loop
      vertex 47.0999 140.528 12
      vertex 46.3325 140.015 12
      vertex 46.7831 139.428 11.25
    endloop
  endfacet
  facet normal 0.389105 -0.596628 0.701877
    outer loop
      vertex 47.0999 140.528 12
      vertex 47.4791 139.893 11.25
      vertex 47.1091 140.534 12
    endloop
  endfacet
  facet normal 0.395798 -0.592421 0.701699
    outer loop
      vertex 47.4791 139.893 11.25
      vertex 47.0999 140.528 12
      vertex 46.7831 139.428 11.25
    endloop
  endfacet
  facet normal 0.395881 -0.592545 -0.701547
    outer loop
      vertex 46.7831 139.428 0.75
      vertex 46.3416 140.021 0
      vertex 47.4791 139.893 0.75
    endloop
  endfacet
  facet normal 0.392333 -0.595038 -0.70143
    outer loop
      vertex 46.3416 140.021 0
      vertex 46.7831 139.428 0.75
      vertex 46.3325 140.015 0
    endloop
  endfacet
  facet normal 0.395956 -0.592391 -0.701635
    outer loop
      vertex 47.4791 139.893 0.75
      vertex 46.3416 140.021 0
      vertex 47.1091 140.534 0
    endloop
  endfacet
  facet normal 0.441998 -0.897016 0
    outer loop
      vertex 47.4791 139.893 0.75
      vertex 48.23 140.263 11.25
      vertex 47.4791 139.893 11.25
    endloop
  endfacet
  facet normal 0.441998 -0.897016 0
    outer loop
      vertex 48.23 140.263 11.25
      vertex 47.4791 139.893 0.75
      vertex 48.23 140.263 0.75
    endloop
  endfacet
  facet normal 0.315035 -0.639105 0.701639
    outer loop
      vertex 47.9368 140.942 12
      vertex 47.1091 140.534 12
      vertex 47.4791 139.893 11.25
    endloop
  endfacet
  facet normal 0.321279 -0.636132 0.70151
    outer loop
      vertex 47.9368 140.942 12
      vertex 48.23 140.263 11.25
      vertex 47.9467 140.947 12
    endloop
  endfacet
  facet normal 0.31491 -0.639096 0.701704
    outer loop
      vertex 48.23 140.263 11.25
      vertex 47.9368 140.942 12
      vertex 47.4791 139.893 11.25
    endloop
  endfacet
  facet normal 0.314907 -0.639091 -0.70171
    outer loop
      vertex 47.4791 139.893 0.75
      vertex 47.1189 140.539 0
      vertex 48.23 140.263 0.75
    endloop
  endfacet
  facet normal 0.323696 -0.634444 -0.701928
    outer loop
      vertex 47.1189 140.539 0
      vertex 47.4791 139.893 0.75
      vertex 47.1091 140.534 0
    endloop
  endfacet
  facet normal 0.314955 -0.639019 -0.701754
    outer loop
      vertex 48.23 140.263 0.75
      vertex 47.1189 140.539 0
      vertex 47.9467 140.947 0
    endloop
  endfacet
  facet normal 0.321348 -0.946961 0
    outer loop
      vertex 48.23 140.263 0.75
      vertex 49.0227 140.532 11.25
      vertex 48.23 140.263 11.25
    endloop
  endfacet
  facet normal 0.321348 -0.946961 0
    outer loop
      vertex 49.0227 140.532 11.25
      vertex 48.23 140.263 0.75
      vertex 49.0227 140.532 0.75
    endloop
  endfacet
  facet normal 0.229218 -0.674533 0.701758
    outer loop
      vertex 48.8207 141.244 12
      vertex 47.9467 140.947 12
      vertex 48.23 140.263 11.25
    endloop
  endfacet
  facet normal 0.197281 -0.683907 0.70239
    outer loop
      vertex 48.8207 141.244 12
      vertex 49.0227 140.532 11.25
      vertex 48.8311 141.247 12
    endloop
  endfacet
  facet normal 0.228877 -0.674464 0.701935
    outer loop
      vertex 49.0227 140.532 11.25
      vertex 48.8207 141.244 12
      vertex 48.23 140.263 11.25
    endloop
  endfacet
  facet normal 0.229013 -0.674865 -0.701506
    outer loop
      vertex 48.23 140.263 0.75
      vertex 47.9571 140.95 0
      vertex 49.0227 140.532 0.75
    endloop
  endfacet
  facet normal 0.197856 -0.685902 -0.70028
    outer loop
      vertex 47.9571 140.95 0
      vertex 48.23 140.263 0.75
      vertex 47.9467 140.947 0
    endloop
  endfacet
  facet normal 0.229241 -0.674602 -0.701684
    outer loop
      vertex 49.0227 140.532 0.75
      vertex 47.9571 140.95 0
      vertex 48.8311 141.247 0
    endloop
  endfacet
  facet normal 0.195863 -0.980631 0
    outer loop
      vertex 49.0227 140.532 0.75
      vertex 49.8438 140.696 11.25
      vertex 49.0227 140.532 11.25
    endloop
  endfacet
  facet normal 0.195863 -0.980631 0
    outer loop
      vertex 49.8438 140.696 11.25
      vertex 49.0227 140.532 0.75
      vertex 49.8438 140.696 0.75
    endloop
  endfacet
  facet normal 0.138943 -0.698804 0.701689
    outer loop
      vertex 49.7364 141.427 12
      vertex 48.8311 141.247 12
      vertex 49.0227 140.532 11.25
    endloop
  endfacet
  facet normal 0.129762 -0.700713 0.701543
    outer loop
      vertex 49.7364 141.427 12
      vertex 49.8438 140.696 11.25
      vertex 49.7472 141.429 12
    endloop
  endfacet
  facet normal 0.13962 -0.699037 0.701322
    outer loop
      vertex 49.8438 140.696 11.25
      vertex 49.7364 141.427 12
      vertex 49.0227 140.532 11.25
    endloop
  endfacet
  facet normal 0.13956 -0.698736 -0.701635
    outer loop
      vertex 49.0227 140.532 0.75
      vertex 48.8419 141.249 0
      vertex 49.8438 140.696 0.75
    endloop
  endfacet
  facet normal 0.129796 -0.7009 -0.70135
    outer loop
      vertex 48.8419 141.249 0
      vertex 49.0227 140.532 0.75
      vertex 48.8311 141.247 0
    endloop
  endfacet
  facet normal 0.139023 -0.699211 -0.701268
    outer loop
      vertex 49.8438 140.696 0.75
      vertex 48.8419 141.249 0
      vertex 49.7472 141.429 0
    endloop
  endfacet
  facet normal 0.0645128 -0.997917 0
    outer loop
      vertex 49.8438 140.696 0.75
      vertex 50.6791 140.75 11.25
      vertex 49.8438 140.696 11.25
    endloop
  endfacet
  facet normal 0.0645128 -0.997917 0
    outer loop
      vertex 50.6791 140.75 11.25
      vertex 49.8438 140.696 0.75
      vertex 50.6791 140.75 0.75
    endloop
  endfacet
  facet normal 0.0471182 -0.711331 0.701276
    outer loop
      vertex 50.6681 141.49 12
      vertex 49.7472 141.429 12
      vertex 49.8438 140.696 11.25
    endloop
  endfacet
  facet normal 0.045948 -0.710748 0.701945
    outer loop
      vertex 50.6791 140.75 11.25
      vertex 50.6681 141.49 12
      vertex 49.8438 140.696 11.25
    endloop
  endfacet
  facet normal 0 -0.711836 0.702345
    outer loop
      vertex 50.6681 141.49 12
      vertex 50.6791 140.75 11.25
      vertex 50.6791 141.49 12
    endloop
  endfacet
  facet normal 0.0650868 -0.709446 -0.701748
    outer loop
      vertex 49.7581 141.43 0
      vertex 49.8438 140.696 0.75
      vertex 49.7472 141.429 0
    endloop
  endfacet
  facet normal 0.0459838 -0.711301 -0.701381
    outer loop
      vertex 49.8438 140.696 0.75
      vertex 49.7581 141.43 0
      vertex 50.6791 140.75 0.75
    endloop
  endfacet
  facet normal 0.0463239 -0.711072 -0.701591
    outer loop
      vertex 50.6791 140.75 0.75
      vertex 49.7581 141.43 0
      vertex 50.6791 141.49 0
    endloop
  endfacet
  facet normal -0.0645051 -0.997917 0
    outer loop
      vertex 50.6791 140.75 0.75
      vertex 51.5145 140.696 11.25
      vertex 50.6791 140.75 11.25
    endloop
  endfacet
  facet normal -0.0645051 -0.997917 -0
    outer loop
      vertex 51.5145 140.696 11.25
      vertex 50.6791 140.75 0.75
      vertex 51.5145 140.696 0.75
    endloop
  endfacet
  facet normal -0.0463239 -0.711072 0.701591
    outer loop
      vertex 51.6001 141.43 12
      vertex 50.6791 141.49 12
      vertex 50.6791 140.75 11.25
    endloop
  endfacet
  facet normal -0.0459785 -0.711305 0.701378
    outer loop
      vertex 51.5145 140.696 11.25
      vertex 51.6001 141.43 12
      vertex 50.6791 140.75 11.25
    endloop
  endfacet
  facet normal -0.064501 -0.709511 0.701736
    outer loop
      vertex 51.6001 141.43 12
      vertex 51.5145 140.696 11.25
      vertex 51.6111 141.429 12
    endloop
  endfacet
  facet normal -0 -0.711836 -0.702345
    outer loop
      vertex 50.6901 141.49 0
      vertex 50.6791 140.75 0.75
      vertex 50.6791 141.49 0
    endloop
  endfacet
  facet normal -0.0459425 -0.710748 -0.701945
    outer loop
      vertex 50.6791 140.75 0.75
      vertex 50.6901 141.49 0
      vertex 51.5145 140.696 0.75
    endloop
  endfacet
  facet normal -0.0471132 -0.711331 -0.701276
    outer loop
      vertex 51.5145 140.696 0.75
      vertex 50.6901 141.49 0
      vertex 51.6111 141.429 0
    endloop
  endfacet
  facet normal -0.195386 -0.980725 0.00156524
    outer loop
      vertex 51.5145 140.696 11.25
      vertex 52.3356 140.532 10.9898
      vertex 52.0315 140.593 11.25
    endloop
  endfacet
  facet normal -0.195863 -0.980631 1.19207e-18
    outer loop
      vertex 51.5145 140.696 11.25
      vertex 52.3356 140.532 1.01018
      vertex 52.3356 140.532 10.9898
    endloop
  endfacet
  facet normal -0.195863 -0.980631 0
    outer loop
      vertex 51.5145 140.696 0.75
      vertex 52.3356 140.532 1.01018
      vertex 51.5145 140.696 11.25
    endloop
  endfacet
  facet normal -0.195386 -0.980725 -0.00156536
    outer loop
      vertex 52.3356 140.532 1.01018
      vertex 51.5145 140.696 0.75
      vertex 52.0315 140.593 0.75
    endloop
  endfacet
  facet normal -0.138131 -0.699187 0.701468
    outer loop
      vertex 51.6111 141.429 12
      vertex 51.9288 140.925 11.5602
      vertex 51.7832 141.395 12
    endloop
  endfacet
  facet normal -0.138549 -0.699289 0.701284
    outer loop
      vertex 51.9288 140.925 11.5602
      vertex 51.6111 141.429 12
      vertex 51.5145 140.696 11.25
    endloop
  endfacet
  facet normal -0.139202 -0.698712 0.701729
    outer loop
      vertex 51.9288 140.925 11.5602
      vertex 51.5145 140.696 11.25
      vertex 52.0315 140.593 11.25
    endloop
  endfacet
  facet normal -0.139267 -0.699039 -0.701391
    outer loop
      vertex 51.5145 140.696 0.75
      vertex 51.8693 141.117 0.259963
      vertex 52.0315 140.593 0.75
    endloop
  endfacet
  facet normal -0.138871 -0.699236 -0.701273
    outer loop
      vertex 51.6111 141.429 0
      vertex 51.8693 141.117 0.259963
      vertex 51.5145 140.696 0.75
    endloop
  endfacet
  facet normal -0.128805 -0.695545 -0.706842
    outer loop
      vertex 51.8693 141.117 0.259963
      vertex 51.6111 141.429 0
      vertex 51.6219 141.427 0
    endloop
  endfacet
  facet normal -0.138671 -0.698989 -0.701559
    outer loop
      vertex 51.8693 141.117 0.259963
      vertex 51.6219 141.427 0
      vertex 51.7832 141.395 0
    endloop
  endfacet
  facet normal -0.322674 -0.94651 -9.50102e-20
    outer loop
      vertex 52.3356 140.532 10.9898
      vertex 52.3884 140.514 1.06065
      vertex 52.3884 140.514 10.9393
    endloop
  endfacet
  facet normal -0.322674 -0.94651 -9.4049e-20
    outer loop
      vertex 52.3884 140.514 1.06065
      vertex 52.3356 140.532 10.9898
      vertex 52.3356 140.532 1.01018
    endloop
  endfacet
  facet normal -0.947425 -0.319979 2.29913e-21
    outer loop
      vertex 56.861 136.007 1.01018
      vertex 56.8431 136.06 10.9393
      vertex 56.8431 136.06 1.06065
    endloop
  endfacet
  facet normal -0.947425 -0.319979 2.27586e-21
    outer loop
      vertex 56.8431 136.06 10.9393
      vertex 56.861 136.007 1.01018
      vertex 56.861 136.007 10.9898
    endloop
  endfacet
  facet normal -0.980763 -0.195204 2.26027e-05
    outer loop
      vertex 57.0244 135.186 0.75
      vertex 56.861 136.007 1.01018
      vertex 56.9215 135.703 0.75
    endloop
  endfacet
  facet normal -0.980764 -0.195197 0
    outer loop
      vertex 56.861 136.007 1.01018
      vertex 57.0244 135.186 0.75
      vertex 56.861 136.007 10.9898
    endloop
  endfacet
  facet normal -0.980764 -0.195197 -0
    outer loop
      vertex 57.0244 135.186 11.25
      vertex 56.861 136.007 10.9898
      vertex 57.0244 135.186 0.75
    endloop
  endfacet
  facet normal -0.980763 -0.195204 -2.2601e-05
    outer loop
      vertex 56.861 136.007 10.9898
      vertex 57.0244 135.186 11.25
      vertex 56.9215 135.703 11.25
    endloop
  endfacet
  facet normal -0.698925 -0.139351 0.701488
    outer loop
      vertex 57.7239 135.454 12
      vertex 57.4458 135.54 11.74
      vertex 57.756 135.293 12
    endloop
  endfacet
  facet normal -0.699085 -0.139817 0.701236
    outer loop
      vertex 57.4458 135.54 11.74
      vertex 57.7582 135.282 12
      vertex 57.756 135.293 12
    endloop
  endfacet
  facet normal -0.698861 -0.139196 0.701583
    outer loop
      vertex 57.4458 135.54 11.74
      vertex 57.0244 135.186 11.25
      vertex 57.7582 135.282 12
    endloop
  endfacet
  facet normal -0.698906 -0.139105 0.701556
    outer loop
      vertex 57.0244 135.186 11.25
      vertex 57.4458 135.54 11.74
      vertex 56.9215 135.703 11.25
    endloop
  endfacet
  facet normal -0.698854 -0.139095 -0.701609
    outer loop
      vertex 57.0244 135.186 0.75
      vertex 56.9215 135.703 0.75
      vertex 57.2534 135.6 0.439823
    endloop
  endfacet
  facet normal -0.698962 -0.139386 -0.701444
    outer loop
      vertex 57.7582 135.282 0
      vertex 57.2534 135.6 0.439823
      vertex 57.7239 135.454 0
    endloop
  endfacet
  facet normal -0.698883 -0.139063 -0.701587
    outer loop
      vertex 57.2534 135.6 0.439823
      vertex 57.7582 135.282 0
      vertex 57.0244 135.186 0.75
    endloop
  endfacet
  facet normal -0.997866 -0.065291 -2.53433e-19
    outer loop
      vertex 57.0791 134.35 0.75
      vertex 57.0244 135.186 11.25
      vertex 57.0244 135.186 0.75
    endloop
  endfacet
  facet normal -0.997866 -0.065291 -2.53433e-19
    outer loop
      vertex 57.0244 135.186 11.25
      vertex 57.0791 134.35 0.75
      vertex 57.0791 134.35 11.25
    endloop
  endfacet
  facet normal -0.711024 -0.0465524 0.701625
    outer loop
      vertex 57.7582 135.282 12
      vertex 57.0244 135.186 11.25
      vertex 57.8185 134.361 12
    endloop
  endfacet
  facet normal -0.711009 -0.0465218 0.701642
    outer loop
      vertex 57.0791 134.35 11.25
      vertex 57.8185 134.361 12
      vertex 57.0244 135.186 11.25
    endloop
  endfacet
  facet normal -0.71079 -0.0516938 0.701502
    outer loop
      vertex 57.8185 134.361 12
      vertex 57.0791 134.35 11.25
      vertex 57.8193 134.35 12
    endloop
  endfacet
  facet normal -0.71115 -0.045255 -0.701582
    outer loop
      vertex 57.7589 135.271 0
      vertex 57.0244 135.186 0.75
      vertex 57.7582 135.282 0
    endloop
  endfacet
  facet normal -0.711036 -0.0465236 -0.701614
    outer loop
      vertex 57.0244 135.186 0.75
      vertex 57.7589 135.271 0
      vertex 57.0791 134.35 0.75
    endloop
  endfacet
  facet normal -0.710967 -0.0466259 -0.701677
    outer loop
      vertex 57.8193 134.35 0
      vertex 57.0791 134.35 0.75
      vertex 57.7589 135.271 0
    endloop
  endfacet
  facet normal -0.997861 0.0653689 -1.37665e-19
    outer loop
      vertex 57.0244 133.515 0.75
      vertex 57.0791 134.35 11.25
      vertex 57.0791 134.35 0.75
    endloop
  endfacet
  facet normal -0.997861 0.0653689 -1.37665e-19
    outer loop
      vertex 57.0791 134.35 11.25
      vertex 57.0244 133.515 0.75
      vertex 57.0244 133.515 11.25
    endloop
  endfacet
  facet normal -0.710967 0.0466259 0.701677
    outer loop
      vertex 57.8193 134.35 12
      vertex 57.0791 134.35 11.25
      vertex 57.7589 133.429 12
    endloop
  endfacet
  facet normal -0.711 0.0465769 0.701647
    outer loop
      vertex 57.0244 133.515 11.25
      vertex 57.7589 133.429 12
      vertex 57.0791 134.35 11.25
    endloop
  endfacet
  facet normal -0.71112 0.0452531 0.701613
    outer loop
      vertex 57.7589 133.429 12
      vertex 57.0244 133.515 11.25
      vertex 57.7582 133.418 12
    endloop
  endfacet
  facet normal -0.71079 0.0516938 -0.701502
    outer loop
      vertex 57.8185 134.339 0
      vertex 57.0791 134.35 0.75
      vertex 57.8193 134.35 0
    endloop
  endfacet
  facet normal -0.711007 0.0465773 -0.701641
    outer loop
      vertex 57.0791 134.35 0.75
      vertex 57.8185 134.339 0
      vertex 57.0244 133.515 0.75
    endloop
  endfacet
  facet normal -0.710993 0.0465504 -0.701656
    outer loop
      vertex 57.7582 133.418 0
      vertex 57.0244 133.515 0.75
      vertex 57.8185 134.339 0
    endloop
  endfacet
  facet normal -0.980764 0.195197 3.5155e-19
    outer loop
      vertex 56.861 132.694 0.75
      vertex 57.0244 133.515 11.25
      vertex 57.0244 133.515 0.75
    endloop
  endfacet
  facet normal -0.980764 0.195197 3.5155e-19
    outer loop
      vertex 57.0244 133.515 11.25
      vertex 56.861 132.694 0.75
      vertex 56.861 132.694 11.25
    endloop
  endfacet
  facet normal -0.698789 0.139063 0.701681
    outer loop
      vertex 57.7582 133.418 12
      vertex 57.0244 133.515 11.25
      vertex 57.5781 132.513 12
    endloop
  endfacet
  facet normal -0.698778 0.139075 0.701689
    outer loop
      vertex 56.861 132.694 11.25
      vertex 57.5781 132.513 12
      vertex 57.0244 133.515 11.25
    endloop
  endfacet
  facet normal -0.699992 0.133635 0.701536
    outer loop
      vertex 57.5781 132.513 12
      vertex 56.861 132.694 11.25
      vertex 57.576 132.502 12
    endloop
  endfacet
  facet normal -0.696369 0.153201 -0.701142
    outer loop
      vertex 57.756 133.408 0
      vertex 57.0244 133.515 0.75
      vertex 57.7582 133.418 0
    endloop
  endfacet
  facet normal -0.698882 0.139095 -0.701581
    outer loop
      vertex 57.0244 133.515 0.75
      vertex 57.756 133.408 0
      vertex 56.861 132.694 0.75
    endloop
  endfacet
  facet normal -0.698792 0.138833 -0.701723
    outer loop
      vertex 57.576 132.502 0
      vertex 56.861 132.694 0.75
      vertex 57.756 133.408 0
    endloop
  endfacet
  facet normal -0.946998 0.321239 2.83612e-19
    outer loop
      vertex 56.592 131.901 0.75
      vertex 56.861 132.694 11.25
      vertex 56.861 132.694 0.75
    endloop
  endfacet
  facet normal -0.946998 0.321239 2.83612e-19
    outer loop
      vertex 56.861 132.694 11.25
      vertex 56.592 131.901 0.75
      vertex 56.592 131.901 11.25
    endloop
  endfacet
  facet normal -0.674608 0.229012 0.701753
    outer loop
      vertex 57.576 132.502 12
      vertex 56.861 132.694 11.25
      vertex 57.2793 131.628 12
    endloop
  endfacet
  facet normal -0.674751 0.228888 0.701657
    outer loop
      vertex 56.592 131.901 11.25
      vertex 57.2793 131.628 12
      vertex 56.861 132.694 11.25
    endloop
  endfacet
  facet normal -0.672366 0.235328 0.701815
    outer loop
      vertex 57.2793 131.628 12
      vertex 56.592 131.901 11.25
      vertex 57.2758 131.618 12
    endloop
  endfacet
  facet normal -0.670755 0.241472 -0.70127
    outer loop
      vertex 57.5724 132.492 0
      vertex 56.861 132.694 0.75
      vertex 57.576 132.502 0
    endloop
  endfacet
  facet normal -0.674744 0.228885 -0.701664
    outer loop
      vertex 56.861 132.694 0.75
      vertex 57.5724 132.492 0
      vertex 56.592 131.901 0.75
    endloop
  endfacet
  facet normal -0.674765 0.228988 -0.70161
    outer loop
      vertex 57.2758 131.618 0
      vertex 56.592 131.901 0.75
      vertex 57.5724 132.492 0
    endloop
  endfacet
  facet normal -0.896897 0.442239 -2.25054e-19
    outer loop
      vertex 56.2217 131.15 0.75
      vertex 56.592 131.901 11.25
      vertex 56.592 131.901 0.75
    endloop
  endfacet
  facet normal -0.896897 0.442239 -2.25054e-19
    outer loop
      vertex 56.592 131.901 11.25
      vertex 56.2217 131.15 0.75
      vertex 56.2217 131.15 11.25
    endloop
  endfacet
  facet normal -0.639094 0.315147 0.701599
    outer loop
      vertex 57.2758 131.618 12
      vertex 56.592 131.901 11.25
      vertex 56.8675 130.79 12
    endloop
  endfacet
  facet normal -0.639116 0.315133 0.701585
    outer loop
      vertex 56.2217 131.15 11.25
      vertex 56.8675 130.79 12
      vertex 56.592 131.901 11.25
    endloop
  endfacet
  facet normal -0.642599 0.308447 0.701375
    outer loop
      vertex 56.8675 130.79 12
      vertex 56.2217 131.15 11.25
      vertex 56.8627 130.78 12
    endloop
  endfacet
  facet normal -0.639832 0.313518 -0.701657
    outer loop
      vertex 57.2709 131.608 0
      vertex 56.592 131.901 0.75
      vertex 57.2758 131.618 0
    endloop
  endfacet
  facet normal -0.639092 0.315121 -0.701613
    outer loop
      vertex 56.592 131.901 0.75
      vertex 57.2709 131.608 0
      vertex 56.2217 131.15 0.75
    endloop
  endfacet
  facet normal -0.639088 0.315067 -0.70164
    outer loop
      vertex 56.8627 130.78 0
      vertex 56.2217 131.15 0.75
      vertex 57.2709 131.608 0
    endloop
  endfacet
  facet normal -0.831443 0.55561 -2.51637e-18
    outer loop
      vertex 55.7566 130.454 0.75
      vertex 56.2217 131.15 11.25
      vertex 56.2217 131.15 0.75
    endloop
  endfacet
  facet normal -0.831443 0.55561 -2.51637e-18
    outer loop
      vertex 56.2217 131.15 11.25
      vertex 55.7566 130.454 0.75
      vertex 55.7566 130.454 11.25
    endloop
  endfacet
  facet normal -0.592345 0.396029 0.701632
    outer loop
      vertex 56.8627 130.78 12
      vertex 56.2217 131.15 11.25
      vertex 56.3499 130.013 12
    endloop
  endfacet
  facet normal -0.592515 0.395947 0.701536
    outer loop
      vertex 55.7566 130.454 11.25
      vertex 56.3499 130.013 12
      vertex 56.2217 131.15 11.25
    endloop
  endfacet
  facet normal -0.589816 0.399764 0.701645
    outer loop
      vertex 56.3499 130.013 12
      vertex 55.7566 130.454 11.25
      vertex 56.3438 130.004 12
    endloop
  endfacet
  facet normal -0.587074 0.404429 -0.701271
    outer loop
      vertex 56.8565 130.771 0
      vertex 56.2217 131.15 0.75
      vertex 56.8627 130.78 0
    endloop
  endfacet
  facet normal -0.592493 0.395931 -0.701563
    outer loop
      vertex 56.2217 131.15 0.75
      vertex 56.8565 130.771 0
      vertex 55.7566 130.454 0.75
    endloop
  endfacet
  facet normal -0.592486 0.396046 -0.701504
    outer loop
      vertex 56.3438 130.004 0
      vertex 55.7566 130.454 0.75
      vertex 56.8565 130.771 0
    endloop
  endfacet
  facet normal -0.751614 0.659604 -7.27976e-19
    outer loop
      vertex 55.2046 129.825 0.75
      vertex 55.7566 130.454 11.25
      vertex 55.7566 130.454 0.75
    endloop
  endfacet
  facet normal -0.751614 0.659604 -7.27976e-19
    outer loop
      vertex 55.7566 130.454 11.25
      vertex 55.2046 129.825 0.75
      vertex 55.2046 129.825 11.25
    endloop
  endfacet
  facet normal -0.535843 0.469905 0.701472
    outer loop
      vertex 55.7566 130.454 11.25
      vertex 55.7352 129.31 12
      vertex 56.3438 130.004 12
    endloop
  endfacet
  facet normal -0.53556 0.469999 0.701624
    outer loop
      vertex 55.2046 129.825 11.25
      vertex 55.7352 129.31 12
      vertex 55.7566 130.454 11.25
    endloop
  endfacet
  facet normal -0.557317 0.445854 0.700437
    outer loop
      vertex 55.7352 129.31 12
      vertex 55.2046 129.825 11.25
      vertex 55.728 129.301 12
    endloop
  endfacet
  facet normal -0.553019 0.44856 -0.702113
    outer loop
      vertex 56.3365 129.995 0
      vertex 55.7566 130.454 0.75
      vertex 56.3438 130.004 0
    endloop
  endfacet
  facet normal -0.535519 0.469962 -0.70168
    outer loop
      vertex 55.7566 130.454 0.75
      vertex 56.3365 129.995 0
      vertex 55.2046 129.825 0.75
    endloop
  endfacet
  facet normal -0.535588 0.469605 -0.701866
    outer loop
      vertex 55.728 129.301 0
      vertex 55.2046 129.825 0.75
      vertex 56.3365 129.995 0
    endloop
  endfacet
  facet normal -0.702074 0.712104 8.94138e-20
    outer loop
      vertex 62.1347 139.851 1.04066
      vertex 62.1418 139.858 4.56166
      vertex 62.1418 139.858 1.05065
    endloop
  endfacet
  facet normal -0.702074 0.712104 0
    outer loop
      vertex 62.1418 139.858 4.56166
      vertex 62.1347 139.851 1.04066
      vertex 62.1418 139.858 9.10999
    endloop
  endfacet
  facet normal -0.702074 0.712104 0
    outer loop
      vertex 62.1418 139.858 9.10999
      vertex 62.1347 139.851 1.04066
      vertex 62.1418 139.858 10.0173
    endloop
  endfacet
  facet normal -0.702074 0.712104 0
    outer loop
      vertex 62.1347 139.851 10.9593
      vertex 62.1418 139.858 10.0173
      vertex 62.1347 139.851 1.04066
    endloop
  endfacet
  facet normal -0.702074 0.712104 0
    outer loop
      vertex 62.1418 139.858 10.0173
      vertex 62.1347 139.851 10.9593
      vertex 62.1418 139.858 10.9493
    endloop
  endfacet
  facet normal 0.707107 -0.707107 6.01479e-20
    outer loop
      vertex 56.18 145.806 10.9593
      vertex 56.187 145.813 9.10999
      vertex 56.187 145.813 10.9493
    endloop
  endfacet
  facet normal 0.707107 -0.707107 5.70217e-20
    outer loop
      vertex 56.18 145.806 10.9593
      vertex 56.187 145.813 7.16984
      vertex 56.187 145.813 9.10999
    endloop
  endfacet
  facet normal 0.707107 -0.707107 0
    outer loop
      vertex 56.18 145.806 1.04066
      vertex 56.187 145.813 7.16984
      vertex 56.18 145.806 10.9593
    endloop
  endfacet
  facet normal 0.707107 -0.707107 0
    outer loop
      vertex 56.187 145.813 7.16984
      vertex 56.18 145.806 1.04066
      vertex 56.187 145.813 1.05065
    endloop
  endfacet
  facet normal 0 1 0
    outer loop
      vertex 62.1347 139.851 10.9593
      vertex 60.6347 139.851 10.9393
      vertex 61.3953 139.851 11.4822
    endloop
  endfacet
  facet normal 0 1 0
    outer loop
      vertex 62.1347 139.851 10.9593
      vertex 60.6347 139.851 1.06065
      vertex 60.6347 139.851 10.9393
    endloop
  endfacet
  facet normal 0 1 -0
    outer loop
      vertex 62.1347 139.851 1.04066
      vertex 60.6347 139.851 1.06065
      vertex 62.1347 139.851 10.9593
    endloop
  endfacet
  facet normal 0 1 0
    outer loop
      vertex 60.6347 139.851 1.06065
      vertex 62.1347 139.851 1.04066
      vertex 61.3953 139.851 0.517789
    endloop
  endfacet
  facet normal 1 0 0
    outer loop
      vertex 56.18 144.306 10.9393
      vertex 56.18 145.806 10.9593
      vertex 56.18 145.066 11.4822
    endloop
  endfacet
  facet normal 1 0 0
    outer loop
      vertex 56.18 145.806 10.9593
      vertex 56.18 144.306 10.9393
      vertex 56.18 145.806 1.04066
    endloop
  endfacet
  facet normal 1 -0 0
    outer loop
      vertex 56.18 144.306 1.06065
      vertex 56.18 145.806 1.04066
      vertex 56.18 144.306 10.9393
    endloop
  endfacet
  facet normal 1 0 0
    outer loop
      vertex 56.18 145.806 1.04066
      vertex 56.18 144.306 1.06065
      vertex 56.18 145.066 0.517789
    endloop
  endfacet
endsolid OpenSCAD_Model
